players_id,year_id,avg_velocity,spin_rate,pitch_count,strike_rate
abadfe01,2017,84.72265625,2153.9401041666665,827,0.2781136638452237
abadfe01,2019,86.72456140350877,2170.1929824561403,174,0.3563218390804598
abadfe01,2021,84.79171428571428,2181.5885714285714,386,0.24611398963730569
abadfe01,2023,87.43791666666667,2154.326359832636,264,0.23484848484848486
abbotan01,2023,88.08728024819028,2356.1593977154726,1934,0.26215098241985524
abbotco01,2021,89.93011363636364,2306.2792022792023,360,0.18888888888888888
abbotco01,2022,88.51775147928994,2229.0975029726515,866,0.23672055427251731
abbotco01,2023,88.08928104575162,2312.708496732026,765,0.269281045751634
abreual01,2020,91.11162790697674,2056.1162790697676,80,0.3
abreual01,2021,92.59528432732318,2119.0638002773926,721,0.26768377253814146
abreual01,2022,94.3977690288714,2185.514435695538,773,0.2820181112548512
abreual01,2023,93.26421780466725,2129.7294727744165,1171,0.2749786507258753
abreubr01,2019,89.0005882352941,2606.6176470588234,201,0.31343283582089554
abreubr01,2020,87.88019801980198,2428.2871287128714,173,0.3352601156069364
abreubr01,2021,91.50758807588076,2428.107046070461,792,0.26515151515151514
abreubr01,2022,91.95625498007969,2602.2633679169994,1273,0.3110761979575805
abreubr01,2023,91.72786647314949,2689.052478134111,1398,0.3333333333333333
acevedo01,2021,89.18181818181819,2053.8888888888887,210,0.24285714285714285
acevedo01,2022,89.36985074626867,2064.339303482587,1043,0.2722914669223394
acevedo01,2023,88.41822660098521,2023.681592039801,252,0.23412698412698413
actonga01,2023,92.02733333333333,2376.88,189,0.31216931216931215
adamja01,2018,88.52626970227671,2505.1142355008787,571,0.23467600700525393
adamja01,2019,89.40432692307692,2480.824519230769,481,0.2785862785862786
adamja01,2020,89.81846153846155,2628.298387096774,342,0.3304093567251462
adamja01,2021,88.94362139917695,2552.688796680498,298,0.28523489932885904
adamja01,2022,88.47179226069248,2471.661914460285,1010,0.3405940594059406
adamja01,2023,88.01659436008677,2515.0,922,0.3199566160520607
adamsau01,2019,92.14063492063492,2263.908396946565,351,0.2564102564102564
adamsau02,2017,91.90381679389313,2491.254098360656,188,0.34574468085106386
adamsau02,2018,92.21666666666665,2576.2727272727275,86,0.3953488372093023
adamsau02,2019,91.46811320754716,2736.0705645161293,584,0.3493150684931507
adamsau02,2020,87.73027522935779,2745.472222222222,109,0.3669724770642202
adamsau02,2021,87.83991683991684,2801.652445369407,972,0.3292181069958848
adamsau02,2022,87.54791666666665,2713.2083333333335,92,0.34782608695652173
adamsau02,2023,88.67209944751382,2900.1357340720224,362,0.281767955801105
adamsch01,2018,89.09084967320261,2453.046357615894,196,0.1683673469387755
adamsch01,2019,87.68747591522158,2556.586345381526,541,0.21626617375231053
adamsch01,2020,85.34080459770115,2520.751633986928,208,0.25961538461538464
adcocty01,2023,90.92608695652173,2114.169082125604,230,0.23478260869565218
adlemti01,2017,86.40859750240155,2064.9466346153845,2254,0.25332741792369123
adonjo01,2021,89.86635514018691,2164.9158878504672,114,0.2894736842105263
adonjo01,2022,90.71549079754601,2182.318040435459,1329,0.23927765237020315
adonjo01,2023,89.83832271762209,2217.6815286624205,945,0.24338624338624337
adriaeh01,2019,68.48095238095239,1772.0,21,0.23809523809523808
adriaeh01,2020,69.10555555555555,1695.9444444444443,18,0.16666666666666666
adriaeh01,2022,60.699999999999996,1495.5833333333333,12,0.25
agrazda01,2019,88.81749347258484,2180.0662020905925,1181,0.2514817950889077
aguilmi01,2021,88.3304964539007,2243.2302158273383,155,0.23870967741935484
akinke01,2020,87.3568,2340.016,575,0.3026086956521739
akinke01,2021,87.8968525676422,2240.249309010503,1898,0.25922023182297155
akinke01,2022,89.24637568199533,2177.2462977396726,1333,0.291072768192048
akinke01,2023,90.43495575221239,2229.49889135255,501,0.3093812375249501
alanirj01,2019,89.77528517110267,2194.6360153256705,275,0.20363636363636364
alanirj01,2021,89.07042253521126,2047.338028169014,113,0.2920353982300885
alberan01,2017,83.84716459197787,2016.937321937322,723,0.2641770401106501
alberan01,2021,84.14416873449133,2054.982630272953,436,0.24311926605504589
alberha01,2019,70.94999999999999,1452.6,20,0.1
alberha01,2021,64.85,1323.0,2,0.0
alberha01,2022,64.73421052631579,1493.3815789473683,152,0.125
alberha01,2023,63.169696969696965,1543.090909090909,33,0.06060606060606061
alberma01,2017,90.99879518072288,2109.6370967741937,1078,0.2690166975881262
alberma01,2018,89.10847953216374,2042.4073529411764,743,0.24764468371467024
alberma01,2019,88.64770554493307,2094.6065573770493,1084,0.283210332103321
albural01,2017,90.37116788321168,2345.9598540145985,412,0.3300970873786408
alcaljo01,2019,91.22758620689656,2342.310344827586,29,0.3103448275862069
alcaljo01,2020,92.47558685446009,2404.872641509434,466,0.27896995708154504
alcaljo01,2021,93.08783482142859,2367.0691964285716,967,0.29162357807652534
alcaljo01,2022,90.00116279069768,2332.313953488372,86,0.22093023255813954
alcaljo01,2023,90.8593607305936,2368.7442396313363,456,0.3048245614035088
alcanra01,2017,91.75120593692023,1988.8861940298507,651,0.21658986175115208
alcansa01,2017,94.50193548387098,2311.6013071895427,220,0.32272727272727275
alcansa01,2018,91.78395061728395,2231.479427549195,686,0.2755102040816326
alcansa01,2019,91.50563106796118,2346.9537843268586,3241,0.25887071891391544
alcansa01,2020,93.04646153846153,2333.266253869969,1046,0.2447418738049713
alcansa01,2021,94.10921861281827,2241.163593795727,3417,0.276558384547849
alcansa01,2022,94.41612708018154,2217.4138872043663,3335,0.27256371814092956
alcansa01,2023,94.11497005988025,2222.63293370945,2910,0.27491408934707906
alcanse01,2021,87.15,2285.0,4,0.0
alcanvi01,2017,90.7723880597015,2036.0373134328358,156,0.24358974358974358
alcanvi01,2018,92.37906458797326,2011.4075723830736,502,0.2450199203187251
alcanvi01,2019,92.12471264367817,2018.5387931034484,775,0.24903225806451612
alexaja01,2022,88.10215517241379,2132.257981018119,1181,0.25656223539373413
alexaty01,2019,87.27047930283223,2224.1128848346634,928,0.23706896551724138
alexaty01,2020,87.01028481012658,2122.0015873015873,675,0.25333333333333335
alexaty01,2021,86.84049450549452,2115.3579295154186,1820,0.2510989010989011
alexaty01,2022,86.1316009557945,2134.806060606061,1696,0.2358490566037736
alexaty01,2023,86.27294797687863,2174.3317919075143,865,0.27976878612716766
alexyaj01,2021,88.17004716981134,2137.2735849056603,442,0.22171945701357465
alexyaj01,2022,89.42085561497326,2198.51871657754,200,0.24
allarko01,2018,84.87826086956521,1812.0807453416148,183,0.16393442622950818
allarko01,2019,88.40227001194742,2041.868578255675,896,0.24888392857142858
allarko01,2020,87.46994382022473,2128.7819971870604,752,0.26861702127659576
allarko01,2021,87.20810162991371,2031.410465674508,2167,0.25980618366405167
allarko01,2022,87.29567901234567,2019.2932098765432,351,0.301994301994302
allarko01,2023,84.4079831932773,2010.9411764705883,251,0.28286852589641437
alldrca01,2022,83.21875,2174.3125,25,0.32
allenco01,2017,89.78739365815932,2555.9497293116783,1377,0.28903413217138707
allenco01,2018,89.51406779661016,2495.9830364715863,1286,0.2931570762052877
allenco01,2019,87.70094517958412,2493.5992438563326,610,0.26229508196721313
allenlo01,2019,87.13541202672606,1941.344262295082,532,0.24060150375939848
allenlo01,2020,87.00651340996167,2135.1570881226053,302,0.24834437086092714
allenlo01,2021,86.26842105263158,2147.7537227949597,972,0.25205761316872427
allenlo01,2022,85.63811659192827,2116.7578475336322,271,0.2952029520295203
allenlo02,2023,86.09756326148079,1919.924092409241,2168,0.2587638376383764
allgeni01,2021,89.27368421052631,2256.157894736842,57,0.2807017543859649
almonmi01,2017,90.876,2395.08,145,0.20689655172413793
almonmi01,2018,88.66567164179105,2405.4402985074626,188,0.31382978723404253
almonye01,2018,91.87834101382488,2278.5503512880564,469,0.2537313432835821
almonye01,2019,91.51451612903226,2228.55608974359,699,0.21745350500715308
almonye01,2020,89.28714859437751,2176.1967871485945,519,0.28901734104046245
almonye01,2021,89.15866228070176,2155.1265126512653,940,0.2670212765957447
almonye01,2022,89.74510556621883,2280.769230769231,552,0.3442028985507246
almonye01,2023,88.96203143893591,2353.307028360049,851,0.2925969447708578
almoral01,2021,67.025,1591.5,28,0.17857142857142858
altavda01,2017,93.45641025641025,2490.544117647059,914,0.2833698030634573
altavda01,2018,91.90185185185186,2545.3333333333335,445,0.32134831460674157
altavda01,2019,93.02964285714286,2570.15625,349,0.2607449856733524
altavda01,2020,93.5970515970516,2472.7027027027025,445,0.29213483146067415
altavda01,2021,92.30285714285715,2494.0857142857144,87,0.3448275862068966
altheaa01,2019,86.94736842105263,2255.5789473684213,19,0.42105263157894735
alvarda01,2017,85.9078125,2486.2384615384617,474,0.3143459915611814
alvarhe01,2017,88.66884615384616,1774.8214285714287,261,0.21839080459770116
alvarjo02,2017,86.83108808290156,2254.6013986013986,824,0.25849514563106796
alvarjo02,2018,87.65393474088293,2244.2477876106195,1113,0.27133872416891286
alvarjo02,2019,87.39827235772357,2263.622680412371,1076,0.2732342007434944
alvarjo02,2020,87.54214285714285,2221.95,163,0.25766871165644173
alvarjo02,2021,87.22774922918808,2002.166492146597,1018,0.28487229862475444
alvarjo02,2022,86.5003663003663,1916.8208955223881,300,0.2733333333333333
alvarjo03,2017,95.27424242424242,2200.965367965368,479,0.2860125260960334
alvarjo03,2018,94.05236258437802,2169.0,1114,0.3087971274685817
alvarjo03,2019,96.72320819112629,2249.5993091537134,599,0.2904841402337229
alvarjo03,2020,95.2734439834025,2157.427385892116,292,0.3013698630136986
alvarjo03,2021,97.93294117647058,2128.659663865546,1195,0.3104602510460251
alvarjo03,2022,97.00244343891404,2149.3864253393667,1105,0.31493212669683257
alvarjo03,2023,96.3920218579235,2140.671038251366,920,0.2891304347826087
alvarrj01,2022,88.3921568627451,2263.4901960784314,51,0.3137254901960784
alzolad01,2019,89.24222222222222,2424.5810810810813,225,0.24
alzolad01,2020,88.59741602067183,2490.259668508287,438,0.2694063926940639
alzolad01,2021,89.79652742828384,2364.696878147029,2038,0.2806673209028459
alzolad01,2022,90.54766839378239,2413.8238341968913,193,0.3005181347150259
alzolad01,2023,90.77577962577963,2428.2243386243385,1023,0.30009775171065495
anderbr04,2017,85.7889101338432,1985.7007648183555,1126,0.24866785079928952
anderbr04,2018,85.98654970760234,1974.5756056808689,1203,0.228595178719867
anderbr04,2019,86.83997852541158,1936.7757076316732,2836,0.2390691114245416
anderbr04,2020,85.51489361702129,2020.5531914893618,798,0.2543859649122807
anderbr04,2021,84.82238244514107,1795.3403416557162,1695,0.2383480825958702
anderch01,2017,88.42590759075907,2228.434818481848,2476,0.26696284329563813
anderch01,2018,87.24019719378082,2199.7971179370497,2723,0.25633492471538744
anderch01,2019,88.73717232488183,2234.2833190025794,2531,0.25918609245357566
anderch01,2020,86.59769938650308,2240.9493087557603,751,0.2583222370173103
anderch01,2021,86.48903985507246,2163.9464123524067,1104,0.259963768115942
anderch01,2022,87.08497409326425,2235.4214162348876,579,0.22452504317789293
anderch01,2023,88.32736696613684,2289.108823529412,1486,0.2388963660834455
anderco01,2019,89.01709844559585,2372.937823834197,241,0.25311203319502074
anderdr02,2017,86.58947368421053,2246.2,100,0.36
anderdr02,2018,87.9601809954751,2307.1363636363635,244,0.26639344262295084
anderdr02,2019,86.85,2400.5865384615386,181,0.35359116022099446
anderdr02,2020,87.91443298969072,2251.0,182,0.24175824175824176
anderdr02,2021,87.56859504132231,2201.5509641873277,400,0.2625
andergr01,2023,88.8123745819398,2270.3433835845894,612,0.27450980392156865
anderia01,2020,89.19132321041214,1946.9147540983606,962,0.29625779625779625
anderia01,2021,89.56146283916634,1887.26664040961,2658,0.2780285929270128
anderia01,2022,89.76229426433915,1785.949924887331,2084,0.2538387715930902
anderju01,2018,90.79086584205518,2334.2237903225805,1098,0.29690346083788705
anderju01,2019,89.3115221987315,2263.7434367541764,1015,0.23645320197044334
anderni01,2019,90.8712457337884,2244.4924444444446,1223,0.3409648405560098
anderni01,2020,91.20182232346241,2119.883826879271,480,0.29583333333333334
anderni01,2021,89.25619834710744,2034.3636363636363,138,0.2246376811594203
anderni01,2023,87.55551782682512,2013.2478777589133,637,0.33437990580847726
andersh01,2019,89.70499390986602,2429.504593175853,1659,0.22784810126582278
andersh01,2020,90.71746575342466,2561.582191780822,337,0.29376854599406527
andersh01,2021,89.07982261640798,2648.241685144124,491,0.2484725050916497
andersh01,2022,87.63870967741936,2419.939393939394,141,0.3049645390070922
anderta01,2018,90.25672514619883,2280.285714285714,188,0.28191489361702127
anderta01,2019,90.61777251184833,2228.2238095238095,484,0.24380165289256198
anderta01,2021,89.090625,2187.5,64,0.234375
anderty01,2017,88.1464353312303,2158.1795195954487,1709,0.26974839087185487
anderty01,2018,87.29370103415857,2228.69896519285,3219,0.27275551413482446
anderty01,2019,86.07915129151291,2282.6033210332102,588,0.2602040816326531
anderty01,2020,85.81962809917354,2218.585848074922,968,0.2892561983471074
anderty01,2021,86.26950354609929,2232.403265885694,2857,0.26601330066503326
anderty01,2022,85.65311463324733,2154.067821599705,2739,0.27856882073749545
anderty01,2023,85.2760861207228,2148.6264921062766,2614,0.25975516449885233
andrecl02,2023,88.94367816091953,2188.4597701149423,120,0.3333333333333333
andrima01,2017,87.87928870292889,2356.336592178771,1536,0.2688802083333333
andrima01,2018,88.49360594795539,2283.4300595238096,1425,0.26035087719298244
andrima01,2019,88.59362298528382,2339.064561403509,1462,0.265389876880985
andrima01,2020,87.65281954887219,2303.998106060606,582,0.2766323024054983
andrima01,2021,88.03847953216373,2328.4666666666667,913,0.2552026286966046
antonte01,2020,87.9983870967742,2675.8290322580647,663,0.33182503770739064
antonte01,2021,86.57597173144876,2846.9185840707964,618,0.3818770226537217
antonte01,2023,86.07555555555555,2593.4666666666667,90,0.34444444444444444
aokino01,2017,75.435,1948.45,20,0.1
appelma01,2022,92.16107382550335,1851.1812080536913,149,0.2483221476510067
aquinja01,2017,85.35189873417723,2155.6652173913044,335,0.3164179104477612
aranovi01,2017,88.00697674418605,2354.9882352941177,172,0.29651162790697677
aranovi01,2018,88.336460554371,2395.549040511727,998,0.2895791583166333
aranovi01,2019,88.07058823529411,2450.6567164179105,140,0.20714285714285716
aranovi01,2022,89.70717360114777,2319.0475504322767,721,0.27045769764216365
araujpe01,2018,88.48479087452472,2162.6961770623743,591,0.2910321489001692
araujpe01,2019,88.83571428571429,2192.6153846153848,94,0.425531914893617
arauzjo01,2021,39.35,1015.1666666666666,12,0.08333333333333333
archech01,2017,91.77207658321062,2324.5200513314085,3507,0.29597946963216426
archech01,2018,90.95607028753993,2283.578034682081,2623,0.2855508959207015
archech01,2019,91.13562231759657,2309.2703101920238,2208,0.3029891304347826
archech01,2021,89.15504587155964,2218.7920489296635,367,0.2970027247956403
archech01,2022,89.68824169842134,2249.2080610021785,1837,0.25367446924333154
arciafr01,2018,63.484375,1749.96875,32,0.09375
arciaor01,2020,57.07000000000001,1531.3333333333333,30,0.23333333333333334
arciaor01,2022,56.279999999999994,1461.2,10,0.1
arihako01,2021,86.525,1999.3726067746686,781,0.2560819462227913
arihako01,2022,85.55359628770302,1884.399071925754,447,0.21700223713646533
armenro01,2019,85.93693693693693,1916.9627329192547,362,0.2430939226519337
armstsh01,2017,91.45046082949308,2444.4457547169814,515,0.24854368932038834
armstsh01,2018,90.58872549019607,2684.8229166666665,274,0.28102189781021897
armstsh01,2019,91.09620141342755,2583.750445632799,1195,0.25523012552301255
armstsh01,2020,90.07114624505928,2583.3109243697477,277,0.2779783393501805
armstsh01,2021,91.22188782489742,2558.959889349931,753,0.2695883134130146
armstsh01,2022,93.83846153846154,2310.7465309898244,1103,0.2828649138712602
armstsh01,2023,92.71638141809291,2392.8239608801955,818,0.27383863080684595
arrieja01,2017,89.23822059313562,2308.0595558546433,3106,0.2730199613650998
arrieja01,2018,90.36274012323305,2287.073684210526,2800,0.2575
arrieja01,2019,89.6415602189781,2208.8273972602738,2306,0.2697311361665221
arrieja01,2020,89.71961591220851,2093.146408839779,805,0.26335403726708073
arrieja01,2021,88.61891891891892,2200.85158013544,1889,0.24986765484383272
arroybr01,2017,77.5435047951177,2118.4574934268185,1216,0.25082236842105265
arroych01,2021,76.275,1900.25,16,0.1875
arteahu01,2019,77.1608695652174,1817.7826086956522,23,0.13043478260869565
ashbyaa01,2021,89.28716216216216,2212.199324324324,629,0.3163751987281399
ashbyaa01,2022,88.72050053248137,2225.374200426439,1915,0.3138381201044386
ashcrgr01,2022,94.09026195899773,2426.8928571428573,1774,0.2277339346110485
ashcrgr01,2023,93.05718588640275,2572.8486416558862,2455,0.2725050916496945
asheral01,2017,87.70834114339269,2399.022684310019,1189,0.25988225399495374
asheral01,2018,87.1,2256.657142857143,79,0.31645569620253167
assadja01,2022,89.0863768115942,2096.3280116110304,704,0.24431818181818182
assadja01,2023,89.00988304093566,2049.188856304985,1754,0.2514253135689852
astinba01,2017,90.01013513513513,2031.5608108108108,240,0.2625
astudwi01,2018,82.28,1845.1142857142856,35,0.11428571428571428
astudwi01,2021,52.20784313725491,1356.051282051282,51,0.23529411764705882
astudwi01,2022,50.49565217391304,995.4782608695652,23,0.13043478260869565
avilaal01,2018,75.26923076923077,1847.2307692307693,13,0.15384615384615385
avilaal01,2019,73.50399999999999,1825.32,25,0.24
avilalu01,2017,86.98307508939213,2249.4546539379476,903,0.2713178294573643
avilalu01,2018,82.86783980582526,2180.5570388349515,868,0.271889400921659
avilalu01,2019,83.944,2210.846666666667,674,0.2922848664688427
avilalu01,2020,85.56477272727274,2200.6988636363635,219,0.3789954337899543
avilalu01,2021,85.63052631578948,2146.4074074074074,223,0.2600896860986547
avilape01,2019,83.73411764705881,2074.752941176471,156,0.3269230769230769
avilape01,2021,86.99404761904762,2225.25,84,0.23809523809523808
avilape01,2022,86.71714285714286,2139.5285714285715,70,0.3
avilape01,2023,87.75352112676056,2190.2502708559045,949,0.2760800842992624
axforjo01,2017,91.87086776859505,2209.3904958677685,552,0.2644927536231884
axforjo01,2018,92.74410480349346,2067.2775956284154,976,0.2776639344262295
axforjo01,2021,92.29545454545453,2111.8636363636365,22,0.18181818181818182
aybarer01,2017,69.91538461538462,1764.8461538461538,13,0.3076923076923077
bachmsa01,2023,91.40158227848102,2283.8310810810813,354,0.288135593220339
bacusda01,2020,86.65911111111109,2475.0666666666666,249,0.23694779116465864
baezmi01,2019,91.59846449136276,2136.9710982658958,521,0.2380038387715931
baezmi01,2020,91.42222222222222,2066.5555555555557,138,0.2463768115942029
baezmi01,2022,90.748,2128.28,25,0.16
baezpe01,2017,94.6182282793867,2124.7836456558775,1174,0.26916524701873934
baezpe01,2018,92.74946043165467,2074.1413141314133,1194,0.28224455611390287
baezpe01,2019,91.1632224168126,2123.279579316389,1217,0.2769104354971241
baezpe01,2020,89.85744186046512,1960.8697674418604,459,0.30501089324618735
baezpe01,2021,85.4457627118644,1768.7118644067796,59,0.23728813559322035
baezpe01,2022,85.9821917808219,1792.8450704225352,107,0.22429906542056074
baezsa01,2018,90.7025925925926,2136.463878326996,329,0.22492401215805471
baezsa01,2019,88.08,1885.6,50,0.3
bailean01,2017,88.02168674698795,2743.0,154,0.3051948051948052
bailebr01,2020,87.29072164948454,2373.4329896907216,124,0.24193548387096775
baileho02,2017,90.14685314685315,1857.7337704918032,1575,0.2361904761904762
baileho02,2018,89.36231961517905,1883.8933982683982,1952,0.23616803278688525
baileho02,2019,88.52873440285205,1802.069332355099,2926,0.26452494873547505
baileho02,2020,86.04029850746268,1784.1741293532339,231,0.2813852813852814
bakerbr01,2021,93.53529411764706,2324.470588235294,34,0.2647058823529412
bakerbr01,2022,91.68554913294797,2281.0809248554915,1224,0.28022875816993464
bakerbr01,2023,90.58122065727702,2222.792009400705,907,0.23814773980154355
balazjo02,2023,89.55076530612246,2019.9770408163265,392,0.22704081632653061
baldoal01,2021,88.37581395348835,2223.1023255813952,215,0.23255813953488372
bandaan01,2017,89.93513513513513,2121.864559819413,472,0.2902542372881356
bandaan01,2018,92.71842105263158,2082.4840425531916,238,0.21008403361344538
bandaan01,2019,89.14406779661016,1934.4237288135594,59,0.1694915254237288
bandaan01,2020,87.7820143884892,1864.3381294964029,193,0.29533678756476683
bandaan01,2021,89.22131147540983,1978.2918032786886,654,0.26146788990825687
bandaan01,2022,90.15965189873418,1952.642405063291,632,0.24841772151898733
bandaan01,2023,92.78428571428573,2068.029126213592,287,0.2961672473867596
banksta01,2022,88.87346711259755,2187.694972067039,961,0.27991675338189387
banksta01,2023,87.85795564127288,2221.4276061776063,1068,0.27247191011235955
banuema01,2019,87.45554382259768,2121.8172043010754,1101,0.2670299727520436
banuema01,2022,87.73497652582161,2136.355633802817,852,0.2605633802816901
baragca01,2020,90.78877005347593,2589.9889807162535,374,0.24064171122994651
baragca01,2021,90.83379888268156,2419.319088319088,401,0.2593516209476309
barbajo01,2017,88.7943396226415,2087.5647558386413,529,0.2741020793950851
barbajo01,2018,90.30681818181819,1983.6615384615384,206,0.2087378640776699
bardda01,2020,93.10184757505773,2639.5625,458,0.3078602620087336
bardda01,2021,92.29051918735892,2761.0075642965203,1329,0.3009781790820166
bardda01,2022,93.54901380670611,2619.1078140454997,1020,0.30980392156862746
bardda01,2023,90.89819095477388,2569.3936927772124,1017,0.2704031465093412
bardlu01,2018,88.68095238095238,2793.141025641026,332,0.2469879518072289
bardlu01,2019,89.68312958435209,2760.962913907285,907,0.31091510474090406
bardlu01,2020,89.51392405063292,2742.8714285714286,106,0.33962264150943394
bardlu01,2022,87.93734439834026,2626.753138075314,260,0.26153846153846155
barkelu01,2022,87.12592592592593,1696.3333333333333,75,0.29333333333333333
barlojo01,2021,89.03450549450548,2218.49010989011,455,0.2725274725274725
barlojo01,2022,89.04693140794224,2314.395306859206,606,0.30033003300330036
barlojo01,2023,88.16875,2373.5,228,0.34210526315789475
barlosc01,2018,85.25042372881357,2370.3601694915255,296,0.2939189189189189
barlosc01,2019,87.32760917838638,2381.088715953307,1411,0.2919914953933381
barlosc01,2020,86.49380863039399,2376.2226415094337,565,0.3274336283185841
barlosc01,2021,87.2696110210697,2393.0,1297,0.3138010794140324
barlosc01,2022,84.70008347245408,2465.7320534223704,1228,0.31514657980456023
barlosc01,2023,84.44876847290641,2501.2162828947367,1261,0.31879460745440125
barnech01,2021,84.35,1946.6616766467066,689,0.2365747460087083
barneda02,2017,88.12351834430855,2043.741298212606,1095,0.2602739726027397
barneda02,2018,87.78151898734177,2052.7084917617235,874,0.2608695652173913
barneja01,2017,93.94432823813354,2369.9363416599517,1336,0.28817365269461076
barneja01,2018,92.71754385964913,2358.8956623681124,921,0.2714440825190011
barneja01,2019,90.82681818181818,2407.9028831562973,724,0.27486187845303867
barneja01,2020,92.10873493975903,2345.6978851963745,364,0.30494505494505497
barneja01,2021,91.76373134328358,2292.765671641791,679,0.27835051546391754
barneja01,2022,91.1323340471092,2326.183908045977,467,0.22483940042826553
barneja01,2023,91.85741626794257,2274.062200956938,266,0.22932330827067668
barnema01,2017,89.71414309484193,2180.563227953411,1291,0.28969790859798605
barnema01,2018,91.3243690851735,2311.597791798107,1343,0.31571109456440805
barnema01,2019,90.84038167938931,2336.012987012987,1363,0.2876008804108584
barnema01,2020,90.5782327586207,2249.274891774892,497,0.29979879275653926
barnema01,2021,90.57251282051283,2192.354871794872,1008,0.3005952380952381
barnema01,2022,89.31572871572872,2141.84126984127,725,0.28
barnema01,2023,88.24038834951457,2039.6881091617934,526,0.25475285171102663
barneto01,2017,88.14942418426105,2464.731472569779,1093,0.2698993595608417
barneto01,2018,89.00148148148148,2487.497512437811,455,0.3142857142857143
barneto01,2019,89.33200000000001,2415.64,44,0.25
barnhtu01,2022,57.199999999999996,1492.0,17,0.29411764705882354
barnhtu01,2023,41.80714285714286,1120.2857142857142,42,0.19047619047619047
barraky01,2017,88.45343179843614,2410.0663755458513,1231,0.27132412672623885
barraky01,2018,88.56610671936758,2301.4965380811077,1047,0.2874880611270296
barraky01,2019,90.0828060522696,2249.031746031746,800,0.2825
barraky01,2021,86.45339578454332,2339.0819672131147,427,0.30210772833723654
barraky01,2022,86.61090909090909,2404.5757575757575,196,0.32653061224489793
barraky01,2023,86.06282051282051,2269.108974358974,156,0.1858974358974359
barreaa01,2019,88.92820512820514,2069.102564102564,118,0.22033898305084745
barreaa01,2020,85.64807692307694,2104.403846153846,82,0.21951219512195122
barreja01,2017,92.86815286624203,2177.6085011185683,471,0.24628450106157113
barreja01,2018,91.08171428571428,2133.1951219512193,203,0.2857142857142857
barreja01,2019,89.04857142857142,2059.9333333333334,86,0.3023255813953488
barrema03,2021,91.08125,2231.8333333333335,48,0.22916666666666666
barrija01,2018,86.5250343249428,2112.51329055912,2260,0.2588495575221239
barrija01,2019,86.64125500667556,2116.5439302481554,1594,0.2521957340025094
barrija01,2020,87.46938405797101,2169.956204379562,634,0.2618296529968454
barrija01,2021,89.7535441657579,2175.387554585153,994,0.2505030181086519
barrija01,2022,87.83937341236239,2125.0671768707484,1196,0.26672240802675584
barrija01,2023,88.12630824372759,2105.1614545454545,1421,0.2533427163969036
bashlty01,2018,92.43097345132743,2572.2230088495576,620,0.23225806451612904
bashlty01,2019,91.18246073298428,2435.794736842105,466,0.2532188841201717
bashlty01,2020,88.82616279069768,2360.0058479532163,188,0.2393617021276596
bassan01,2017,89.61304347826088,1843.75,300,0.22666666666666666
bassan01,2018,91.75776892430278,1975.4454148471616,297,0.2760942760942761
bassan01,2019,91.415731874145,1987.6854961832062,813,0.2865928659286593
bassan01,2020,90.68014184397163,2083.9385342789597,447,0.2841163310961969
bassan01,2021,90.57371375116931,2079.41893158388,1082,0.29852125693160814
bassan01,2022,90.07533333333333,2091.031488549618,1050,0.30666666666666664
bassan01,2023,89.07923250564333,2098.6916099773243,443,0.3182844243792325
bassich01,2018,87.37942998760845,2178.3801242236027,877,0.2554161915621437
bassich01,2019,89.06075794621026,2183.469221361598,2518,0.26687847498014294
bassich01,2020,88.04563758389261,2144.7590564448187,1249,0.2722177742193755
bassich01,2021,88.39260814783704,2165.1581160639194,2454,0.28076609616951914
bassich01,2022,86.50904700579525,2195.8672252658716,3106,0.2897617514488088
bassich01,2023,85.53918094684869,2127.9253208868145,3443,0.2770839384257915
bastaan01,2017,87.70088105726872,2272.4174757281553,323,0.2693498452012384
battema01,2022,51.82692307692308,1393.8461538461538,26,0.2692307692307692
battepe01,2023,87.93974591651543,2343.8127272727274,586,0.2645051194539249
bauertr01,2017,87.8168436578171,2343.112443778111,3579,0.26934898016205644
bauertr01,2018,87.29966733200266,2441.051282051282,3211,0.310806602304578
bauertr01,2019,87.15940090933405,2444.3235708251195,3920,0.29209183673469385
bauertr01,2020,87.34515879163439,2848.4120836560805,1332,0.2912912912912913
bauertr01,2021,87.88371572467824,2821.3982035928143,1973,0.30714647744551443
baumabu01,2017,88.39715189873418,2357.3892405063293,355,0.3464788732394366
baumabu01,2018,87.6,2351.007692307692,198,0.23737373737373738
baumami01,2021,91.15567567567567,2153.7081081081083,185,0.2
baumami01,2022,92.00745814307459,2219.5868902439024,657,0.2039573820395738
baumami01,2023,92.94241435562806,2270.5485714285714,1255,0.24701195219123506
bautife01,2022,94.55755813953488,2033.1988360814744,1054,0.2922201138519924
bautife01,2023,96.06592664092665,2039.1424390243903,1053,0.33998100664767333
bautige01,2018,94.79555555555557,2293.820224719101,154,0.2532467532467532
bautige01,2019,93.35786802030456,2334.4727272727273,234,0.23504273504273504
bazared01,2021,86.92361111111113,2453.875,99,0.31313131313131315
bazared01,2022,88.27966101694915,2249.3728813559323,244,0.26229508196721313
bazared01,2023,88.74791666666667,2254.1805555555557,348,0.2988505747126437
bazsh01,2021,92.41549815498155,2449.962962962963,284,0.30985915492957744
bazsh01,2022,90.28783783783784,2481.040632054176,444,0.28153153153153154
beaslje01,2020,88.73714285714284,1986.6,35,0.2
beaslje01,2021,89.964406779661,2228.241525423729,243,0.2839506172839506
beaslje01,2022,90.86242603550296,2291.2166172106827,338,0.2692307692307692
beatope01,2017,86.71,1944.3,38,0.42105263157894735
beatyma01,2023,54.286363636363646,1180.090909090909,22,0.22727272727272727
beckch02,2017,91.47390557939914,2081.600881057269,1263,0.22406967537608868
beckch02,2018,90.98173758865248,2111.6399253731342,641,0.23868954758190328
becktr01,2023,88.37750385208012,2341.193774319066,1396,0.2714899713467049
bednada01,2019,88.63418367346941,1962.6197916666667,207,0.3140096618357488
bednada01,2020,90.70692307692308,2074.232558139535,171,0.32748538011695905
bednada01,2021,90.68942937324603,2176.0975609756097,1069,0.30963517305893357
bednada01,2022,89.63127659574468,2219.3024494142705,940,0.3159574468085106
bednada01,2023,90.85143581081081,2303.623619371283,1199,0.28607172643869894
bedroca01,2017,89.88469387755102,2454.6324900133154,837,0.3058542413381123
bedroca01,2018,88.56698564593302,2480.214971209213,1117,0.2900626678603402
bedroca01,2019,88.05042174320525,2488.345316934721,1118,0.2817531305903399
bedroca01,2020,87.04896265560166,2429.317991631799,288,0.2604166666666667
bedroca01,2021,87.7997955010225,2105.491769547325,553,0.2820976491862568
beedety01,2018,86.90542168674699,1983.487951807229,231,0.2857142857142857
beedety01,2019,89.47823297137217,2168.007418397626,2116,0.2660680529300567
beedety01,2021,88.07142857142857,1840.0,28,0.25
beedety01,2022,89.73177737881508,1962.9074573225516,1138,0.2390158172231986
belisma01,2017,87.02228088701162,2108.8875927889712,1009,0.3002973240832507
belisma01,2018,87.24925373134329,2093.3217247097846,682,0.24780058651026393
belivje01,2017,86.27567567567567,2375.847972972973,379,0.2717678100263852
belivje01,2018,84.84144736842106,2408.1184210526317,231,0.24675324675324675
bellaan01,2021,90.7132530120482,2442.0481927710844,83,0.2289156626506024
bellaan01,2022,89.56802120141343,2373.6053097345134,1132,0.29063604240282687
bellaan01,2023,89.93333333333334,2443.8214876033057,609,0.30049261083743845
bellch02,2017,89.30817186183657,2049.95,1232,0.23457792207792208
bellch02,2018,87.56829268292682,2246.27868852459,177,0.2711864406779661
bellobr01,2022,91.94734202607823,2162.954864593781,1002,0.2744510978043912
bellobr01,2023,91.2084752175558,2004.7585162755488,2643,0.2542565266742338
bemboan01,2020,64.53125,1599.4375,16,0.125
bemboan01,2021,61.228571428571435,1597.8095238095239,21,0.19047619047619047
bendean01,2021,91.23086997193639,2369.203928905519,1080,0.35462962962962963
bendean01,2022,92.6776811594203,2279.0990712074304,359,0.31754874651810583
benjawe01,2020,87.11850899742932,2336.9254498714654,393,0.2875318066157761
benjawe01,2021,86.78319502074689,2252.538622129436,581,0.2512908777969019
benoijo01,2017,90.95632984901277,2032.2048894062864,933,0.2679528403001072
bergetr01,2019,86.96064356435643,2255.7821782178216,473,0.27906976744186046
bergetr01,2020,87.9090909090909,2431.2267441860463,208,0.3076923076923077
bergetr01,2021,91.47942386831275,2386.9793388429753,254,0.2952755905511811
bergmch01,2017,85.36638036809815,2094.1461916461917,908,0.23458149779735682
bergmch01,2018,83.686,2047.855,283,0.2508833922261484
bernabr01,2022,87.87560975609756,2264.4634146341464,41,0.0975609756097561
bernabr01,2023,85.07222222222224,2311.8852838933954,915,0.32131147540983607
berrijo01,2017,89.0773600326931,2214.2016359918202,2488,0.2608520900321543
berrijo01,2018,88.81021825396826,2186.4178263750828,3228,0.2701363073110285
berrijo01,2019,87.82633540372672,2138.099409754582,3377,0.28605270950547823
berrijo01,2020,89.19039932030587,2104.6714893617022,1246,0.28651685393258425
berrijo01,2021,89.37297128589263,2140.0548589341693,3259,0.28382939552009817
berrijo01,2022,89.07978873239436,2111.3454219030523,2852,0.26753155680224405
berrijo01,2023,88.75447204968945,2091.1915422885572,3220,0.29037267080745344
berropr01,2023,90.4439024390244,2356.243902439024,72,0.375
betande01,2017,90.90737913486005,2621.1427350427352,1230,0.35203252032520327
betande01,2018,91.09323001631321,2445.3015873015875,1284,0.37227414330218067
betande01,2019,90.39999999999999,2491.125,36,0.5
betande01,2020,88.56334661354582,2338.5856573705178,271,0.25830258302583026
betande01,2021,85.9251968503937,2345.3622047244094,137,0.2116788321167883
bethach01,2017,92.7264150943396,2051.0943396226417,191,0.16753926701570682
bethach01,2022,71.675,1702.6923076923076,52,0.25
bethach01,2023,64.97,1524.2,10,0.3
bettial01,2021,87.51758793969849,2127.7236180904524,199,0.19597989949748743
bettich01,2017,86.0585597826087,1852.0953678474114,749,0.24833110814419226
bettich01,2018,86.54650145772595,1828.6522373540856,2128,0.2617481203007519
bettich01,2019,88.38618644067796,1931.6033898305084,1227,0.26079869600651995
biagijo01,2017,89.11159420289856,2244.058518902123,2033,0.25528775209050664
biagijo01,2018,90.47377049180328,2205.340163934426,1415,0.26501766784452296
biagijo01,2019,89.92591943957967,2154.872154115587,1198,0.2662771285475793
biagijo01,2020,89.67033898305085,2230.7796610169494,163,0.2331288343558282
biagijo01,2021,86.49512195121952,1922.0487804878048,89,0.2808988764044944
bibeeta01,2023,88.7695614789338,2431.06586310805,2326,0.2699914015477214
bibenau01,2017,86.917805907173,2141.736797274276,1235,0.22591093117408906
bibenau01,2018,86.05642673521851,2117.7172236503857,831,0.2394705174488568
bickfph01,2020,87.93030303030304,2250.909090909091,60,0.5
bickfph01,2021,90.29452679589508,2328.47602739726,901,0.29966703662597116
bickfph01,2022,90.63608349900596,2337.9801192842942,1013,0.28923988153998026
bickfph01,2023,90.9786525974026,2319.6380016380017,1282,0.265990639625585
biddlje01,2018,88.57749259624876,2523.8421588594706,1025,0.2760975609756098
biddlje01,2019,88.28248772504091,2514.879598662207,692,0.2702312138728324
biddlje01,2020,88.67500000000001,2589.65,25,0.2
biddlje01,2021,86.84417475728156,2619.757281553398,275,0.29454545454545455
bidoos01,2023,90.18870967741935,2224.8820564516127,992,0.2701612903225806
biebesh01,2018,88.61120976692564,2204.0700280112046,1805,0.30692520775623267
biebesh01,2019,88.41290322580646,2256.3028890959927,3499,0.31408973992569306
biebesh01,2020,88.95115413253909,2352.3454951600893,1392,0.3045977011494253
biebesh01,2021,87.55548428479794,2419.896196002579,1709,0.3165593914569924
biebesh01,2022,87.01229268292683,2328.9791802212103,3129,0.3029721955896453
biebesh01,2023,87.27282555282554,2341.6067913385828,2131,0.29094321914594085
bielabr01,2020,89.18131868131869,2289.5455974842766,668,0.2694610778443114
bielabr01,2021,89.44264392324094,2343.18763326226,992,0.28225806451612906
bielabr01,2022,89.17300884955753,2265.097345132743,244,0.2581967213114754
bielabr01,2023,88.2318181818182,2232.959412176347,1527,0.2337917485265226
birdja01,2022,91.92567741935483,2177.7470817120625,795,0.2641509433962264
birdja01,2023,90.65298245614035,2271.731690140845,1445,0.26920415224913496
birdky01,2019,86.1390438247012,2528.044897959184,354,0.2542372881355932
blachty01,2017,85.72018706157444,2096.78501755755,2674,0.24270755422587884
blachty01,2018,85.13961661341854,2138.6588486140727,1994,0.26629889669007023
blachty01,2019,85.80867992766727,2120.8097826086955,657,0.2465753424657534
blachty01,2022,86.90306666666666,2172.3791722296396,784,0.29336734693877553
blachty01,2023,85.64962686567164,2140.6381529144587,1377,0.24473493100944083
blackpa01,2017,86.75876068376068,2234.014492753623,1017,0.21730580137659783
blackpa01,2018,86.5128959276018,2246.590277777778,585,0.24615384615384617
blackpa01,2019,86.8726530612245,2244.5368852459014,282,0.23404255319148937
blackpa01,2020,86.87142857142857,1990.0357142857142,122,0.23770491803278687
blackpa01,2021,87.80249632892804,2154.185294117647,701,0.23109843081312412
blackpa01,2022,87.22491486946653,2218.973280272882,1832,0.26582969432314413
blackpa01,2023,87.11976016684046,2249.242044861763,1945,0.2580976863753213
blackra01,2018,92.99900744416875,2802.1453634085215,407,0.28255528255528256
blackra01,2019,95.15931558935361,2688.3562753036435,326,0.3006134969325153
blackra01,2020,90.2820895522388,2733.4285714285716,90,0.3111111111111111
blairaa01,2017,86.65945945945947,1973.0281690140846,153,0.32679738562091504
blancan01,2017,71.44999999999999,1874.75,8,0.125
blancro01,2022,91.06526946107785,2209.1655629139073,179,0.26256983240223464
blancro01,2023,90.0816513761468,2134.592252803262,1044,0.2739463601532567
blandal01,2018,83.76666666666665,1840.6923076923076,15,0.26666666666666666
blandal01,2021,83.7611111111111,1878.983870967742,72,0.20833333333333334
blantjo01,2017,86.78549019607843,2208.636959370904,832,0.30528846153846156
blazemi01,2017,88.80228571428572,2319.0697674418607,226,0.2831858407079646
blazemi01,2019,92.88023255813954,2335.0697674418607,86,0.22093023255813954
bleicje01,2018,86.16153846153846,2292.923076923077,42,0.23809523809523808
bleieri01,2017,87.54834801762114,1853.2588888888888,955,0.22408376963350785
bleieri01,2018,86.29866962305987,1881.6155555555556,482,0.22821576763485477
bleieri01,2019,87.68817345597897,1929.1826544021026,795,0.24276729559748428
bleieri01,2020,85.97054263565892,1948.2762645914397,276,0.25
bleieri01,2021,87.58859764089122,1974.0250329380765,784,0.274234693877551
bleieri01,2022,86.7455082742317,1994.7137637028015,853,0.2532239155920281
bleieri01,2023,85.65576923076925,1923.4860813704497,516,0.2616279069767442
blevije01,2017,79.66155531215772,2257.7929901423877,988,0.3208502024291498
blevije01,2018,81.61976893453145,2230.0295250320924,823,0.284325637910085
blevije01,2019,80.19647266313932,2286.880070546737,606,0.2871287128712871
blewesc01,2020,89.4483870967742,1987.1935483870968,79,0.24050632911392406
blewesc01,2021,88.79347826086956,2039.7065217391305,117,0.18803418803418803
bolanro01,2019,88.76676300578036,2307.651785714286,346,0.24855491329479767
bolanro01,2020,90.32659574468086,2347.648936170213,94,0.20212765957446807
bolanro01,2021,89.94150943396225,2364.669811320755,106,0.32075471698113206
bolanro01,2022,88.38975903614458,2267.379518072289,358,0.22905027932960895
bolsimi01,2017,84.55112582781457,2252.3125,885,0.28135593220338984
boltoco01,2023,91.15169172932332,2386.3579545454545,558,0.25268817204301075
bonilli01,2017,87.08450920245399,1924.1641104294479,694,0.2377521613832853
borucry01,2018,87.49146110056925,2175.3426930440332,1643,0.24102251978088862
borucry01,2019,87.79806451612903,2157.2727272727275,293,0.2593856655290102
borucry01,2020,90.15394736842106,2191.045092838196,380,0.29736842105263156
borucry01,2021,91.50671140939598,2381.959641255605,447,0.31096196868008946
borucry01,2022,91.04978632478633,2199.360544217687,468,0.2564102564102564
borucry01,2023,87.96604823747681,2319.60853432282,596,0.33053691275167785
boshebu01,2017,85.47339285714285,2031.607142857143,645,0.2775193798449612
boshebu01,2019,85.6062656641604,2334.0476190476193,453,0.32671081677704195
bostiak01,2021,85.7,1823.142857142857,14,0.2857142857142857
bourqja01,2019,93.46896551724139,2395.7241379310344,62,0.20967741935483872
bourqja01,2020,89.24473684210528,2340.3333333333335,145,0.31724137931034485
boushca01,2023,86.7,2220.4736842105262,62,0.27419354838709675
bowdebe01,2021,89.47175989085949,2326.090287277702,778,0.2943444730077121
bowlajo01,2023,90.35892857142858,2229.5714285714284,77,0.2727272727272727
bowmama01,2017,87.80503080082134,1847.1229166666667,1054,0.2713472485768501
bowmama01,2018,87.73462414578587,1996.5183374083128,510,0.2901960784313726
bowmama01,2019,89.03224043715846,1993.0277777777778,598,0.29431438127090304
bowmama01,2023,88.29637305699481,2101.375,193,0.2538860103626943
boxbebr01,2017,88.8482,2078.8068410462774,500,0.314
boxbebr01,2018,87.50668604651162,1963.7356656948493,1044,0.31417624521072796
boxbebr01,2019,85.27289527720738,1922.7330595482547,542,0.2896678966789668
boxbebr01,2020,88.75363825363826,2215.879417879418,506,0.2766798418972332
boxbebr01,2021,90.0044982698962,2187.8110307414104,1206,0.32172470978441126
boxbebr01,2022,88.88193315266484,2162.4742547425476,1137,0.3016710642040457
boxbebr01,2023,88.3198224852071,2239.1863905325445,391,0.2813299232736573
boydma01,2017,85.880290722531,2169.812232677502,2504,0.2615814696485623
boydma01,2018,84.1136440966315,2245.7116542685085,3086,0.26539209332469216
boydma01,2019,85.93234440503063,2348.647330257086,3270,0.28776758409785935
boydma01,2020,85.39613259668509,2250.4473197781886,1159,0.26919758412424505
boydma01,2021,85.09403174603175,2247.855781448539,1575,0.2679365079365079
boydma01,2022,86.02199999999999,2357.22,200,0.3
boydma01,2023,84.68049490538573,2372.7336244541484,1374,0.2954876273653566
boyerbl01,2017,89.6971056439942,2385.9492017416546,750,0.25333333333333335
boyerbl01,2018,88.92995391705071,2397.205069124424,474,0.21940928270042195
boylejo01,2023,93.1025,2469.3541666666665,240,0.2791666666666667
brachbr01,2017,91.83165957446808,2291.844364937388,1231,0.2851340373679935
brachbr01,2018,90.263127090301,2204.3106457242584,1234,0.2706645056726094
brachbr01,2019,90.63911735205616,2195.067940552017,1052,0.26140684410646386
brachbr01,2020,86.88897338403044,2190.9003831417626,302,0.2814569536423841
brachbr01,2021,89.61303630363037,2136.9785478547856,645,0.2775193798449612
brachsi01,2017,88.78618925831202,2313.4297082228118,415,0.2746987951807229
brachsi01,2018,89.04014336917562,2221.203603603604,600,0.2966666666666667
brachsi01,2020,85.91904761904762,2020.7142857142858,21,0.19047619047619047
brachsi01,2022,85.82615384615384,2024.753846153846,74,0.2702702702702703
brachsi01,2023,85.57142857142857,2139.1190476190477,150,0.2733333333333333
bradfch02,2017,88.63814229249012,2325.106995884774,572,0.2727272727272727
bradfch02,2018,88.00494252873563,2359.5701530612246,939,0.24281150159744408
bradfch02,2019,87.64980694980696,2424.681632653061,295,0.2305084745762712
bradfco01,2023,87.30740740740741,2037.5805555555555,1093,0.27721866422689845
bradiky01,2022,90.5897065897066,2305.085883514314,2079,0.2481962481962482
bradiky01,2023,90.60126050420168,2388.3059360730595,2919,0.28365878725590954
bradlar01,2017,92.93026584867077,2279.5290102389076,1528,0.28861256544502617
bradlar01,2018,92.931583011583,2235.8100386100386,1342,0.28390461997019373
bradlar01,2019,91.75705568268498,2123.780748663102,1355,0.27232472324723245
bradlar01,2020,90.0329479768786,2057.5953757225434,352,0.29261363636363635
bradlar01,2021,90.12182692307694,1973.674373795761,1045,0.23732057416267943
bradlar01,2022,88.41622418879055,1976.1475903614457,356,0.2443820224719101
bradlar01,2023,89.80604026845637,2039.6486486486488,149,0.2751677852348993
bradlja02,2022,82.39333333333335,2170.3333333333335,30,0.13333333333333333
bradlta01,2023,90.59053981827901,2208.3538543897216,1874,0.2508004268943437
bradymi01,2017,87.7752808988764,2179.4134831460674,471,0.25477707006369427
brantro01,2017,65.65833333333333,1626.0,12,0.25
brashma01,2022,89.81983240223464,2667.5051449953226,1096,0.31386861313868614
brashma01,2023,92.08611963190184,2628.3529411764707,1363,0.3191489361702128
brasiry01,2018,92.72742946708463,2333.3909395973155,682,0.2697947214076246
brasiry01,2019,91.81462167689163,2318.492505353319,997,0.26980942828485455
brasiry01,2020,92.39547511312217,2273.10407239819,468,0.28846153846153844
brasiry01,2021,92.15938697318008,2205.4789272030653,261,0.26436781609195403
brasiry01,2022,91.34030456852791,2338.51269035533,1023,0.27370478983382207
brasiry01,2023,91.36077003121748,2372.2706374085683,1011,0.2561819980217606
braulst01,2017,89.49451410658307,2057.765273311897,739,0.2178619756427605
braulst01,2018,89.93456640388112,2071.879120879121,1767,0.24335031126202603
braulst01,2019,88.74767616191903,1991.5860243515087,2128,0.2542293233082707
braulst01,2020,87.91016731016731,2081.32944228275,796,0.2701005025125628
braulst01,2021,86.75751295336788,1996.029513888889,611,0.25368248772504093
braulst01,2022,87.90828025477708,2083.8846153846152,157,0.24203821656050956
braymbe01,2020,84.10252100840337,2121.155462184874,250,0.24
brazohu01,2022,91.25232558139535,2187.078488372093,688,0.29069767441860467
brazohu01,2023,91.39161349134002,2172.926470588235,1104,0.2971014492753623
brebbjo01,2017,89.29778067885118,2371.6215469613257,783,0.30779054916985954
brebbjo01,2018,89.15054021608643,2480.5736040609136,921,0.33659066232356133
brebbjo01,2019,89.23075722092116,2481.8072669826224,1349,0.3002223869532987
brebbjo01,2021,87.1409638554217,2359.049019607843,332,0.2680722891566265
brebbjo01,2022,88.7673693858845,2436.8967741935485,1116,0.26344086021505375
brebbjo01,2023,88.16767955801105,2501.7450142450143,761,0.29172141918528255
brennbr01,2019,90.01428571428572,1988.6,792,0.2840909090909091
brennbr01,2020,88.64017094017093,1945.0086206896551,153,0.30718954248366015
brennbr01,2021,88.62619047619049,1972.6904761904761,67,0.19402985074626866
brentja01,2021,92.88930481283423,2172.2240143369177,1200,0.2875
brentja01,2022,91.87937500000001,2205.50625,191,0.2879581151832461
breslcr01,2017,85.32647554806071,1975.5152027027027,668,0.24850299401197604
breweco01,2018,90.09806763285026,2648.326829268293,282,0.30141843971631205
breweco01,2019,87.65531496062991,2595.2844311377244,1106,0.28028933092224234
breweco01,2020,88.51620553359683,2547.4253578732105,563,0.2664298401420959
breweco01,2021,89.12903225806451,2579.967741935484,101,0.27722772277227725
breweco01,2023,88.31692307692308,2634.2358974358976,222,0.34234234234234234
briceau01,2017,90.03777777777778,2250.466804979253,546,0.2673992673992674
briceau01,2018,90.4875415282392,2160.4902654867255,667,0.2593703148425787
briceau01,2019,87.80551989730424,2507.952631578947,841,0.2984542211652794
briceau01,2020,89.17047353760445,2364.8802228412255,407,0.33906633906633904
briceau01,2021,88.34087591240876,2389.6300366300366,336,0.28869047619047616
briceau01,2022,87.91075268817204,2490.6505376344085,199,0.2864321608040201
bridwpa01,2017,88.35733788395905,2420.085780080599,1792,0.24944196428571427
bridwpa01,2018,87.31263736263736,2419.8729281767955,335,0.2298507462686567
briesbe01,2022,89.24457099468489,2298.311313591496,1317,0.22627182991647685
briesbe01,2023,92.81752577319587,2308.921391752577,811,0.23921085080147966
brighje01,2018,88.36518987341772,2397.1075949367087,316,0.2120253164556962
brighje01,2019,89.9927536231884,2699.524087591241,720,0.2708333333333333
brighje01,2020,89.45250000000001,2510.7,40,0.125
brighje01,2022,87.33097949886105,2592.421412300683,439,0.296127562642369
brighje01,2023,88.22625437572928,2645.3325526932085,857,0.26837806301050177
bristbr01,2023,87.62546296296296,2398.6111111111113,234,0.23931623931623933
britojh01,2023,90.78698044009779,1997.8505817513778,1636,0.2671149144254279
brittza01,2017,95.35307167235496,2128.2020547945203,637,0.24803767660910517
brittza01,2018,93.87510373443983,2076.2116182572613,723,0.2793914246196404
brittza01,2019,92.53174451858912,2086.062977099237,1100,0.2636363636363636
brittza01,2020,92.33465346534653,2103.6019900497513,427,0.2459016393442623
brittza01,2021,90.56360856269114,2040.1529051987768,337,0.22255192878338279
brittza01,2022,90.1205128205128,2021.025641025641,39,0.23076923076923078
brogdco01,2020,90.17035175879398,2207.824120603015,223,0.30493273542600896
brogdco01,2021,90.50148662041626,2173.1169474727453,1014,0.25443786982248523
brogdco01,2022,88.56584845250802,2209.727074235808,937,0.2892209178228389
brogdco01,2023,88.09422222222223,2209.4903703703703,675,0.2814814814814815
brookaa01,2018,87.89661016949154,2011.4406779661017,59,0.23728813559322035
brookaa01,2019,88.58859162039374,2059.8193810248604,2057,0.24744773942634904
brookaa01,2022,89.1822966507177,2082.3675675675677,244,0.3237704918032787
brossmi01,2019,70.31333333333332,1745.0833333333333,60,0.26666666666666666
brossmi01,2020,74.4,1807.5,4,0.5
brossmi01,2022,72.32045454545454,1815.7045454545455,44,0.18181818181818182
brossmi01,2023,64.68666666666667,1592.3,30,0.13333333333333333
brothre01,2017,93.05989445910289,2201.2758620689656,379,0.2717678100263852
brothre01,2018,94.405,2292.45,118,0.3728813559322034
brothre01,2020,91.7192,2226.2195121951218,176,0.3806818181818182
brothre01,2021,91.61719681908548,2101.01689860835,1056,0.2765151515151515
brownhu01,2022,91.70026666666666,2288.624,458,0.28820960698689957
brownhu01,2023,91.29014280738419,2235.0073170731707,2931,0.26509723643807576
broxtjo01,2017,91.97089041095889,2147.9931271477662,373,0.24128686327077747
brubajt01,2020,89.64564676616916,2452.759950248756,825,0.27515151515151515
brubajt01,2021,89.37751262046811,2410.0835245525473,2179,0.2744378155117026
brubajt01,2022,88.71367521367522,2454.101343101343,2485,0.2857142857142857
bruihju01,2021,85.69757785467128,2343.7681660899652,289,0.2422145328719723
bruihju01,2022,84.99354838709678,2277.3382352941176,367,0.23978201634877383
bruihju01,2023,84.79794520547946,2310.281690140845,483,0.2774327122153209
bubickr01,2020,85.85230934479054,2109.3387445887447,964,0.262448132780083
bubickr01,2021,85.40236148955495,2022.1668181818181,2262,0.26171529619805484
bubickr01,2022,86.06971706454466,2113.79575596817,2296,0.2465156794425087
bubickr01,2023,86.60209580838323,2160.645901639344,402,0.3034825870646766
buchaja01,2017,85.66872586872586,1909.4728682170542,328,0.24390243902439024
buchhcl01,2017,84.43333333333332,2190.5804195804194,321,0.2803738317757009
buchhcl01,2018,84.41445698166432,2169.3624823695345,1419,0.28259337561663145
buchhcl01,2019,82.96614745586707,2155.0228452751817,963,0.2762201453790239
buchtry01,2017,91.0356102003643,2256.502752293578,1209,0.2564102564102564
buchtry01,2018,89.73189033189034,2260.4926253687318,769,0.24967490247074123
buchtry01,2019,88.66137184115523,2224.9697702539297,876,0.2522831050228311
buchtry01,2020,87.65080645161291,2091.516129032258,164,0.3048780487804878
buchtry01,2021,85.00576368876081,2147.809798270893,364,0.25824175824175827
buehlwa01,2017,94.39218749999999,2534.69109947644,209,0.2583732057416268
buehlwa01,2018,92.2441437802908,2487.1197703035273,2586,0.2880897138437742
buehlwa01,2019,92.66640419947507,2607.6418060200667,3070,0.2931596091205212
buehlwa01,2020,93.11711378353377,2728.163737280296,1141,0.3023663453111306
buehlwa01,2021,91.18506474820143,2519.4602305475505,3611,0.2902243145942952
buehlwa01,2022,89.95190097259064,2337.42175066313,1160,0.25862068965517243
bukaujb01,2021,90.37945619335348,2276.95166163142,358,0.33519553072625696
bukaujb01,2023,89.88415841584158,2261.168316831683,145,0.296551724137931
bumgama01,2017,87.03140096618357,2171.725241545894,1842,0.26112920738327905
bumgama01,2018,85.29806603773585,2098.7805568664467,2266,0.27184466019417475
bumgama01,2019,87.29595554183389,2435.3934984520124,3396,0.2762073027090695
bumgama01,2020,84.23116113744076,2426.285202863962,854,0.2716627634660422
bumgama01,2021,85.60214054927302,2317.893117408907,2476,0.2782714054927302
bumgama01,2022,86.7866295264624,2173.379094076655,2872,0.2381615598885794
bumgama01,2023,85.30211267605632,2130.0305164319248,474,0.20464135021097046
bummeaa01,2017,89.45941320293399,1960.9795396419438,483,0.2587991718426501
bummeaa01,2018,90.45139573070608,2006.071547420965,684,0.28362573099415206
bummeaa01,2019,93.64061597690086,2075.312,1116,0.2625448028673835
bummeaa01,2020,94.2167597765363,2042.7374301675977,211,0.36492890995260663
bummeaa01,2021,91.03112840466926,2166.2255859375,1079,0.3076923076923077
bummeaa01,2022,90.39707724425887,2208.956158663883,514,0.32684824902723736
bummeaa01,2023,89.0747042766151,2258.111010009099,1111,0.33483348334833485
bundydy01,2017,87.09176136363637,2349.3490497076023,2938,0.26616746085772636
bundydy01,2018,86.70348837209302,2334.903661571276,2998,0.2741827885256838
bundydy01,2019,85.90529157667386,2307.8970802919707,2939,0.279346716570262
bundydy01,2020,83.925442043222,2269.8773491592483,1096,0.3521897810218978
bundydy01,2021,85.17103791174644,2369.365119196989,1676,0.30071599045346065
bundydy01,2022,83.44375,2145.301339285714,2278,0.266900790166813
burdini01,2018,93.28571428571428,2445.342857142857,35,0.3142857142857143
burdini01,2019,92.11891891891892,2462.9209039548023,260,0.40384615384615385
burdini01,2020,93.24444444444444,2648.564516129032,101,0.44554455445544555
burdini01,2023,94.94137931034483,2603.362068965517,121,0.30578512396694213
burdiza01,2020,93.47321428571429,2570.1488095238096,194,0.31958762886597936
burdiza01,2021,92.57853107344634,2503.74011299435,229,0.26200873362445415
burdiza01,2023,90.13538461538462,2524.8153846153846,144,0.3819444444444444
burkebr01,2019,88.05609243697478,2171.5400457665905,498,0.24096385542168675
burkebr01,2022,92.49542435424354,2209.989667896679,1382,0.28364688856729375
burkebr01,2023,92.54465212876428,2195.0979166666666,1034,0.24661508704061896
burleal01,2023,75.9888888888889,1706.2444444444445,45,0.1111111111111111
burneco01,2018,91.61472303206996,2620.2969502407705,712,0.3258426966292135
burneco01,2019,91.62126068376068,2696.0575373993097,1108,0.315884476534296
burneco01,2020,91.76871287128712,2729.180198019802,1086,0.3029465930018416
burneco01,2021,91.7489010989011,2686.3713235294117,2845,0.33110720562390156
burneco01,2022,91.56679902260231,2600.5383440268865,3386,0.3095097460129947
burneco01,2023,90.6982655313781,2619.1774603174604,3311,0.28360012080942315
burnsan01,2021,75.95416666666667,1837.5416666666667,24,0.2916666666666667
burrobe01,2020,88.75151515151515,2314.9242424242425,145,0.23448275862068965
burrobe01,2021,89.15875370919882,2204.1275964391693,344,0.20348837209302326
burrry01,2018,91.38789808917198,2068.714285714286,164,0.27439024390243905
burrry01,2019,91.13688524590164,2139.023880597015,436,0.30504587155963303
burrry01,2021,89.88529886914378,2177.520193861066,695,0.2517985611510791
burrry01,2022,90.9456375838926,2209.3020134228186,184,0.2554347826086957
busenal01,2017,92.00589390962672,2574.722440944882,516,0.25193798449612403
busenal01,2018,90.84545454545454,2581.3898305084745,579,0.2867012089810017
busenal01,2023,90.57383177570095,2520.6822429906542,144,0.2708333333333333
bushma01,2017,93.80116648992576,2535.998935037274,983,0.24821973550356052
bushma01,2018,92.0216091954023,2516.1793103448276,550,0.2690909090909091
bushma01,2021,89.60425531914893,2700.6382978723404,134,0.3358208955223881
bushma01,2022,90.85258525852585,2524.138613861386,935,0.32834224598930484
bushma01,2023,87.3237113402062,2437.1494845360826,243,0.32098765432098764
buterdr01,2018,84.16666666666667,2089.1666666666665,24,0.20833333333333334
buterdr01,2020,79.5,2069.4193548387098,31,0.22580645161290322
butleed01,2017,90.71214442013128,2111.2836801752464,1011,0.21463897131552917
butleed01,2018,91.29778554778555,2073.3048065650646,944,0.21504237288135594
buttojo01,2022,88.89574468085105,2288.3367346938776,141,0.2553191489361702
buttojo01,2023,90.04414303329222,2269.2459826946847,811,0.25524044389642414
buttrty01,2018,90.77799999999999,2063.7533333333336,337,0.27299703264094954
buttrty01,2019,91.91686460807601,2068.750593824228,1324,0.290785498489426
buttrty01,2020,91.1177927927928,2082.2328767123286,448,0.22098214285714285
cabreas01,2021,71.25294117647059,1678.4117647058824,17,0.17647058823529413
cabreed02,2021,91.47738589211619,2195.4460580912864,482,0.24896265560165975
cabreed02,2022,90.89786008230452,2138.5942386831275,1234,0.29902755267423015
cabreed02,2023,91.84136546184739,2189.652700656234,2008,0.2783864541832669
cabrege01,2019,91.98794871794873,2244.8282051282054,430,0.2372093023255814
cabrege01,2020,90.58148936170214,2298.608510638298,500,0.312
cabrege01,2021,92.8057781201849,2226.5947204968943,1313,0.26123381568926124
cabrege01,2022,89.98551637279597,2192.6679536679535,802,0.2456359102244389
cabrege01,2023,91.25083088954057,2191.625502008032,1039,0.27718960538979787
cacerke01,2023,89.6611111111111,2314.5833333333335,36,0.2222222222222222
cahiltr01,2017,86.30013149243918,2187.7631578947367,1744,0.2706422018348624
cahiltr01,2018,87.27581699346405,2174.7273718647766,1859,0.2743410435718128
cahiltr01,2019,86.03219567690556,2212.3978310502284,1938,0.26212590299277605
cahiltr01,2020,84.87872807017543,2168.1929824561403,496,0.31048387096774194
cahiltr01,2021,84.7137309292649,2207.051388888889,721,0.2538141470180305
cainma01,2017,84.45575435203095,2368.537153958232,2264,0.24337455830388693
callaja01,2017,93.43269230769229,2229.359223300971,178,0.33707865168539325
calvobl01,2023,88.60363636363634,2372.0363636363636,68,0.29411764705882354
camarda01,2021,88.233908045977,1866.028735632184,225,0.2222222222222222
campbis01,2023,89.82991631799165,2597.6750524109016,491,0.2729124236252546
campbpa02,2021,88.17387218045113,2506.7735849056603,565,0.2743362831858407
campole01,2017,88.96769911504425,1980.3733333333332,290,0.32068965517241377
cannigr01,2019,89.89923175416133,2312.7892376681616,1605,0.2940809968847352
cannigr01,2020,89.6346781940442,2318.1501937984494,1051,0.26165556612749763
cannigr01,2021,89.81917454858126,2294.3454545454547,1261,0.2696272799365583
cannigr01,2023,90.13920345489444,2279.520309477756,2273,0.2934447866256049
canoye01,2022,91.66170731707318,2175.347188264059,419,0.28878281622911695
canoye01,2023,93.53709677419354,2074.7682596934173,1138,0.28734622144112476
cappsca01,2017,87.77864583333333,2313.061797752809,232,0.25
carasma01,2019,91.5464864864865,1858.6195652173913,268,0.30970149253731344
carasma01,2023,91.16715328467153,1699.0026385224273,411,0.29683698296836986
caratvi01,2018,64.21052631578948,1568.0526315789473,20,0.15
caratvi01,2019,66.60000000000001,1637.6666666666667,30,0.2
caratvi01,2022,63.99999999999999,1611.0,14,0.07142857142857142
carlesh01,2017,89.93563218390804,2231.5470588235294,209,0.23923444976076555
carlesh01,2018,89.91796218487396,2126.3347412882786,1039,0.2531280076997113
carlesh01,2019,89.60812182741117,2140.5786802030457,271,0.28413284132841327
carltdr01,2021,85.95343511450382,2032.6641221374045,131,0.1984732824427481
carltdr01,2022,87.92307692307693,2024.6709677419356,156,0.25
carltdr01,2023,89.41067415730338,2106.5352112676055,399,0.2581453634085213
carpeda01,2019,89.73623188405797,2137.621212121212,76,0.19736842105263158
carpema01,2021,60.79230769230769,1666.576923076923,26,0.23076923076923078
carpery01,2018,85.0955294117647,2324.857482185273,500,0.256
carpery01,2019,84.85918367346939,2310.510802469136,744,0.24193548387096775
carraca01,2017,89.80284708893154,2228.5043450273574,3291,0.2923123670616834
carraca01,2018,88.67867063492065,2317.620214909335,3237,0.31109051590979303
carraca01,2019,89.20126019273536,2322.019417475728,1449,0.3105590062111801
carraca01,2020,89.2756388415673,2238.8227960819236,1185,0.290295358649789
carraca01,2021,90.12890888638921,2034.0945945945946,889,0.2575928008998875
carraca01,2022,89.0713588283157,2088.7917005695685,2488,0.2644694533762058
carraca01,2023,88.20156431054461,2048.0978450786256,1743,0.2621916236374068
carroco01,2018,92.06048387096774,2347.8179347826085,458,0.24672489082969432
carroco01,2020,93.14193548387098,2461.7065217391305,133,0.2932330827067669
cashnan01,2017,90.53299511461856,2024.8917293233083,2666,0.22955738934733683
cashnan01,2018,88.82202493388742,2057.2155009451794,2704,0.23705621301775148
cashnan01,2019,88.73397052966945,2037.5516413130504,2625,0.25142857142857145
castada01,2020,84.82237354085602,2182.7953216374267,525,0.22285714285714286
castada01,2021,85.53646408839779,2207.311808118081,557,0.23877917414721722
castada01,2022,85.54873524451938,2292.7537942664417,621,0.23671497584541062
castada01,2023,86.0614705882353,2294.6814814814816,340,0.25588235294117645
castehu01,2020,85.5545893719807,1967.6376811594203,207,0.2560386473429952
castehu01,2021,85.74843110504774,2024.4065155807366,735,0.26258503401360545
castehu01,2022,85.53392645314354,2061.977461447212,844,0.2713270142180095
castery01,2020,88.11313253012048,2294.155421686747,861,0.24738675958188153
castery01,2021,86.17142857142856,2320.0238095238096,126,0.19047619047619047
castery01,2022,89.14444444444445,2161.9333333333334,73,0.3013698630136986
castidi01,2018,93.66898096304591,2196.320366132723,919,0.3133841131664853
castidi01,2019,93.2812241521919,2236.349871685201,1274,0.3194662480376766
castidi01,2020,90.49368635437882,2137.875763747454,532,0.34774436090225563
castidi01,2021,89.78614583333335,2169.783699059561,978,0.3149284253578732
castidi01,2022,90.94339407744874,2165.7970011534026,922,0.279826464208243
castidi01,2023,88.97962962962963,2065.1962025316457,220,0.2727272727272727
castidi02,2022,65.01833333333333,1571.5833333333333,60,0.21666666666666667
castifa01,2017,92.55142857142857,2181.2428571428572,160,0.25625
castijo03,2018,89.64303797468355,2391.5145161290325,677,0.3190546528803545
castijo03,2019,91.09411764705884,2269.8,17,0.35294117647058826
castijo03,2022,88.81875,2300.4375,16,0.25
castijo03,2023,93.7,2199.4347826086955,31,0.0967741935483871
castilu02,2017,93.15482600131321,2148.2541145490454,1544,0.27525906735751293
castilu02,2018,91.26915756080366,2112.1528121683764,2912,0.2850274725274725
castilu02,2019,91.62251547735418,2111.8747956848642,3245,0.29275808936825887
castilu02,2020,92.78407643312102,2146.459372485921,1348,0.30118694362017806
castilu02,2021,92.62531605562579,2194.032380952381,3235,0.2732612055641422
castilu02,2022,93.09407652685799,2235.755260243632,2718,0.2781456953642384
castilu02,2023,92.61178671655753,2206.264501891551,3385,0.2901033973412112
castilu03,2022,89.85888888888888,1994.0,90,0.23333333333333334
castima03,2022,89.37103825136612,2040.7205479452055,732,0.24726775956284153
castima03,2023,88.63976608187136,2097.9470588235295,399,0.23558897243107768
castran02,2020,87.17894736842106,2567.8684210526317,66,0.24242424242424243
castran02,2021,89.50367278797997,2583.0335570469797,599,0.3021702838063439
castran02,2022,89.4563953488372,2494.574468085106,344,0.2761627906976744
castrha01,2021,71.990625,1893.625,32,0.125
castrha01,2022,60.308,1581.32,50,0.2
castrha01,2023,60.35517241379311,1602.655172413793,29,0.20689655172413793
castrke01,2021,90.80929203539824,2194.053811659193,281,0.30604982206405695
castrke01,2022,88.87280334728032,2308.6666666666665,293,0.2696245733788396
castrmi01,2017,91.59695290858726,2352.55285313377,1109,0.2551848512173129
castrmi01,2018,91.27991775188487,2390.2457983193276,1569,0.26322498406628425
castrmi01,2019,92.46891233766235,2480.0707666385847,1296,0.28858024691358025
castrmi01,2020,93.46802443991852,2473.0224032586557,519,0.30057803468208094
castrmi01,2021,92.3501550387597,2473.3436772692007,1302,0.3033794162826421
castrmi01,2022,91.74563758389262,2365.236180904523,603,0.31840796019900497
castrmi01,2023,90.7432786885246,2361.7711934156378,1225,0.29959183673469386
castrsi01,2017,91.11111111111111,2246.1830282861897,699,0.2732474964234621
castrwi01,2023,47.30555555555556,1173.3333333333333,36,0.08333333333333333
cavalca01,2022,90.64890510948905,2212.963503649635,227,0.2643171806167401
ceasedy01,2019,89.66700879765395,2440.7949852507377,1389,0.2591792656587473
ceasedy01,2020,90.11337579617833,2517.7957681692733,1176,0.2602040816326531
ceasedy01,2021,89.50181405895691,2613.1338966525836,3181,0.29456145866079847
ceasedy01,2022,90.11916666666669,2654.221153846154,3170,0.2870662460567823
ceasedy01,2023,89.00318822808094,2618.7586629868138,3411,0.2802697156259161
ceccosl01,2023,88.55505617977528,2306.123873873874,473,0.23044397463002114
cecilbr01,2017,87.6313846153846,2011.9486125385406,1057,0.271523178807947
cecilbr01,2018,85.42161687170474,2125.887323943662,620,0.22741935483870968
cedenxa01,2017,86.30985915492958,2476.9718309859154,105,0.23809523809523808
cedenxa01,2018,84.00753532182104,2525.81990521327,697,0.30272596843615496
cedenxa01,2019,83.98,2367.177777777778,45,0.2
cederbl01,2020,94.90746268656716,2175.1492537313434,115,0.4434782608695652
cervehu01,2017,88.3173469387755,2501.278350515464,181,0.27071823204419887
cessalu01,2017,89.4764423076923,2224.972580645161,698,0.2707736389684814
cessalu01,2018,88.52215909090908,2304.5234708392604,790,0.2810126582278481
cessalu01,2020,87.17343096234309,2320.533472803347,518,0.30694980694980695
cessalu01,2021,86.7386446886447,2286.989010989011,1109,0.2768259693417493
cessalu01,2022,88.25765182186235,2243.571780147662,1271,0.2549173878835563
cessalu01,2023,86.66414686825054,2178.7843137254904,503,0.21669980119284293
chacial01,2017,84.13333333333334,2039.373015873016,182,0.3021978021978022
chacijh01,2017,86.13876848985208,2233.5736434108526,3115,0.2770465489566613
chacijh01,2018,84.8719764924219,2147.827193569993,3323,0.2813722539873608
chacijh01,2019,84.44627249357326,2164.5469879518073,2027,0.26591021213616184
chacijh01,2020,84.7195652173913,2159.1847826086955,155,0.3419354838709677
chacijh01,2021,87.39877650897226,2318.832104832105,1226,0.2536704730831974
chacijh01,2022,87.6937649880096,2436.9136690647483,841,0.2497027348394768
chafian01,2017,89.08938906752411,2186.025806451613,1019,0.26594700686947986
chafian01,2018,88.89592476489028,2202.035602094241,977,0.26816786079836236
chafian01,2019,89.95241090146752,2252.188025210084,977,0.2917093142272262
chafian01,2020,90.44822134387351,2243.490118577075,259,0.27413127413127414
chafian01,2021,89.42544316996872,2196.890870933893,1009,0.2566897918731417
chafian01,2022,88.68388829215895,2228.5860215053763,931,0.2738990332975295
chafian01,2023,88.97843511450381,2275.115568290353,1059,0.2747875354107649
changyu01,2022,44.9076923076923,1083.16,26,0.15384615384615385
chapmar01,2017,97.20697906281157,2463.274279615795,1059,0.31728045325779036
chapmar01,2018,95.56415289256199,2491.321081081081,1006,0.34095427435387676
chapmar01,2019,94.22716390423572,2491.8687440982058,1134,0.31128747795414463
chapmar01,2020,95.5223880597015,2395.35447761194,284,0.3767605633802817
chapmar01,2021,93.62648945921173,2172.7633027522934,1091,0.31897341888175984
chapmar01,2022,93.19644322845419,2116.772602739726,731,0.30506155950752395
chapmar01,2023,95.75448943661972,2296.3964601769912,1194,0.35510887772194305
chargjt01,2018,90.14547206165703,2324.7505070993916,576,0.3385416666666667
chargjt01,2019,90.70364238410596,2302.109215017065,351,0.36182336182336183
chargjt01,2021,91.31092896174863,2246.617067833698,954,0.2746331236897275
chargjt01,2022,92.80632183908047,2341.543103448276,379,0.31398416886543534
chargjt01,2023,91.84472049689441,2428.0062111801244,815,0.28343558282208586
chatwty01,2017,91.48179368745188,2505.5775962660446,2781,0.23912261776339447
chatwty01,2018,90.24141829393629,2440.6225234619396,2128,0.24107142857142858
chatwty01,2019,92.97347696879642,2542.421209858103,1411,0.25726435152374205
chatwty01,2020,90.59339339339341,2596.3753753753754,415,0.3132530120481928
chatwty01,2021,91.42676056338028,2523.93661971831,710,0.2619718309859155
chaveje01,2017,88.1984842277755,2265.274453157243,2504,0.26317891373801916
chaveje01,2018,90.65266666666666,2302.3204013377926,1628,0.2831695331695332
chaveje01,2019,88.99869831546708,2220.107444359171,1368,0.2595029239766082
chaveje01,2020,89.0443076923077,2190.4984423676015,333,0.25825825825825827
chaveje01,2021,88.83103448275862,2118.095238095238,647,0.26120556414219476
chaveje01,2022,89.04983974358976,2111.7489975942262,1322,0.3063540090771558
chaveje01,2023,87.95566666666667,2146.5844827586207,657,0.3394216133942161
chenwe02,2017,86.91744421906694,1989.498985801217,619,0.25848142164781907
chenwe02,2018,86.9426497277677,2056.094090909091,2224,0.2702338129496403
chenwe02,2019,85.91676802780191,2176.5665499124343,1264,0.25079113924050633
chiriyo01,2018,91.1017530487805,2115.0938215102974,1437,0.25260960334029225
chiriyo01,2019,90.71258776328986,2072.0563097033687,2089,0.2575394925801819
chiriyo01,2020,90.55263157894737,1990.1894736842105,235,0.2765957446808511
chiriyo01,2022,90.55399999999997,2006.06,100,0.25
chiriyo01,2023,89.59490403706157,1897.9873670212767,1526,0.2346002621231979
cimbead01,2018,84.53972194637537,2180.2435387673954,1095,0.26666666666666666
cimbead01,2019,82.13941860465115,2143.969387755102,912,0.2675438596491228
cimbead01,2020,81.25690376569037,2257.1134453781515,263,0.2623574144486692
cimbead01,2021,84.20340017436791,2247.2022767075305,1147,0.26416739319965127
cimbead01,2022,83.40426110607434,2270.064781021898,1109,0.2768259693417493
cimbead01,2023,81.95179372197309,2231.8607305936075,446,0.25112107623318386
cingrto01,2017,92.75044359949304,2186.573315719947,874,0.28718535469107553
cingrto01,2018,91.1759067357513,2254.4366576819407,485,0.2865979381443299
cishest01,2017,83.88971193415638,2313.931412894376,729,0.3045267489711934
cishest01,2018,85.48748921484038,2367.286701208981,1229,0.3124491456468674
cishest01,2019,85.77517667844523,2338.084145261293,1166,0.2701543739279588
cishest01,2020,84.00641711229947,2319.554054054054,404,0.30445544554455445
cishest01,2021,85.00926204819277,2344.1115355233,1365,0.2761904761904762
cishest01,2022,84.70555095277548,2307.2833471416734,1228,0.2964169381107492
cisnejo01,2019,92.87383900928792,2375.887603305785,716,0.29329608938547486
cisnejo01,2020,93.0772639691715,2354.2697495183043,568,0.272887323943662
cisnejo01,2021,93.81694214876033,2370.885028949545,1210,0.26859504132231404
cisnejo01,2022,92.32938689217758,2373.1754756871037,476,0.2647058823529412
cisnejo01,2023,92.06240942028985,2351.0697463768115,1114,0.2719928186714542
civalaa01,2020,85.60197718631179,2474.963442498096,1343,0.3037974683544304
civalaa01,2021,86.40710612435717,2400.347703842549,2167,0.25703737886479006
civalaa01,2022,84.75387387387389,2600.580134064595,1717,0.26965637740244613
civalaa01,2023,86.46819498069499,2607.3586640851886,2143,0.2846476901539897
claibpr01,2017,88.84814814814814,2074.122448979592,103,0.22330097087378642
clarkta01,2019,89.32971391417425,2203.4250985545336,1572,0.22709923664122136
clarkta01,2020,89.47493917274939,2208.7518248175184,904,0.27876106194690264
clarkta01,2021,91.73371298405468,2101.518264840183,904,0.2411504424778761
clarkta01,2022,91.61210710128056,2078.034965034965,899,0.22691879866518352
clarkta01,2023,89.5620786516854,2169.476995305164,1106,0.2694394213381555
claseem01,2019,97.38666666666666,2572.978723404255,353,0.28328611898017
claseem01,2021,97.73376503237742,2568.382380506092,1127,0.30612244897959184
claseem01,2022,96.5438613861386,2644.796828543112,1044,0.3055555555555556
claseem01,2023,96.48832309043021,2619.342151675485,1205,0.27634854771784234
claudal01,2017,80.74550218340612,2093.0154545454548,1202,0.2753743760399334
claudal01,2018,79.27121495327103,2085.7312859884837,1124,0.2900355871886121
claudal01,2019,79.54509202453988,2093.8869936034116,1043,0.29338446788111217
claudal01,2020,78.68652694610778,2050.125748502994,368,0.32065217391304346
claudal01,2021,79.5808,1954.9067524115756,659,0.2701062215477997
claudal01,2022,78.16385542168673,1921.578313253012,108,0.28703703703703703
claudal01,2023,80.85,1830.0,29,0.13793103448275862
claysa01,2021,89.84472123368921,2067.5136741973843,879,0.2434584755403868
claysa01,2022,88.91129032258064,2078.691056910569,152,0.3223684210526316
cleavga01,2020,86.51,2388.5,67,0.373134328358209
cleavga01,2021,90.16923076923075,2481.0079575596815,442,0.3257918552036199
cleavga01,2022,89.70783847980998,2469.647619047619,465,0.35053763440860214
cleavga01,2023,88.73362831858407,2520.854599406528,344,0.27906976744186046
clemeer01,2022,65.6452380952381,1338.5,42,0.16666666666666666
clemeer01,2023,69.31,1337.9,20,0.15
clemeko01,2022,54.16931818181818,1258.8181818181818,88,0.06818181818181818
clemeko01,2023,51.64390243902438,1231.0,41,0.21951219512195122
clevimi01,2017,87.51854951185496,2102.3362788414333,2232,0.2939068100358423
clevimi01,2018,87.6666270077335,2195.1801909307874,3510,0.3005698005698006
clevimi01,2019,88.60046040515654,2289.2895343476257,2284,0.318739054290718
clevimi01,2020,87.5246947082768,2326.009497964722,737,0.29579375848032563
clevimi01,2022,88.37021489255372,2275.0279860069963,2034,0.2576204523107178
clevimi01,2023,88.14138095238096,2201.485224022879,2219,0.2586750788643533
clippty01,2017,84.21051212938005,2127.3459516298635,1137,0.2884784520668426
clippty01,2018,84.79102005231037,2110.0705645161293,1217,0.294987674609696
clippty01,2019,83.90495156081808,2101.311557788945,958,0.2849686847599165
clippty01,2020,82.61131639722865,2040.1524249422632,469,0.2942430703624733
clippty01,2021,83.09062500000002,1949.9304932735427,466,0.22746781115879827
clippty01,2022,82.49115044247787,1864.7345132743362,120,0.2833333333333333
cloydty01,2017,89.69285714285714,2245.8571428571427,14,0.14285714285714285
cloydty01,2018,87.66190476190476,2307.660606060606,404,0.24257425742574257
cobbal01,2017,87.00688202247191,2177.8591994382023,2968,0.25673854447439354
cobbal01,2018,88.21017644645056,2092.461001642036,2437,0.24784571194091096
cobbal01,2019,88.59563318777293,1958.7292576419213,299,0.27759197324414714
cobbal01,2020,88.7129779837775,2010.643023255814,867,0.27566320645905423
cobbal01,2021,89.20696643445218,1984.937896070976,1640,0.2945121951219512
cobbal01,2022,90.93196856906535,1952.460199004975,2477,0.29067420266451355
cobbal01,2023,90.40474860335195,2004.8924126856684,2603,0.27775643488282753
codyky01,2020,89.11459459459458,2273.4383561643835,370,0.26756756756756755
codyky01,2021,89.53849557522125,2166.9424778761063,310,0.27419354838709675
coleaj01,2017,88.63297758804697,2100.889515219842,1034,0.24854932301740812
coleaj01,2018,86.48105625717567,2224.436081242533,999,0.3153153153153153
coleaj01,2019,88.25322245322246,2383.355789473684,540,0.29814814814814816
coleaj01,2020,87.56534653465346,2273.7227722772277,443,0.26410835214446954
coleaj01,2021,89.1405172413793,2279.0344827586205,232,0.2629310344827586
colege01,2017,91.85794449527293,2200.7603744149765,3368,0.27434679334916867
colege01,2018,91.897212543554,2473.0889991245986,3651,0.3168994795946316
colege01,2019,92.54899002812579,2566.281266083376,4019,0.33117690967902463
colege01,2020,91.9559039359573,2537.182788525684,1579,0.3147561747941735
colege01,2022,92.90995940460083,2435.8889791497427,3695,0.3112313937753721
colege01,2023,92.7225165562914,2432.5491169977927,3624,0.27786975717439294
colemdy01,2021,92.8577981651376,2512.4770642201834,109,0.22018348623853212
colemdy01,2022,91.50796680497926,2456.856312292359,1238,0.2778675282714055
colemdy01,2023,88.89275700934579,2442.0,508,0.3031496062992126
colemlo01,2018,86.24596491228071,2284.9987212276214,891,0.27497194163860833
coleta01,2017,90.36341463414634,2066.9756097560976,41,0.2682926829268293
coleta01,2018,89.07110332749563,2244.5719298245613,578,0.2698961937716263
coleta01,2019,89.37727771679472,2211.7815964523284,945,0.2677248677248677
colined01,2020,90.54583333333335,2599.75,55,0.23636363636363636
colliti01,2018,87.78625336927225,2310.3530997304583,447,0.30201342281879195
colliti01,2019,87.440625,2340.16875,242,0.32644628099173556
collmjo01,2017,80.22777777777777,1889.3245901639343,421,0.28978622327790976
colomal01,2017,91.40341708542714,2119.1508097165993,1047,0.27793696275071633
colomal01,2018,92.49709355131698,2125.2415985467755,1135,0.28105726872246695
colomal01,2019,91.55065590312816,2142.4550958627647,1024,0.25390625
colomal01,2020,90.86323529411764,2134.0343137254904,441,0.23809523809523808
colomal01,2021,90.68899755501222,2133.850855745721,1240,0.2661290322580645
colomal01,2022,91.37021028037383,2150.0934579439254,862,0.2122969837587007
colomal01,2023,91.682,2109.8,192,0.22395833333333334
colonba01,2017,86.72684210526316,2095.944736842105,2448,0.2602124183006536
colonba01,2018,86.07796229802514,2128.7616043262733,2340,0.25213675213675213
conlead01,2017,87.44642233856894,2216.187899941827,1834,0.24482006543075246
conlead01,2018,91.51821705426356,2185.813953488372,837,0.25686977299880526
conlead01,2019,91.61564561734212,2242.402321083172,1126,0.24156305506216696
conlead01,2021,90.75304054054054,2244.1114864864867,296,0.28378378378378377
conlopj01,2018,83.64222222222223,1949.5,204,0.29411764705882354
contrro01,2021,91.78292682926829,2520.048780487805,82,0.3170731707317073
contrro01,2022,89.09590714722053,2463.951652386781,1637,0.27916921197312156
contrro01,2023,87.37661612130886,2453.2322426177175,1273,0.2827965435978005
cookry01,2018,91.38878205128206,2316.599358974359,396,0.2601010101010101
coonrsa01,2019,93.3783185840708,2285.5177777777776,483,0.2525879917184265
coonrsa01,2020,94.28910256410256,2241.8214285714284,363,0.29201101928374656
coonrsa01,2021,95.61818181818182,2199.1711924439196,847,0.282172373081464
coonrsa01,2022,94.2313953488372,2127.021186440678,263,0.23193916349809887
coonrsa01,2023,91.23239436619718,2222.169014084507,213,0.3192488262910798
copelsc01,2018,84.37727272727273,2002.952380952381,22,0.3181818181818182
corbipa01,2017,87.23427304402914,2258.051707628471,3266,0.26148193508879364
corbipa01,2018,85.2692234848485,2279.496366508689,3245,0.289060092449923
corbipa01,2019,86.77424731182795,2253.771047513198,3882,0.26584234930448225
corbipa01,2020,84.39723422644771,2131.2640692640693,1205,0.23153526970954358
corbipa01,2021,87.14644750795334,2133.029370134466,2889,0.24299065420560748
corbipa01,2022,88.54738805970149,2076.374020156775,2718,0.246504782928624
corbipa01,2023,87.26933607118411,2057.277662517289,3050,0.2422950819672131
corcida01,2018,87.99285714285713,2151.315789473684,133,0.2706766917293233
cordeji01,2018,93.61536144578314,2153.210843373494,351,0.21367521367521367
cordeji01,2019,94.3839483394834,2053.1660516605166,580,0.2810344827586207
cordeji01,2020,93.97700205338809,2051.824742268041,519,0.2697495183044316
cordeji01,2023,94.36948051948052,2212.628246753247,633,0.29067930489731436
cortene01,2018,83.31944444444444,2177.5576923076924,227,0.30837004405286345
cortene01,2019,85.64025203854708,2143.071155317521,1442,0.28502080443828015
cortene01,2020,83.97777777777777,2165.190476190476,203,0.31527093596059114
cortene01,2021,86.02312385600976,2220.064063453325,1639,0.2708968883465528
cortene01,2022,87.11316270566728,2310.637893196781,2735,0.28190127970749546
cortene01,2023,87.47904761904762,2315.9625796178343,1260,0.2626984126984127
cosarja01,2017,88.32,2122.220374220374,608,0.22039473684210525
cosgrto01,2023,83.4831541218638,2469.792565947242,857,0.2893815635939323
cottojh01,2017,87.32292792792792,2242.8702118071205,2463,0.25253755582622817
cottojh01,2021,86.21846153846154,2349.133333333333,603,0.2620232172470978
cottojh01,2022,85.42339901477833,2346.479064039409,829,0.26417370325693607
couloda01,2017,85.68577540106952,2410.1700534759357,1066,0.2589118198874296
couloda01,2018,85.00121654501217,2384.1459854014597,450,0.28888888888888886
couloda01,2020,83.57600000000001,2560.4285714285716,92,0.32608695652173914
couloda01,2021,84.9429111531191,2354.4347826086955,541,0.24029574861367836
couloda01,2022,84.25175097276264,2350.105058365759,296,0.2905405405405405
couloda01,2023,85.86198704103673,2533.3140676117773,960,0.2947916666666667
cousija01,2021,88.08280701754387,2410.1426056338028,606,0.3448844884488449
cousija01,2022,88.43932584269663,2462.3932584269664,307,0.34201954397394135
cousija01,2023,87.65000000000002,2489.9356435643563,282,0.30141843971631205
coveydy01,2017,88.93143350604491,2050.5998209489703,1280,0.2078125
coveydy01,2018,90.78528265107214,2010.6763403836694,2067,0.24286405418480891
coveydy01,2019,90.8279685966634,1993.0947680157947,1078,0.24118738404452691
coveydy01,2020,87.71162790697674,1927.120930232558,265,0.2641509433962264
coveydy01,2023,91.84965986394558,2102.9700272479563,780,0.23076923076923078
coxau01,2023,87.0423875432526,2102.2629757785467,621,0.2898550724637681
crawfbr01,2023,81.93,2071.3,20,0.1
crawfku01,2021,88.42456140350875,2335.0701754385964,57,0.2982456140350877
crawfku01,2022,89.17571214392804,2315.3628185907046,1357,0.27708179808400885
crawfku01,2023,88.1968556455455,2301.2194072657744,2231,0.27207530255490814
crichst01,2017,90.46260162601625,2351.054393305439,289,0.25951557093425603
crichst01,2019,88.15961904761906,2204.7161904761906,537,0.2774674115456238
crichst01,2020,86.82517482517483,2193.733966745843,454,0.28634361233480177
crichst01,2021,86.99355608591887,2054.0717703349283,461,0.2472885032537961
crickky01,2017,92.3829420970266,2452.915470494418,703,0.2532005689900427
crickky01,2018,92.05411089866158,2496.654875717017,1130,0.28938053097345134
crickky01,2019,90.07491961414792,2684.384780278671,991,0.2956609485368315
crickky01,2020,83.71225806451613,2740.2129032258063,169,0.3076923076923077
crickky01,2021,84.6157894736842,2858.3684210526317,551,0.279491833030853
crickky01,2022,84.93460207612456,2668.6920415224913,327,0.3180428134556575
crismna01,2020,82.66578947368421,1982.842105263158,121,0.24793388429752067
crismna01,2021,81.64023934181002,1886.9580838323354,1399,0.28448892065761255
crismna01,2022,83.02740112994351,1936.5715630885122,1106,0.29294755877034356
crismna01,2023,81.62557251908397,1943.8352490421455,311,0.29260450160771706
criswco01,2021,82.39756097560976,2019.9268292682927,41,0.14634146341463414
criswco01,2022,85.0488888888889,2229.6222222222223,45,0.37777777777777777
criswco01,2023,83.62122507122508,2180.08,709,0.2736248236953456
crochga01,2020,97.99574468085106,2462.21978021978,94,0.32978723404255317
crochga01,2021,93.01041879468845,2296.8222676200203,1034,0.281431334622824
crochga01,2023,92.49041095890412,2299.491408934708,292,0.25
crockky01,2017,85.2,1887.219512195122,114,0.45614035087719296
crockky01,2018,84.51764705882354,1788.4598930481284,236,0.2584745762711864
croneja01,2021,87.72857142857141,2058.285714285714,7,0.2857142857142857
cronide01,2023,89.60466321243524,2635.4455958549224,242,0.2396694214876033
crousha01,2021,88.72290076335878,2188.1221374045804,165,0.2
crowewi01,2020,88.09536082474227,2256.092783505155,245,0.19591836734693877
crowewi01,2021,88.5474801061008,2340.139442231076,2297,0.24379625598606877
crowewi01,2022,89.51387591727818,2312.7765886287625,1513,0.2656972901520159
crowewi01,2023,88.31432926829268,2389.1257668711655,339,0.2713864306784661
cruzfe01,2022,87.19615384615385,1949.7923076923078,272,0.29044117647058826
cruzfe01,2023,87.6001733102253,1799.802964254577,1172,0.295221843003413
cruzje01,2020,88.32307692307693,1942.974358974359,54,0.2222222222222222
cruzje01,2022,91.68220858895705,2281.1481481481483,163,0.22085889570552147
cruzrh01,2018,88.56428571428572,2174.7843137254904,101,0.2079207920792079
cruzst01,2023,95.10153846153847,2159.096153846154,277,0.2563176895306859
cuasjo01,2022,88.93871906841338,2527.7365356623,712,0.28230337078651685
cuasjo01,2023,89.66270764119601,2461.323283082077,1244,0.29260450160771706
cuetojo01,2017,87.3977114041893,2040.6045066045067,2642,0.24034822104466314
cuetojo01,2018,85.49509132420091,2015.9226327944573,952,0.25840336134453784
cuetojo01,2019,87.46679245283018,2123.0266159695816,265,0.23773584905660378
cuetojo01,2020,86.12043668122271,1995.634295713036,1188,0.2415824915824916
cuetojo01,2021,87.66730564430246,2018.1847237269772,1952,0.24538934426229508
cuetojo01,2022,87.3006323777403,2001.626582278481,2372,0.2318718381112985
cuetojo01,2023,88.81326203208556,2041.4470588235295,935,0.2235294117647059
cuevawi01,2017,85.96666666666667,2281.0,34,0.3235294117647059
cuevawi01,2018,85.82902298850574,2394.9149560117303,388,0.2963917525773196
culbech01,2018,91.3,2444.2,10,0.2
culbech01,2019,88.01730769230768,2385.576923076923,52,0.15384615384615385
culbech01,2020,88.94999999999999,2388.5,2,0.0
culbech01,2021,89.98666666666668,2387.6,15,0.2
culbech01,2022,88.92142857142856,2454.464285714286,28,0.17857142857142858
cumptbr01,2018,87.91739130434782,2310.1739130434785,46,0.2826086956521739
curryxz01,2022,88.56969696969696,2266.4242424242425,165,0.24242424242424243
curryxz01,2023,87.60686922060765,2237.2001321003963,1597,0.24608641202254228
curtijo02,2017,92.49030303030304,2321.418181818182,175,0.26285714285714284
curtijo02,2018,90.55775862068967,2388.0701754385964,155,0.23225806451612904
curtijo02,2019,88.73563218390805,2403.2948717948716,139,0.26618705035971224
curtijo02,2020,90.27679856115107,2433.8525179856115,614,0.2785016286644951
curtijo02,2021,91.2121568627451,2437.6925098554534,788,0.30076142131979694
curtijo02,2023,90.50168539325843,2410.4914285714285,388,0.2757731958762887
curtiza01,2017,88.82138364779874,2000.5732484076434,179,0.24581005586592178
curtiza01,2018,90.27791798107256,2219.74358974359,381,0.27034120734908135
cyrty01,2022,90.75444444444443,1867.2862453531598,270,0.24444444444444444
cyrty01,2023,90.90833333333333,1849.5,89,0.33707865168539325
danieda01,2023,87.32385321100918,2172.091743119266,218,0.22935779816513763
danisty01,2017,85.60091743119266,1821.9444444444443,161,0.2795031055900621
danisty01,2018,84.15220588235294,1908.2279411764705,175,0.26285714285714284
danisty01,2022,85.86852409638554,2002.1266968325792,708,0.269774011299435
danneha01,2023,91.7725806451613,2191.1612903225805,62,0.3064516129032258
darnach01,2018,79.41250000000001,2101.125,16,0.3125
darviyu01,2017,89.04279635258358,2517.6325263811295,3476,0.29142692750287685
darviyu01,2018,90.22270270270269,2522.965763195435,879,0.28896473265073946
darviyu01,2019,88.32942415730336,2516.7165479018213,2966,0.2980445043830074
darviyu01,2020,87.42328767123288,2606.9383561643835,1362,0.3311306901615272
darviyu01,2021,86.9641747923438,2615.462594868088,2838,0.29950669485553205
darviyu01,2022,88.03506106642836,2515.846291331546,3441,0.2911944202266783
darviyu01,2023,87.82339945897205,2505.7570009033425,2218,0.2844905320108206
davidma02,2018,82.65454545454546,2135.2051282051284,44,0.22727272727272727
davidma02,2020,80.47826086956522,1931.0217391304348,46,0.13043478260869565
davidtu01,2020,89.46415094339623,2018.2641509433963,104,0.22115384615384615
davidtu01,2021,88.9199438202247,2150.0112359550562,377,0.26525198938992045
davidtu01,2022,88.68366228070175,2157.716960352423,948,0.25
davidtu01,2023,86.44522776572668,2080.1742919389976,1073,0.2870456663560112
davisau01,2018,88.39283387622149,2160.05220228385,619,0.2762520193861066
davisau01,2019,89.60270270270271,2432.4080604534006,476,0.28361344537815125
davisau01,2020,88.752,2337.181208053691,191,0.36649214659685864
davisau01,2021,88.0923076923077,2187.925155925156,481,0.2577962577962578
davisau01,2022,87.59236172080773,2240.912389380531,1184,0.27449324324324326
davisch02,2019,82.7590909090909,2085.5238095238096,22,0.09090909090909091
davisjd01,2017,90.8151515151515,2023.0,33,0.24242424242424243
davisjd01,2018,90.96666666666668,2098.1111111111113,9,0.3333333333333333
davisno01,2022,86.284375,2408.90625,55,0.34545454545454546
davisno01,2023,89.05730027548209,2220.468232044199,776,0.23711340206185566
davisro03,2017,89.67277580071175,2047.5959409594095,699,0.25894134477825465
davisro03,2019,89.09531250000002,1886.5674157303372,249,0.23293172690763053
davista01,2019,59.6,1614.3333333333333,12,0.08333333333333333
daviswa01,2017,90.8008943089431,2449.9624796084827,1283,0.27435697583788
daviswa01,2018,90.37383720930234,2523.6497504159734,1218,0.2627257799671593
daviswa01,2019,89.69526493799324,2546.5,911,0.23929747530186607
daviswa01,2020,87.98589743589743,2447.326923076923,161,0.2608695652173913
daviswa01,2021,89.0417413572343,2490.2133676092544,818,0.2114914425427873
daytogr01,2017,88.7110576923077,2261.300480769231,486,0.2551440329218107
daytogr01,2019,87.13039215686275,2301.774509803922,224,0.25892857142857145
daytogr01,2020,85.22644927536231,2297.7391304347825,604,0.2582781456953642
daytogr01,2021,86.4069306930693,2256.4026402640266,335,0.2626865671641791
deetzde01,2018,89.64237288135593,2457.6271186440677,59,0.288135593220339
degeubr01,2021,90.24912854030501,2123.1945355191256,962,0.2515592515592516
degroja01,2017,91.53200506008855,2316.4157844080846,3270,0.3100917431192661
degroja01,2018,92.58981308411215,2291.5709789109223,3266,0.320269442743417
degroja01,2019,94.04719523660295,2302.365220145708,3406,0.2988843217850851
degroja01,2020,94.81612334801763,2370.4651982378855,1171,0.34244235695986336
degroja01,2021,95.92656739811912,2406.1684952978057,1351,0.3649148778682457
degroja01,2022,95.03264942016058,2479.5842997323816,1121,0.3479036574487065
degroja01,2023,95.21729490022173,2510.6784922394677,505,0.3702970297029703
dejesan01,2022,90.08202764976959,2251.6435185185187,217,0.24423963133640553
dejesen01,2023,88.27848837209302,2269.3662790697676,172,0.26744186046511625
dejonch01,2017,86.25589519650656,2202.9757709251103,610,0.22295081967213115
dejonch01,2018,85.37636363636364,2112.133333333333,314,0.23248407643312102
dejonch01,2019,87.29130434782608,2295.1739130434785,117,0.1794871794871795
dejonch01,2020,87.0020979020979,2386.2167832167834,143,0.3006993006993007
dejonch01,2021,87.04167517875383,2455.5771195097036,979,0.2512768130745659
dejonch01,2022,86.64869706840392,2439.985342019544,1233,0.2587185725871857
dejonch01,2023,86.07177615571776,2263.1882640586796,411,0.26034063260340634
delarru01,2017,91.1112,2319.7256637168143,125,0.376
deleojo03,2017,88.07246376811594,2107.029411764706,104,0.25961538461538464
deleojo03,2019,87.63374999999999,1956.6375,80,0.325
deleojo03,2020,91.77111111111111,2056.4555555555557,207,0.30917874396135264
deleojo03,2021,89.01469740634006,2044.6685878962537,519,0.325626204238921
deleojo03,2023,88.3281795511222,2096.812030075188,401,0.3341645885286783
delgara01,2017,90.61529411764705,2204.1566484517302,1178,0.27504244482173174
delgara01,2018,88.52277227722772,2143.990049751244,202,0.24257425742574257
delosen01,2018,90.27791044776119,2092.3012048192772,352,0.2556818181818182
delosen01,2019,89.26306818181818,2074.806818181818,229,0.34934497816593885
delosen01,2021,91.37263556116015,2109.4754098360654,802,0.27057356608478805
delosen01,2022,90.84765625,2181.5608646188853,952,0.29831932773109243
delosen01,2023,91.40442978322338,2206.7396226415094,1106,0.26853526220614826
delosye01,2022,90.73674832962139,2192.574610244989,453,0.2582781456953642
delosye01,2023,91.63497053045187,2027.5917159763314,513,0.2378167641325536
delpomi01,2019,89.53934426229506,2301.277777777778,207,0.25120772946859904
delpomi01,2020,88.24112903225806,2270.8951612903224,181,0.34806629834254144
delpomi01,2021,88.87100000000001,2220.26,100,0.25
demertr01,2020,81.5,2038.5882352941176,17,0.17647058823529413
dermoma01,2017,89.17507331378299,2252.6401179941004,379,0.24802110817941952
dermoma01,2020,88.24444444444445,1930.6666666666667,9,0.1111111111111111
dermoma01,2022,86.32692307692308,2123.576923076923,48,0.3541666666666667
dermoma01,2023,87.90921052631579,2229.6710526315787,125,0.344
descada01,2017,77.01923076923077,1949.4615384615386,26,0.15384615384615385
descada01,2018,73.31627906976745,1914.142857142857,43,0.16279069767441862
descada01,2019,77.25714285714285,1984.5714285714287,14,0.0
desclan01,2018,90.53480446927374,2127.288483466363,1838,0.26985854189336234
desclan01,2019,91.31489927784112,2167.036750483559,2857,0.2569128456422821
desclan01,2020,90.33887043189368,2097.540765391015,636,0.2389937106918239
desclan01,2021,90.35355761794277,2113.4777691107643,2664,0.27402402402402404
desclan01,2022,88.5580547112462,2121.629179331307,406,0.26354679802955666
desclan01,2023,89.33625806451613,2100.7718832891246,1621,0.2652683528685996
desmoia01,2019,85.08000000000001,2129.3333333333335,15,0.2
despaod01,2017,88.23139896373057,2202.4609704641352,985,0.22436548223350253
despaod01,2018,87.42627450980393,2269.8239159001314,948,0.2626582278481013
despaod01,2019,87.7749019607843,2305.4901960784314,292,0.2191780821917808
detmere01,2021,85.58812664907651,2148.3050397877983,394,0.2639593908629442
detmere01,2022,86.66689591930307,2106.2598714416895,2227,0.27211495285136955
detmere01,2023,88.24976440739397,2118.739776951673,2856,0.27205882352941174
detwiro01,2018,85.67500000000001,1936.671052631579,76,0.18421052631578946
detwiro01,2019,87.84995678478825,2093.676750216076,1157,0.22212618841832324
detwiro01,2020,87.92167630057804,2137.2395209580836,391,0.27365728900255754
detwiro01,2021,87.78872104733134,2081.326551373347,999,0.2772772772772773
detwiro01,2022,88.80339702760084,2135.111827956989,471,0.26963906581740976
devench02,2017,87.46666666666667,2029.9207142857142,1540,0.3233766233766234
devench02,2018,87.45445161290324,2035.1928665785997,849,0.32744405182567726
devench02,2019,88.27322768974146,2095.120441051739,1259,0.2756155679110405
devench02,2020,85.51304347826087,2077.9304347826087,151,0.31125827814569534
devench02,2021,83.94631578947369,1974.6526315789474,213,0.3051643192488263
devench02,2022,87.71535269709543,1924.2282157676348,241,0.2987551867219917
devench02,2023,85.90113636363637,1919.3922413793102,735,0.2802721088435374
diazal03,2022,92.5626893939394,2688.478473581213,1123,0.29741763134461263
diazal03,2023,90.94376068376069,2598.4559452523526,1218,0.2881773399014778
diazda01,2017,91.27977528089886,2288.87265917603,318,0.3270440251572327
diazed04,2017,94.44960070984915,2303.055504162812,1177,0.2973661852166525
diazed04,2018,94.1932536293766,2353.4618680377034,1243,0.33869670152855996
diazed04,2019,94.72807835820896,2369.908582089552,1134,0.31746031746031744
diazed04,2020,94.67489959839358,2334.8289738430585,513,0.3489278752436647
diazed04,2021,95.66964285714286,2261.9219924812032,1081,0.3145235892691952
diazed04,2022,94.32876984126983,2305.0426587301586,1018,0.4037328094302554
diazja01,2017,94.8648484848485,2205.8,165,0.16363636363636364
diazja01,2019,93.13752783964365,2271.954648526077,906,0.25496688741721857
diazja01,2020,90.87971360381863,2237.710144927536,419,0.22911694510739858
diazjh01,2021,84.6970464135021,2235.7744680851065,237,0.25738396624472576
diazjh01,2022,84.87669491525423,2281.9025423728813,249,0.23694779116465864
diazjh01,2023,84.865625,2271.46875,202,0.26732673267326734
diazju03,2017,91.71152416356877,2298.388773388773,599,0.27378964941569284
diazmi02,2017,91.89058524173028,2244.3576072821847,855,0.24444444444444444
diazmi02,2018,91.23314121037464,2198.0473372781066,360,0.30833333333333335
diazmi02,2019,91.24901960784315,2156.4950495049507,102,0.2549019607843137
diazmi02,2021,89.89930167597764,1967.7248603351954,748,0.2727272727272727
diazmi02,2022,92.0494623655914,2114.2365591397847,110,0.2818181818181818
diazmi02,2023,90.58567251461989,2144.4005847953217,370,0.3027027027027027
diazye01,2019,93.70606060606062,2098.0,67,0.19402985074626866
diazye01,2021,93.14016563146997,1923.320910973085,483,0.2422360248447205
dickeco01,2022,64.2888888888889,1552.611111111111,18,0.1111111111111111
dicksbr01,2021,89.24571428571429,2281.2285714285713,35,0.2857142857142857
diehlph01,2019,85.56376811594203,2588.4338235294117,229,0.4192139737991266
diehlph01,2020,85.03357142857143,2621.130769230769,171,0.3508771929824561
diehlph01,2022,87.44333333333334,2401.8,154,0.2922077922077922
diekmja01,2017,90.78138297872339,2299.514450867052,188,0.25
diekmja01,2018,90.55068093385215,2350.474626865672,1090,0.2779816513761468
diekmja01,2019,90.78722689075632,2450.6422018348626,1249,0.32265812650120096
diekmja01,2020,90.21847826086956,2446.253303964758,505,0.33663366336633666
diekmja01,2021,91.3783542039356,2376.9145220588234,1154,0.3128249566724437
diekmja01,2022,90.31629213483146,2450.7439807383626,1270,0.29763779527559053
diekmja01,2023,91.9498545101843,2255.5952143569293,1079,0.29564411492122333
difowi01,2021,80.36271186440678,1992.3559322033898,59,0.1694915254237288
diplama01,2021,89.4330078125,2313.482421875,524,0.25572519083969464
diplama01,2022,88.57540983606557,2293.603305785124,141,0.3049645390070922
dixonbr01,2018,65.77142857142857,1374.642857142857,14,0.42857142857142855
dixonbr01,2019,63.48571428571429,1334.75,28,0.21428571428571427
dixonbr01,2023,49.57142857142857,1083.2857142857142,7,0.14285714285714285
dobnara01,2019,89.40212765957448,2043.3044444444445,470,0.26170212765957446
dobnara01,2020,87.73061497326204,2072.242587601078,809,0.2484548825710754
dobnara01,2021,88.61560913705584,2086.2376111817025,877,0.2782212086659065
dodddy01,2023,87.45735294117647,2057.7614379084966,721,0.2801664355062413
dohyky01,2021,88.94,1984.8,20,0.15
dolisra01,2020,90.92328767123288,2119.2625570776254,450,0.2822222222222222
dolisra01,2021,91.81947852760737,2201.1242331288345,652,0.28067484662576686
dominse01,2018,95.08968850698174,2323.3078703703704,973,0.3278520041109969
dominse01,2019,94.38017241379309,2357.1268292682926,534,0.31835205992509363
dominse01,2021,92.40714285714286,2200.4285714285716,14,0.21428571428571427
dominse01,2022,95.13161290322581,2344.601134215501,1085,0.28755760368663597
dominse01,2023,95.29702325581394,2315.5228331780054,1078,0.24953617810760667
donaljo02,2023,84.23636363636363,2047.3636363636363,11,0.09090909090909091
doolise01,2017,93.32759856630824,2212.794653705954,879,0.29692832764505117
doolise01,2018,92.55520504731861,2207.6111111111113,689,0.31204644412191584
doolise01,2019,92.14013050570962,2223.839966832504,1269,0.24113475177304963
doolise01,2020,88.70283687943262,2180.148936170213,176,0.2159090909090909
doolise01,2021,90.8269053117783,2216.178983833718,955,0.2534031413612565
doolise01,2022,89.51636363636364,2263.4545454545455,86,0.32558139534883723
dovalca01,2021,91.34168224299066,2533.9248120300754,563,0.32326820603907636
dovalca01,2022,94.0614629794826,2537.087466185753,1160,0.3017241379310345
dovalca01,2023,95.25970409051348,2462.5743183817062,1184,0.31503378378378377
dowdyky01,2019,91.22534246575341,2110.878220140515,534,0.24157303370786518
dowdyky01,2022,89.15894736842104,2347.8105263157895,132,0.22727272727272727
doyleto01,2020,91.34411764705881,2075.989898989899,117,0.20512820512820512
doyleto01,2023,91.73607954545454,2130.755681818182,352,0.2471590909090909
doziebr01,2019,68.92666666666668,1763.5333333333333,16,0.125
doziehu01,2022,70.67826086956522,1662.7391304347825,23,0.21739130434782608
drakeol01,2017,87.6984718242598,1647.1266331658292,1151,0.27801911381407474
drakeol01,2018,87.53268998793727,1794.8967320261438,936,0.2831196581196581
drakeol01,2019,87.8874873864783,1575.7327188940092,1082,0.32070240295748614
drakeol01,2020,87.24324324324324,1656.1891891891892,216,0.32407407407407407
drurybr01,2021,73.6111111111111,1995.1851851851852,27,0.2222222222222222
duartda01,2022,90.96415094339623,2394.056603773585,127,0.2283464566929134
duartda01,2023,91.79667832167831,2395.3765323992993,614,0.250814332247557
dubinsh01,2023,89.88340807174887,2383.932735426009,254,0.2204724409448819
duensbr01,2017,85.89227353463588,2179.1951447245565,1187,0.2502106149957877
duensbr01,2018,85.77314049586776,2139.266094420601,788,0.2398477157360406
duffety01,2017,87.98035555555555,2321.740213523132,1190,0.27647058823529413
duffety01,2018,88.25395683453237,2368.1630695443646,515,0.2504854368932039
duffety01,2019,88.59031007751938,2408.438953488372,1106,0.29294755877034356
duffety01,2020,87.00673316708229,2385.498753117207,427,0.32786885245901637
duffety01,2021,86.92217428817946,2378.5142364106987,1173,0.27877237851662406
duffety01,2022,87.14706632653063,2354.098214285714,789,0.26108998732572875
duffety01,2023,87.3225806451613,2352.7741935483873,95,0.25263157894736843
duffyda01,2017,87.77693661971831,2267.8858818222825,2441,0.2736583367472347
duffyda01,2018,88.0954415954416,2304.394557823129,2936,0.24863760217983652
duffyda01,2019,87.6826006478482,2269.381220657277,2161,0.2586765386395187
duffyda01,2020,86.90084835630965,2218.0572640509013,987,0.2826747720364742
duffyda01,2021,88.67583333333333,2334.412037037037,1175,0.27914893617021275
duffyma01,2021,76.66,1704.2,5,0.2
duffyma01,2023,76.40689655172415,1626.1724137931035,29,0.1724137931034483
duggero01,2019,84.67165492957747,2173.3523622047246,593,0.2327150084317032
duggero01,2020,86.29454545454546,2360.2145454545453,331,0.22658610271903323
duggero01,2021,83.34642082429501,2143.3938730853392,475,0.28842105263157897
duggero01,2022,82.57007042253521,2028.9859154929577,284,0.2887323943661972
dukeza01,2017,83.35217391304349,1979.7849056603773,276,0.29347826086956524
dukeza01,2018,82.72431544359256,1999.5777287761853,978,0.2505112474437628
dukeza01,2019,84.16966019417477,2189.1920199501246,499,0.250501002004008
dullry01,2017,86.90686015831133,2314.436728395062,806,0.2903225806451613
dullry01,2018,86.69041769041769,2369.675392670157,419,0.24821002386634844
dullry01,2019,87.38429118773946,2423.493392070485,304,0.27960526315789475
dunnida01,2020,88.06762360446571,2106.2044728434503,627,0.2759170653907496
dunnida01,2021,86.36822810590633,2047.2080777096114,1990,0.2748743718592965
dunnida01,2022,85.09964678178963,2014.432103610675,2608,0.268021472392638
dunnida01,2023,87.03681046676095,2121.5207373271887,2965,0.2694772344013491
dunnju01,2019,88.38308823529411,2303.6525423728813,237,0.3206751054852321
dunnju01,2022,87.20944444444444,2276.8931623931626,540,0.2574074074074074
dunnmi01,2017,88.57981072555205,2376.6609257265877,994,0.2605633802816901
dunnmi01,2018,88.08179669030733,2328.2416267942585,436,0.24770642201834864
dunnmi01,2019,87.15331491712708,2347.7653631284916,392,0.29081632653061223
duplajo01,2019,88.13607954545454,2153.88302425107,705,0.24113475177304963
duplajo01,2021,88.01850649350648,2187.303149606299,308,0.23376623376623376
duranjh01,2022,95.49208103130755,2239.2504604051564,1102,0.31851179673321234
duranjh01,2023,96.74,2168.4805867126834,1165,0.2918454935622318
durapmo01,2019,88.28839285714287,2639.8435582822085,380,0.3
duronni01,2022,93.55526315789473,2332.3026315789475,76,0.27631578947368424
dysonsa01,2017,92.90658036677455,2327.8064864864864,971,0.24098867147270855
dysonsa01,2018,91.18510223953263,2305.748046875,1096,0.2591240875912409
dysonsa01,2019,91.62585596221959,2394.5667060212513,896,0.2622767857142857
eadesry01,2019,87.32970297029702,2065.7708333333335,251,0.2948207171314741
eatonad02,2021,84.6,2091.0,21,0.19047619047619047
eatonna01,2023,88.15000000000002,2112.9545454545455,22,0.18181818181818182
edginjo01,2017,86.71262295081968,2158.01230228471,683,0.2679355783308931
edwarca01,2017,91.03090472377902,2620.4059247397918,1301,0.2897770945426595
edwarca01,2018,91.03572938689217,2596.535940803383,1013,0.2872655478775913
edwarca01,2019,90.52704225352112,2539.461971830986,396,0.25
edwarca01,2020,88.43571428571428,2440.3035714285716,119,0.31092436974789917
edwarca01,2021,88.8203125,2494.5234375,186,0.27419354838709675
edwarca01,2022,90.99453658536585,2349.254154447703,1066,0.2589118198874296
edwarca01,2023,90.67949921752738,2318.860538827258,674,0.2655786350148368
edwarjo02,2018,91.58920863309352,2555.9632352941176,139,0.3237410071942446
edwarjo02,2019,88.97964071856288,2503.97385620915,224,0.32142857142857145
effrosc01,2021,86.73468468468468,2294.4414414414414,222,0.35135135135135137
effrosc01,2022,85.0642944785276,2291.9372693726937,871,0.31228473019517794
eflinza01,2017,89.45722713864306,2163.3681102362207,1020,0.23823529411764705
eflinza01,2018,90.40328431372549,2155.728981206726,2139,0.27255726975222067
eflinza01,2019,90.1439517697394,2164.7039345539542,2717,0.2719911667280088
eflinza01,2020,90.47809419496167,2135.825848849945,945,0.2613756613756614
eflinza01,2021,89.00337335620354,2062.5776504297996,1749,0.2858776443682104
eflinza01,2022,88.72475116124753,2146.3572377158034,1507,0.278699402786994
eflinza01,2023,87.0004446091145,2239.271142433234,2737,0.2955791012056997
eibnebr01,2020,90.76176470588237,2322.6029411764707,68,0.16176470588235295
eickhje01,2017,84.7236261155472,2319.957899716178,2285,0.2647702407002188
eickhje01,2018,85.0561224489796,2440.734693877551,190,0.34210526315789475
eickhje01,2019,83.1022587268994,2561.821171634121,1052,0.282319391634981
eickhje01,2021,85.04696969696971,2188.782828282828,413,0.22518159806295399
eickhje01,2022,82.49842931937174,2004.0575916230366,191,0.27225130890052357
elderbr01,2022,87.85017182130584,2139.9610538373427,922,0.25379609544468545
elderbr01,2023,86.70880235602094,2161.324483775811,3071,0.25952458482578966
eliasro01,2017,87.38181818181819,2221.6363636363635,44,0.45454545454545453
eliasro01,2018,88.59119420989144,2368.0168878166464,942,0.23779193205944799
eliasro01,2019,89.5600985221675,2401.350985221675,926,0.2710583153347732
eliasro01,2022,87.16052631578948,2121.1315789473683,114,0.23684210526315788
elledse01,2020,89.72900432900434,2364.1739130434785,248,0.2701612903225806
elledse01,2021,90.289,2301.9933333333333,304,0.2730263157894737
ellinbr02,2017,95.79031216361679,2489.831298557159,1045,0.23062200956937798
ellisch01,2019,87.73421052631579,2347.0263157894738,113,0.2920353982300885
ellisch01,2021,89.31893491124261,2318.516765285996,565,0.2584070796460177
ellisch01,2022,88.98392857142858,2204.0,153,0.2222222222222222
emanuke01,2021,86.25723684210526,2066.6710526315787,331,0.28700906344410876
englema01,2023,86.03815789473684,2145.9135338345864,1086,0.2605893186003683
ennsdi01,2017,86.45232558139534,1947.4404761904761,134,0.20149253731343283
ennsdi01,2021,90.4575,2173.1583333333333,400,0.29
eovalna01,2018,92.72996696554978,2153.49375,2232,0.2594086021505376
eovalna01,2019,91.85981012658227,2138.348484848485,1310,0.2816793893129771
eovalna01,2020,91.07393048128341,2086.101604278075,804,0.2935323383084577
eovalna01,2021,90.3152400835073,2059.9340101522844,3420,0.29269005847953217
eovalna01,2022,89.13582518688902,2027.4441887226697,1826,0.2902519167579409
eovalna01,2023,89.29550991994431,2015.1376050420167,2941,0.26861611696701804
erceglu01,2023,94.17469654528479,1961.0271790065603,1101,0.27702089009990916
erlinro01,2018,86.48929230769231,2174.5655384615384,1674,0.2682198327359618
erlinro01,2019,85.96350364963503,2271.3920750782063,1034,0.2524177949709865
erlinro01,2020,84.72692307692307,2227.2020408163266,563,0.2539964476021314
erlinro01,2022,83.32000000000001,2135.25,62,0.24193548387096775
ervinph01,2018,76.5,1631.3333333333333,3,0.0
escobal02,2022,51.98333333333333,1283.0833333333333,24,0.16666666666666666
escobed01,2023,57.1159090909091,1558.1363636363637,44,0.13636363636363635
escoblu01,2019,90.91057692307693,2133.778846153846,131,0.16030534351145037
eshelto01,2019,81.89507389162561,1751.2380952380952,621,0.23671497584541062
eshelto01,2020,81.4497520661157,1751.5629139072848,678,0.2713864306784661
eshelto01,2021,82.36712018140588,1806.0867579908677,455,0.24615384615384617
espadjo01,2023,88.89200000000001,2084.6,44,0.25
espinan01,2022,90.87439999999998,1964.6069182389938,399,0.22807017543859648
espinpa01,2017,83.41547344110853,2215.785219399538,526,0.25475285171102663
espinpa01,2020,83.155223880597,2362.3880597014927,148,0.28378378378378377
espinpa01,2021,82.5811010215664,2439.5664772727273,1800,0.27055555555555555
espinpa01,2022,81.51142552055525,2501.530982905983,1900,0.2789473684210526
espinpa01,2023,80.41688311688313,2555.616883116883,186,0.23118279569892472
espinra01,2021,90.57,2258.16,76,0.25
espinra01,2022,88.68552631578947,2169.6052631578946,125,0.312
espinsa01,2020,70.65,1714.825,40,0.075
estesjo01,2023,87.55151515151515,2283.5636363636363,165,0.30303030303030304
estevca01,2017,94.5732057416268,2254.0765391014975,713,0.26227208976157085
estevca01,2019,94.67129840546697,2262.1661417322834,1354,0.30354505169867063
estevca01,2020,93.1891891891892,2145.1787941787943,497,0.2917505030181087
estevca01,2021,93.64466192170818,2082.695187165775,1146,0.25218150087260033
estevca01,2022,94.5492606284658,2156.514787430684,1082,0.2245841035120148
estevca01,2023,94.21391529818496,2152.031304347826,1236,0.27184466019417475
estraje01,2022,93.06068376068374,2282.982905982906,117,0.19658119658119658
estraje01,2023,93.642,2297.704,274,0.24452554744525548
estrama01,2017,84.72874768661319,2333.1696483652067,3358,0.26384752829064917
estrama01,2018,83.06341072858287,2232.5212169735787,2609,0.2629359908010732
estrama01,2019,82.75015015015016,2217.741741741742,457,0.23851203501094093
evansde01,2020,90.47222222222223,2495.5555555555557,87,0.3563218390804598
evansde01,2021,88.01762452107279,2433.155172413793,522,0.2471264367816092
evansph01,2021,78.74,2120.2,5,0.0
faedoal01,2022,89.2011201629328,2256.098778004073,982,0.2525458248472505
faedoal01,2023,87.97126126126126,2417.808108108108,1128,0.28368794326241137
fairbpe01,2019,93.20697674418604,2313.1960227272725,387,0.2842377260981912
fairbpe01,2020,93.51642857142858,2405.44,752,0.30319148936170215
fairbpe01,2021,92.32686746987952,2389.4611650485435,847,0.2939787485242031
fairbpe01,2022,93.90574412532638,2478.824607329843,388,0.3402061855670103
fairbpe01,2023,92.74479804161567,2471.593865030675,817,0.32802937576499386
falteba01,2021,89.07164948453608,1797.2736660929431,582,0.27835051546391754
falteba01,2022,87.21045096635648,1943.1410998552822,1410,0.29219858156028367
falteba01,2023,85.8495518565941,1951.5923076923077,1579,0.24129195693476885
familje01,2017,94.33138686131386,2167.4658536585366,448,0.23660714285714285
familje01,2018,93.6488759367194,2228.9059117402167,1252,0.28753993610223644
familje01,2019,93.58885686839578,2170.901923076923,1097,0.2999088422971741
familje01,2020,93.76991701244813,2136.831600831601,526,0.2984790874524715
familje01,2021,94.71508771929825,2229.4991228070176,1150,0.2791304347826087
familje01,2022,93.83935135135135,2158.738202247191,925,0.2864864864864865
familje01,2023,90.83333333333333,2089.27323943662,368,0.25
fariaja01,2017,87.14916782246878,1941.2232267037552,1504,0.2712765957446808
fariaja01,2018,87.46402337228714,1876.2877516778524,1318,0.23596358118361152
fariaja01,2019,89.41372549019609,1832.4384236453202,470,0.2702127659574468
fariaja01,2021,87.1001564945227,1928.9295774647887,719,0.2545201668984701
fariaja01,2023,91.0879518072289,2223.2168674698796,104,0.3173076923076923
farmebu01,2017,88.10666666666667,2232.797552836485,969,0.2951496388028896
farmebu01,2018,90.15666400638467,2288.383319967923,1335,0.2614232209737828
farmebu01,2019,90.0283116883117,2282.618386816999,1244,0.2797427652733119
farmebu01,2020,89.61231671554252,2158.434017595308,371,0.261455525606469
farmebu01,2021,89.29096244131455,2234.919905771496,855,0.247953216374269
farmebu01,2022,89.64391971664698,2284.9773269689736,900,0.2866666666666667
farmebu01,2023,88.80822580645162,2302.367231638418,1306,0.2993874425727412
farmeky01,2019,,,12,0.3333333333333333
farquda01,2017,89.04094488188976,2228.832395950506,975,0.29846153846153844
farquda01,2018,88.71120689655173,2207.6206896551726,166,0.30120481927710846
farrelu01,2017,87.20203252032519,2243.2601626016262,294,0.22789115646258504
farrelu01,2018,88.5202302631579,2370.2023026315787,705,0.29219858156028367
farrelu01,2019,86.72688679245282,2506.3207547169814,237,0.3037974683544304
farrelu01,2020,84.46444444444445,2495.2296296296295,189,0.3492063492063492
farrelu01,2021,85.3280303030303,2464.146110056926,550,0.28545454545454546
farrelu01,2022,86.2698245614035,2401.7684210526318,285,0.2596491228070175
fauchca01,2022,90.67459584295614,2584.844547563805,450,0.28888888888888886
fauchca01,2023,90.32881944444443,2640.5923344947737,583,0.2864493996569468
feddeer01,2017,89.25,1885.0976430976432,386,0.25647668393782386
feddeer01,2018,89.38993644067797,1883.6002155172414,1050,0.26095238095238094
feddeer01,2019,88.2973581973582,1950.2216088328075,1390,0.22877697841726619
feddeer01,2020,89.47375000000001,1946.9203354297695,987,0.2259371833839919
feddeer01,2021,88.94081880826916,1979.9720194647202,2515,0.25089463220675945
feddeer01,2022,87.29625,2079.3040322580646,2537,0.24320063066614112
federti01,2019,63.55999999999999,1447.0,13,0.23076923076923078
feierry01,2019,77.32403846153845,1999.4242424242425,104,0.21153846153846154
feldmsc01,2017,85.01291152263374,2259.505924781041,2079,0.265031265031265
felipan01,2023,90.21660516605166,2146.842741935484,279,0.32974910394265233
felizmi01,2017,92.97708333333334,2266.560451977401,994,0.3148893360160966
felizmi01,2018,91.88126338329765,2238.8208616780043,1021,0.277179236043095
felizmi01,2019,91.85039370078741,2295.9242902208202,1109,0.29035166816952207
felizmi01,2020,89.71772151898735,2185.602564102564,118,0.3559322033898305
felizmi01,2021,88.78712643678162,2184.064367816092,454,0.2709251101321586
felizmi01,2022,88.18360655737706,2089.1147540983607,86,0.3488372093023256
felizne01,2017,92.53827586206897,2328.4141656662664,938,0.24520255863539445
felizne01,2021,91.48916666666666,2380.4666666666667,120,0.23333333333333334
feltnry01,2021,86.81830985915494,2281.5985915492956,142,0.2746478873239437
feltnry01,2022,89.17259953161592,2349.724748966332,1709,0.25043885313048564
feltnry01,2023,89.84151873767257,2230.930693069307,1041,0.26512968299711814
ferguca01,2018,89.06860068259384,2407.787258248009,880,0.30568181818181817
ferguca01,2019,90.48,2464.3161676646705,913,0.2617743702081051
ferguca01,2020,93.63856209150327,2350.449180327869,342,0.30116959064327486
ferguca01,2022,89.38754208754209,2568.661590524535,612,0.29411764705882354
ferguca01,2023,92.56325622775802,2467.954423592493,1169,0.2857142857142857
fernajo04,2018,88.90639534883721,2217.794117647059,209,0.23444976076555024
fernajo04,2019,89.10909090909091,2106.948051948052,120,0.24166666666666667
fernaju01,2019,90.76926605504588,2072.6543778801843,218,0.2889908256880734
fernaju01,2020,90.04615384615384,2006.7432432432433,127,0.3464566929133858
fernaju01,2021,92.99625935162095,2081.7775,401,0.23690773067331672
fernaju01,2022,94.39918699186993,2072.493224932249,369,0.25745257452574527
fernaju02,2021,96.91278195488722,2308.3308270676694,133,0.24060150375939848
ferreje01,2017,89.01727748691098,1956.4450261780105,210,0.23809523809523808
ferrejo01,2023,92.62754590984974,2078.4084033613444,613,0.233278955954323
festama01,2018,89.55471698113207,2242.4701986754967,159,0.25157232704402516
festama01,2019,89.22431761786599,2351.8594594594597,481,0.27234927234927236
festama01,2022,87.02934560327199,2470.97131147541,995,0.31155778894472363
festama01,2023,87.80564102564102,2471.348717948718,230,0.27391304347826084
feyerjo01,2020,89.70266666666666,2497.326666666667,182,0.2857142857142857
feyerjo01,2021,90.13355201499532,2400.0285442435775,1129,0.29052258635961026
feyerjo01,2022,88.48633720930233,2217.4738372093025,374,0.3048128342245989
fieldjo03,2017,92.16937431394071,2182.515916575192,972,0.25102880658436216
fieldjo03,2018,90.65808170515098,2146.3623445825933,601,0.2612312811980033
fieldjo04,2018,72.575,1892.1875,18,0.1111111111111111
fienca01,2017,89.41408450704223,2503.2488262910797,391,0.3069053708439898
fiersmi01,2017,84.70711567732116,2255.468595355919,2729,0.2634664712348846
fiersmi01,2018,84.84953130858644,2313.020997375328,2783,0.26877470355731226
fiersmi01,2019,85.90179767359888,2368.2403676210674,2954,0.25321597833446174
fiersmi01,2020,84.3284735812133,2206.531496062992,1111,0.24302430243024303
fiersmi01,2021,84.22105263157896,2279.3552631578946,152,0.21710526315789475
fillmhe01,2018,88.20128205128205,2204.101158301158,1391,0.2415528396836808
fillmhe01,2019,87.95077262693158,2169.9707207207207,572,0.23076923076923078
finnebr01,2017,90.22791666666667,2068.6858407079644,414,0.28743961352657005
finnebr01,2018,87.88433420365534,2182.873015873016,443,0.21896162528216703
finneky01,2020,92.72004716981132,1857.8156028368794,457,0.28227571115973743
finneky01,2021,93.02298039215687,1972.1843137254903,1306,0.27335375191424194
finneky01,2022,95.21832884097034,1990.3366336633662,1153,0.2792714657415438
finneky01,2023,94.89615048118984,1802.4175438596492,1191,0.2695214105793451
fishena01,2022,86.88600000000001,2138.44,50,0.26
fishmja01,2022,82.83508771929826,2109.2923976608186,171,0.25146198830409355
fistedo01,2017,85.73739629865985,2031.6984025559104,1569,0.2746972594008923
fistedo01,2018,85.24141238012206,1928.6033129904097,1211,0.259289843104872
flaaja01,2021,89.94574468085106,1775.3085106382978,107,0.2803738317757009
flaheja01,2017,88.4505617977528,2191.503164556962,423,0.30969267139479906
flaheja01,2018,87.98321732405259,2181.961102106969,2720,0.2977941176470588
flaheja01,2019,89.33309373202991,2264.2747623428395,3599,0.30230619616560156
flaheja01,2020,88.52369337979093,2243.975495915986,936,0.3141025641025641
flaheja01,2021,88.2508783344177,2286.1515349444808,1563,0.27319257837492
flaheja01,2022,87.8904833836858,2317.66918429003,662,0.24471299093655588
flaheja01,2023,86.96841560234725,2352.1802486187844,2948,0.2669606512890095
flemijo01,2020,87.66840215439855,1842.6786355475763,610,0.2180327868852459
flemijo01,2021,87.25214501510574,1765.1481257557436,1705,0.24281524926686218
flemijo01,2022,87.15558912386707,1777.216995447648,699,0.2761087267525036
flemijo01,2023,84.91637122002086,1841.514705882353,962,0.25571725571725573
fletcaa01,2020,89.09173553719009,2064.7272727272725,159,0.32075471698113206
fletcaa01,2021,86.2720930232558,2073.686046511628,148,0.40540540540540543
fletcaa01,2022,83.9755868544601,2069.7981220657275,233,0.296137339055794
flexech01,2017,89.04785949506038,2099.801771871539,911,0.24478594950603733
flexech01,2018,89.31456953642385,2188.8940397350993,178,0.21348314606741572
flexech01,2019,90.98795620437956,2123.289377289377,286,0.24475524475524477
flexech01,2021,87.71892361111111,2135.83223341438,2973,0.23814328960645811
flexech01,2022,87.0837114337568,2124.3407441016334,2318,0.225625539257981
flexech01,2023,87.42498614958448,2097.8695169350362,1893,0.23824617010036978
florebe01,2020,86.07407407407408,2030.5555555555557,60,0.35
florebe01,2021,82.125,2017.75,40,0.1
floripe01,2018,85.215625,2159.8125,32,0.09375
florody01,2017,89.82291666666667,2194.3611111111113,196,0.25
florody01,2018,90.79545867393277,2160.268846503179,1183,0.2797971259509721
florody01,2019,91.7360655737705,2217.2471626733923,850,0.2647058823529412
florody01,2020,90.0608163265306,2108.517382413088,513,0.29239766081871343
florody01,2021,90.97544169611308,2095.695575221239,1136,0.26848591549295775
florody01,2022,89.58574739281576,2042.2090592334496,863,0.28157589803012745
florody01,2023,89.71715328467154,2036.2289377289378,1110,0.2864864864864865
flynnbr01,2017,90.2655172413793,2313.6071428571427,29,0.3448275862068966
flynnbr01,2018,89.80128102481986,2316.6294498381876,1336,0.21332335329341318
flynnbr01,2019,87.01949317738791,2264.3224489795916,550,0.2309090909090909
foleyja01,2021,93.38201754385965,2120.9824561403507,228,0.22807017543859648
foleyja01,2022,93.14733395696913,2068.822138126774,1069,0.245088868101029
foleyja01,2023,94.71405588484336,2015.5859441151567,1181,0.2506350550381033
foltymi01,2017,90.84587852494577,2291.0819177047943,2923,0.2654806705439617
foltymi01,2018,91.56257532508724,2358.603642384106,3252,0.2878228782287823
foltymi01,2019,89.72369477911647,2259.251851851852,2009,0.2667994026879044
foltymi01,2020,83.35107913669064,2124.204379562044,212,0.32075471698113206
foltymi01,2021,87.9570996978852,2179.5224719101125,2362,0.2497883149872989
fontwi01,2017,89.21272727272726,2223.6161616161617,118,0.22033898305084745
fontwi01,2018,89.23408602150538,2227.4468325791854,990,0.25252525252525254
fontwi01,2019,88.62324359816154,2282.7765814266486,1621,0.2782233189389266
fontwi01,2020,91.32690217391306,2221.850543478261,395,0.23037974683544304
fordmi01,2019,77.93333333333332,1576.6829268292684,42,0.2857142857142857
fordmi01,2022,66.99333333333333,1334.3333333333333,15,0.06666666666666667
fordmi01,2023,64.6952380952381,1319.0238095238096,42,0.19047619047619047
forsylo01,2020,70.36296296296297,1557.2962962962963,27,0.1111111111111111
fostema01,2020,89.76473214285716,2133.4375,470,0.3021276595744681
fostema01,2021,90.5122085048011,2167.529492455418,771,0.25551232166018156
fostema01,2022,89.30857874519846,2211.9448717948717,799,0.24405506883604505
francbo01,2022,83.3047619047619,2472.7804878048782,42,0.23809523809523808
francbo01,2023,86.2880171184023,2544.3380884450785,719,0.28789986091794156
francen01,2019,91.56704545454545,1935.590909090909,104,0.25
francjp01,2023,86.57746913580247,2419.8454746136867,2268,0.25749559082892415
francty01,2019,78.96071428571429,1883.2142857142858,28,0.21428571428571427
frankse01,2017,88.05675675675677,2166.8611111111113,147,0.23129251700680273
frankse01,2020,88.02647058823528,2241.823529411765,81,0.09876543209876543
frankse01,2021,87.57643097643097,2423.989864864865,379,0.20580474934036938
frareca01,2018,90.36821705426357,2345.78125,129,0.2713178294573643
frareca01,2019,89.77857142857142,2328.5142857142855,140,0.2857142857142857
frazito01,2020,60.415384615384625,2039.8461538461538,13,0.15384615384615385
freelky01,2017,89.64410576569959,2172.9274283587642,2857,0.23731186559327966
freelky01,2018,88.63805949402278,2127.5093497069497,3603,0.26838745489869553
freelky01,2019,89.22800000000001,2181.078392944635,2077,0.2566201251805489
freelky01,2020,87.01045029736618,2180.927721088435,1188,0.2542087542087542
freelky01,2021,87.10486075949366,2230.9837974683546,1996,0.2605210420841683
freelky01,2022,86.59623098201936,2261.016955017301,2934,0.24130879345603273
freelky01,2023,85.65637876386687,2233.8216560509554,2545,0.22121807465618862
freemmi01,2017,70.0409090909091,1609.8181818181818,22,0.22727272727272727
freemmi01,2019,62.89130434782608,1568.8695652173913,23,0.21739130434782608
freemmi01,2021,59.25,1524.75,4,0.75
freemsa01,2017,91.0217299578059,2055.7991360691144,970,0.26082474226804125
freemsa01,2018,91.084882418813,1972.079365079365,948,0.2879746835443038
freemsa01,2019,87.25750000000001,2154.135135135135,102,0.2647058823529412
freemsa01,2020,90.44083333333333,2073.1,153,0.28104575163398693
friaslu01,2021,91.49264705882354,2143.970588235294,80,0.25
friaslu01,2022,92.66700507614212,2138.307106598985,394,0.22081218274111675
friaslu01,2023,91.88031609195404,2184.977011494253,755,0.2675496688741722
friedma01,2017,86.74170616113744,2132.8862559241707,457,0.2735229759299781
friedma01,2018,86.55066225165562,2215.6965174129355,659,0.30045523520485584
friedma01,2019,87.23584770114942,2328.5213613323676,2897,0.2806351397997929
friedma01,2020,86.32923322683708,2314.722843450479,1327,0.26752072343632255
friedma01,2021,86.746632996633,2303.0922558922557,3052,0.27817824377457406
friedma01,2022,87.46260462002009,2200.285140562249,2988,0.26539491298527446
friedma01,2023,86.50184921763869,2267.634322954381,1474,0.29782903663500676
frierer01,2017,89.68548387096774,2369.0,169,0.33727810650887574
fryda01,2023,55.949999999999996,1508.138888888889,72,0.1111111111111111
fryja01,2017,89.61317829457364,2294.0542635658917,208,0.25961538461538464
fryja01,2018,86.81887640449438,2390.002247191011,907,0.31422271223814774
fryja01,2019,87.2555763823805,2444.5497185741087,1152,0.2838541666666667
fryja01,2020,85.941091954023,2264.419540229885,348,0.28448275862068967
fryja01,2021,87.18676470588235,2237.669117647059,136,0.20588235294117646
frypa01,2018,87.98993710691825,2451.077044025157,640,0.2890625
frypa01,2019,87.49330855018589,2550.4804832713753,1147,0.2702702702702703
frypa01,2020,89.17441860465117,2505.374025974026,420,0.2904761904761905
frypa01,2021,89.33198653198653,2516.031425364759,967,0.27094105480868663
frypa01,2022,87.82118644067796,2495.262711864407,270,0.3148148148148148
fuentjo01,2021,75.0111111111111,1696.111111111111,9,0.2222222222222222
fujinsh01,2023,94.28853211009174,1856.4630606860158,1633,0.26148193508879364
fulmeca01,2017,89.97728337236535,2293.2107728337237,544,0.24448529411764705
fulmeca01,2018,90.00082304526748,2259.976680384088,840,0.2226190476190476
fulmeca01,2019,89.78111510791368,2351.6383363471973,645,0.2713178294573643
fulmeca01,2020,88.66681818181817,2137.922727272727,297,0.2828282828282828
fulmeca01,2021,88.329375,2307.9306722689075,513,0.2631578947368421
fulmeca01,2023,87.82866242038216,2024.2611464968154,157,0.24203821656050956
fulmemi01,2017,92.81611988659377,2068.6252562525624,2579,0.23924001550988755
fulmemi01,2018,92.24613594040967,2185.3900913900916,2257,0.2565352237483385
fulmemi01,2020,90.38622540250446,2137.2867383512544,559,0.23613595706618962
fulmemi01,2021,91.90806451612903,2216.821754385965,1434,0.2796373779637378
fulmemi01,2022,90.78965209634256,2308.256913470116,1121,0.27386262265834077
fulmemi01,2023,89.5591476091476,2474.1097694840832,1019,0.2934249263984298
fundeko01,2023,89.25925925925925,2345.658436213992,243,0.3292181069958848
funkhky01,2020,91.98693009118541,2152.5714285714284,379,0.2691292875989446
funkhky01,2021,92.29590690208666,2167.8769106999193,1258,0.25119236883942764
gaddihu01,2022,87.83333333333333,2172.3859649122805,171,0.21637426900584794
gaddihu01,2023,87.29021897810219,2197.734306569343,806,0.2642679900744417
gagema01,2022,89.51302521008402,2159.3361344537816,238,0.2689075630252101
gagema01,2023,89.6448275862069,2199.1862068965515,176,0.32954545454545453
gagnodr01,2018,87.37904761904761,2000.200956937799,242,0.23140495867768596
gagnodr01,2019,87.31920199501246,2045.506234413965,444,0.2635135135135135
gallayo01,2017,88.82559867877787,2200.0178053830227,2557,0.24012514665623777
gallayo01,2018,88.78949852507375,2118.400826446281,1805,0.23545706371191136
gallegi01,2017,90.35234159779614,2261.8898071625345,416,0.2980769230769231
gallegi01,2018,90.70934065934065,2271.5274725274726,283,0.2862190812720848
gallegi01,2019,90.00901571546733,2344.9519469759734,1261,0.3386201427438541
gallegi01,2020,89.59498525073747,2370.2428115015973,375,0.31466666666666665
gallegi01,2021,90.33035714285714,2392.7434750186426,1359,0.29065489330389993
gallegi01,2022,89.78011472275334,2405.401529636711,1046,0.2982791586998088
gallegi01,2023,89.46054347826089,2345.072847682119,938,0.2942430703624733
galleza01,2019,88.13251622206201,2226.9384615384615,1451,0.3087525844245348
galleza01,2020,88.10322291853178,2217.9032258064517,1175,0.3080851063829787
galleza01,2021,89.53835990888382,2202.7064721969004,2246,0.25868210151380233
galleza01,2022,89.57240238252813,2316.5878647214854,3022,0.2624090006618134
galleza01,2023,89.45837070254112,2237.3346643374093,4046,0.26173999011369253
gantjo01,2017,88.82206896551725,2209.003448275862,369,0.25203252032520324
gantjo01,2018,87.43233724653149,2207.355460385439,1958,0.2849846782431052
gantjo01,2019,90.38958525345622,2302.2663594470046,1228,0.2776872964169381
gantjo01,2020,87.5894578313253,2285.567073170732,391,0.29411764705882354
gantjo01,2021,86.37838337182448,2243.63484708063,2189,0.2494289629968022
garcibr01,2019,90.9046511627907,2307.9147286821703,129,0.27906976744186046
garcibr01,2020,91.75380116959064,2201.16081871345,386,0.21502590673575128
garcibr01,2021,90.65762910798121,2129.7852112676055,852,0.2147887323943662
garcibr01,2022,89.3319783197832,2077.288043478261,378,0.2777777777777778
garcide01,2020,86.76138461538461,2219.310664605873,687,0.2576419213973799
garcide01,2021,86.14427083333334,2276.5364583333335,384,0.2708333333333333
garcide01,2023,90.59659574468084,2286.012765957447,470,0.23829787234042554
garcied01,2019,90.4969571230982,2318.3511235955057,775,0.2787096774193548
garcied01,2020,89.07820512820513,2234.3766233766232,113,0.3008849557522124
garcied01,2021,90.54929577464789,2097.5176056338028,342,0.28362573099415206
garcigr01,2018,62.67,1545.8,10,0.3
garcija01,2017,90.09370892018778,2341.7960526315787,1121,0.25958965209634255
garcija01,2018,88.2573385518591,2365.1682974559685,554,0.259927797833935
garcija02,2017,87.06239350912779,2359.592367032075,2616,0.2591743119266055
garcija02,2018,86.12739130434782,2310.6210144927536,1463,0.24538619275461382
garcija04,2017,90.11548821548821,2194.9097472924186,928,0.28125
garcija04,2018,88.89676153091266,2128.24431256182,1059,0.254957507082153
garcija04,2019,88.36965699208443,2310.484520123839,794,0.26700251889168763
garcija04,2020,88.84125412541253,2239.937293729373,332,0.33433734939759036
garcija04,2021,88.44003831417623,2218.657894736842,1087,0.29254829806807725
garcija04,2022,88.16719211822658,2189.4156746031745,1048,0.27576335877862596
garcilu03,2017,92.92369477911646,1985.68,1070,0.25327102803738316
garcilu03,2018,91.05275590551183,2072.666169895678,840,0.2857142857142857
garcilu03,2019,91.0171802054155,1956.0276679841897,1150,0.24869565217391304
garcilu03,2020,91.49728260869566,2022.0380434782608,230,0.26956521739130435
garcilu03,2021,92.95924170616114,2059.691943127962,644,0.30434782608695654
garcilu03,2022,92.33791102514506,2122.7744433688285,1047,0.28844317096466093
garcilu03,2023,90.9909900990099,2219.6524752475248,1064,0.2387218045112782
garcilu05,2020,88.68875,2206.2291666666665,240,0.26666666666666666
garcilu05,2021,87.5687432867884,2311.648871372268,2848,0.29037921348314605
garcilu05,2022,87.67266744096013,2385.7625871417504,2607,0.28308400460299193
garcilu05,2023,86.12424242424242,2386.113360323887,545,0.27706422018348625
garcion01,2017,89.6983193277311,2050.638655462185,133,0.24812030075187969
garciri01,2019,87.58838383838383,2138.439393939394,236,0.2245762711864407
garciri01,2020,91.14462365591399,2258.345945945946,225,0.23555555555555555
garciri01,2022,91.575,2302.1323529411766,136,0.19852941176470587
garciri01,2023,90.55709219858156,2343.5907473309608,362,0.26795580110497236
garciro02,2021,77.65172413793103,1971.5172413793102,29,0.13793103448275862
garciro03,2020,90.77201017811706,2206.8422391857507,445,0.27191011235955054
garciro03,2021,88.05535714285715,2218.4464285714284,56,0.26785714285714285
garciro03,2022,88.21606425702811,2265.2696177062376,997,0.2296890672016048
garciro04,2023,90.10121951219512,2112.1605584642234,587,0.272572402044293
garciyi01,2018,90.24944751381214,2567.9093484419263,439,0.25740318906605925
garciyi01,2019,89.21228239845261,2621.783728115345,1085,0.2995391705069124
garciyi01,2020,90.20439560439559,2491.3516483516482,384,0.3098958333333333
garciyi01,2021,91.28807565789474,2506.7504118616143,1235,0.2987854251012146
garciyi01,2022,91.07192342752963,2427.221917808219,1097,0.27529626253418416
garciyi01,2023,90.56234309623431,2543.9529015979815,1195,0.28619246861924685
gardeni01,2017,93.12409638554217,2342.6867469879517,201,0.20398009950248755
gardeni01,2018,90.05196078431372,2290.633663366337,140,0.2642857142857143
garream01,2017,87.23838056680161,1819.3974789915967,1426,0.2426367461430575
garream01,2018,90.80679320679322,1958.8225152129817,1127,0.290150842945874
garream01,2019,89.79979166666665,1936.152719665272,1053,0.3162393162393162
garream01,2020,89.28306709265175,2005.217252396166,340,0.3764705882352941
garream01,2021,89.80831353919241,2020.187648456057,866,0.3279445727482679
garream01,2022,88.79987562189054,2010.5765877957658,827,0.28053204353083433
garream01,2023,90.78441814595661,2078.1568228105907,534,0.26591760299625467
garrebr01,2020,85.31472392638038,2160.70802919708,177,0.24293785310734464
garrebr01,2021,85.62811550151976,2125.4741641337387,658,0.2629179331306991
garrebr01,2022,87.06887186629525,2190.225401256106,1436,0.2924791086350975
garrebr01,2023,86.40542607428988,2132.2369105087264,2766,0.2888647866955893
garrere01,2019,92.29563953488372,2340.8454810495627,437,0.21967963386727687
garrere01,2022,93.34862385321101,2189.9954128440368,218,0.20642201834862386
garrere01,2023,92.18503562945368,2241.306413301663,452,0.27876106194690264
gartory01,2017,89.29943342776203,2169.6453488372094,415,0.2674698795180723
gartory01,2019,88.2063492063492,2275.7301587301586,97,0.2268041237113402
garvemi01,2018,67.72857142857144,1769.2142857142858,14,0.14285714285714285
garzaju01,2021,91.52882703777335,2238.165009940358,503,0.2644135188866799
garzaju01,2023,90.27301136363637,2163.1988636363635,390,0.27692307692307694
garzama01,2017,87.36748691099476,1995.7510683760684,2039,0.2157920549288867
garzara01,2021,85.49917525773198,2217.096907216495,532,0.28383458646616544
garzara01,2022,84.9926640926641,2151.276061776062,528,0.26325757575757575
gausmke01,2017,91.05872683801555,2114.983611532625,3471,0.27398444252376836
gausmke01,2018,88.88777850589777,1986.1211424819435,3112,0.2679948586118252
gausmke01,2019,89.4086427267194,1981.1025641025642,1732,0.28579676674364896
gausmke01,2020,89.6168016194332,2070.2472024415056,1052,0.3060836501901141
gausmke01,2021,89.33638968481375,1979.7146983311939,3175,0.3004724409448819
gausmke01,2022,89.85821452817382,1996.2173174872667,2946,0.2926001357773252
gausmke01,2023,90.28049141503848,2088.1510834075393,3378,0.29336885731201895
gavigsa01,2017,85.86001712328768,2054.966086956522,1169,0.25320786997433703
gavigsa01,2018,85.42087212150906,2008.4192118226601,2110,0.2781990521327014
gavigsa01,2019,86.05430974071479,2031.0983146067415,1572,0.32951653944020354
gavigsa01,2020,85.06865671641792,2057.8939393939395,87,0.2413793103448276
gearrco01,2017,88.5895910780669,2384.1158536585367,1143,0.2922134733158355
gearrco01,2018,88.00411946446962,2434.476940382452,1015,0.296551724137931
gearrco01,2019,87.89253567508233,2477.957225433526,967,0.2678386763185109
gearrco01,2020,86.99666666666666,2449.074074074074,74,0.32432432432432434
geedi01,2017,86.61148564294632,2303.995006242197,1022,0.2837573385518591
gennesc01,2017,65.9095238095238,1670.2857142857142,21,0.19047619047619047
gerbejo01,2020,90.09473684210526,2198.3684210526317,272,0.30514705882352944
germado01,2017,90.53320158102767,2542.897233201581,276,0.286231884057971
germado01,2018,88.84242837653478,2481.0581395348836,1588,0.3142317380352645
germado01,2019,88.0175789942145,2488.6254528985505,2368,0.2951858108108108
germado01,2021,87.69668760708167,2468.5431675242994,1751,0.29697315819531694
germado01,2022,86.79366515837104,2523.9646739130435,1105,0.27963800904977376
germado01,2023,87.22649294245386,2542.8305177111715,1842,0.3007600434310532
germafr02,2022,94.33690476190476,2148.1309523809523,89,0.21348314606741572
gibauia01,2019,91.53494423791822,2089.8709677419356,269,0.2527881040892193
gibauia01,2020,91.1942748091603,2085.656488549618,289,0.23875432525951557
gibauia01,2021,89.79038461538462,2192.7115384615386,116,0.20689655172413793
gibauia01,2022,91.37031700288185,2298.8554572271387,718,0.2924791086350975
gibauia01,2023,91.03940578577014,2288.8073610023494,1324,0.2802114803625378
gibsoky01,2017,88.24534304331162,2092.2648845686513,2787,0.2522425547183351
gibsoky01,2018,89.31008039579467,2182.1439197930144,3326,0.2507516536380036
gibsoky01,2019,88.40557541100786,2156.037965072134,2868,0.2649930264993027
gibsoky01,2020,87.42281275551922,2172.827332242226,1255,0.26772908366533865
gibsoky01,2021,88.34866365845193,2211.5993055555555,2956,0.2655615696887686
gibsoky01,2022,87.8453597848016,2243.9361129791528,2989,0.25961860153897626
gibsoky01,2023,87.55358306188926,2191.172661870504,3207,0.2684752104770814
gilbelo01,2021,89.82701176470587,2162.824139556813,2141,0.2559551611396544
gilbelo01,2022,91.09235237173282,2138.53649870801,3199,0.24757736792747734
gilbelo01,2023,90.03757700205338,1883.6476843910807,3035,0.26787479406919273
gilbety01,2021,86.59604430379747,2147.0617088607596,641,0.23088923556942278
gilbety01,2022,85.85745393634839,2087.067001675042,641,0.24648985959438377
gilbety01,2023,88.50367892976588,2231.85618729097,326,0.25766871165644173
gilbrlu01,2021,89.35803357314148,2421.5882352941176,869,0.2807825086306099
gilbrlu01,2022,90.7105757931845,2360.421856639248,868,0.2799539170506912
gileske01,2017,92.97851458885941,2434.5089126559715,1214,0.30642504118616143
gileske01,2018,92.91846153846153,2322.4589743589745,858,0.317016317016317
gileske01,2019,91.71172839506173,2284.437037037037,874,0.3318077803203661
gileske01,2020,87.92608695652173,2108.6666666666665,94,0.40425531914893614
gileske01,2022,88.89253731343284,2150.6969696969695,87,0.3103448275862069
gillalo01,2022,89.32545454545455,2059.6181818181817,290,0.2689655172413793
gillalo01,2023,89.99379844961241,2120.5642023346304,281,0.27402135231316727
gillu01,2021,91.52057761732851,2412.5703971119133,554,0.2779783393501805
gillu01,2022,92.99170124481327,2467.7261410788383,241,0.2572614107883817
gilmase01,2017,84.8886075949367,1977.2564102564102,149,0.2080536912751678
gilmase01,2018,81.79076923076924,2012.6851441241686,534,0.24906367041198502
gilmase01,2019,82.31323529411765,1915.0757575757575,109,0.22935779816513763
gilmase01,2020,80.55050505050504,1970.090909090909,138,0.2971014492753623
gimench01,2017,70.53281249999999,1766.078125,64,0.171875
gimench01,2018,67.8125,1682.7083333333333,48,0.25
ginkeke01,2019,89.18117647058824,2151.0953545232273,445,0.25842696629213485
ginkeke01,2020,90.94015544041449,2313.222797927461,396,0.2777777777777778
ginkeke01,2021,90.35300813008129,2346.1762711864408,651,0.25499231950844853
ginkeke01,2022,92.06757281553399,2287.0233009708736,538,0.2955390334572491
ginkeke01,2023,91.80021881838074,2409.5704894083274,1387,0.26676279740447006
giolilu01,2017,87.88815977175464,2083.441726618705,791,0.2427307206068268
giolilu01,2018,88.05956738768718,2022.9973315543696,3131,0.25199616735867136
giolilu01,2019,88.91250888415067,2095.244934233914,2985,0.31289782244556114
giolilu01,2020,88.15517503805175,2010.842987804878,1320,0.3106060606060606
giolilu01,2021,87.84763866877972,2007.4744525547446,3290,0.29756838905775074
giolilu01,2022,87.26778060297858,1943.0545454545454,2851,0.2897229042441249
giolilu01,2023,86.84811912225706,1943.3889412503927,3318,0.2848101265822785
gipsosa01,2023,87.82077151335311,2092.6053412462907,337,0.31750741839762614
givenmy01,2017,93.00037764350454,2347.975174553918,1373,0.27822286962855064
givenmy01,2018,93.01276083467094,2362.9526530612243,1292,0.2770897832817337
givenmy01,2019,92.47261904761905,2355.8916437098255,1148,0.30313588850174217
givenmy01,2020,90.72328767123288,2367.059496567506,474,0.25949367088607594
givenmy01,2021,88.85483214649032,2409.4842319430313,987,0.2917933130699088
givenmy01,2022,88.70563514804203,2400.470363288719,1066,0.2851782363977486
givenmy01,2023,88.00561797752809,2371.9886363636365,127,0.2755905511811024
glasnty01,2017,90.33016393442622,2219.5311475409835,1387,0.2746935832732516
glasnty01,2018,92.77617250673853,2487.57897574124,2006,0.28215353938185445
glasnty01,2019,92.9696463654224,2480.851669941061,1145,0.31353711790393013
glasnty01,2020,91.74771812080537,2587.615436241611,1516,0.28562005277044855
glasnty01,2021,91.94705488621153,2603.445710455764,1553,0.3193818415969092
glasnty01,2022,93.22033898305085,2592.870056497175,177,0.288135593220339
glasnty01,2023,91.54754016064257,2590.12405826218,1992,0.31676706827309237
gloveko01,2017,93.00225080385852,2350.08038585209,398,0.31155778894472363
gloveko01,2018,91.0293286219081,2247.322695035461,283,0.24028268551236748
godleza01,2017,87.5848305752561,2180.6473372781065,2618,0.27310924369747897
godleza01,2018,85.90515367898168,2155.6589559237264,3262,0.2709993868792152
godleza01,2019,85.83687116564417,2145.5686641697876,1689,0.25103611604499704
godleza01,2020,85.67088607594937,2107.3985507246375,615,0.26504065040650404
godleza01,2021,86.62272727272726,2225.3295454545455,88,0.26136363636363635
goedder01,2017,87.02344689378756,1837.8181818181818,557,0.2998204667863555
goedder01,2018,87.2629742033384,1907.1489361702127,709,0.2849083215796897
goforda01,2017,90.7,2450.0526315789475,62,0.1774193548387097
goharlu01,2017,91.49282407407408,2165.555819477435,432,0.2824074074074074
goharlu01,2018,89.23973509933775,2202.928838951311,302,0.304635761589404
goldbbr01,2017,93.42366412213741,2163.5496183206105,296,0.17567567567567569
gombeau01,2018,87.74690048939641,2196.68515497553,1275,0.2541176470588235
gombeau01,2020,86.90517529215359,2221.4197324414718,638,0.2884012539184953
gombeau01,2021,85.91237410071942,2122.2953667953666,2110,0.2943127962085308
gombeau01,2022,85.13937298294144,2181.4100553505536,2169,0.24665744582757032
gombeau01,2023,85.5947641713544,2172.1282495667247,2351,0.2364951084644832
gomezca01,2018,83.20476190476191,2347.3333333333335,21,0.09523809523809523
gomezje01,2017,87.98891966759003,1926.4016620498614,420,0.26666666666666666
gomezje01,2018,86.89510022271718,2055.3699551569507,508,0.3110236220472441
gomezje01,2019,87.20886524822696,1864.769784172662,353,0.28328611898017
gomezro01,2017,88.66330275229357,2160.7115384615386,138,0.2753623188405797
gomezro01,2018,90.22864583333335,2197.8882681564246,264,0.3143939393939394
gomezyo01,2023,89.60430107526882,2443.6344086021504,148,0.31756756756756754
gonsast01,2018,86.16254901960784,2096.007889546351,537,0.2309124767225326
gonsast01,2021,86.24375000000002,2347.7708333333335,129,0.31007751937984496
gonsoto01,2019,89.59754689754689,2377.3621933621935,748,0.25668449197860965
gonsoto01,2020,90.08649835345774,2339.8458149779735,947,0.2819429778247096
gonsoto01,2021,88.46244541484717,2255.084716157205,1209,0.29114971050454924
gonsoto01,2023,87.09188701923077,2117.6177884615386,1686,0.2372479240806643
gonzach01,2019,89.37155025553662,2370.623580786026,1208,0.24503311258278146
gonzach01,2020,89.48512110726644,2274.8551483420592,578,0.22145328719723184
gonzach01,2021,88.75152714932128,2350.074957410562,1806,0.24031007751937986
gonzach01,2022,88.38936170212764,2291.441489361702,440,0.2636363636363636
gonzach01,2023,88.61,2248.7798742138366,181,0.23756906077348067
gonzagi01,2017,84.71567844925883,2233.4759053321927,3661,0.26440863152144223
gonzagi01,2018,85.26535989717225,2160.6007714561233,3220,0.25869565217391305
gonzagi01,2019,84.74060042887777,2099.0236051502147,1520,0.2361842105263158
gonzagi01,2020,84.9537216828479,2095.650406504065,618,0.2977346278317152
gonzalu03,2022,53.41046511627906,1357.7790697674418,86,0.18604651162790697
gonzama01,2021,59.6,1432.4545454545455,11,0.09090909090909091
gonzama01,2022,67.175,1569.0,4,0.25
gonzama02,2017,87.32282453637661,2228.890156918688,701,0.26676176890156916
gonzama02,2018,85.2524199843872,2309.711163153786,2737,0.28717573986116185
gonzama02,2019,84.27075561176099,2246.3361796331437,3352,0.26581145584725535
gonzama02,2020,84.21193181818182,2170.4662867996203,1120,0.29910714285714285
gonzama02,2021,84.12212426532324,2168.730785384292,2465,0.25436105476673426
gonzama02,2022,83.63617771509168,2050.68363379286,2957,0.23706459249239092
gonzama02,2023,83.63271245634459,2112.5682613768963,904,0.25110619469026546
gonzame01,2018,86.81762013729978,2317.148741418764,463,0.26997840172786175
gonzami03,2017,86.98760818253344,2291.2572105887,2588,0.241112828438949
gonzami03,2018,86.23901734104047,2225.008670520231,410,0.2121951219512195
gonzaro01,2021,78.375,1892.25,4,0.5
gonzavi02,2020,91.00045248868777,2307.6244343891403,452,0.3075221238938053
gonzavi02,2021,90.26560283687944,2351.3629893238435,641,0.28549141965678626
gonzavi02,2023,91.5511583011583,2195.6019801980196,553,0.3092224231464738
goodyni01,2017,87.66736493936051,2264.8757396449705,974,0.311088295687885
goodyni01,2018,87.2211155378486,2274.320987654321,310,0.24838709677419354
goodyni01,2019,87.60324400564176,2302.9402985074626,762,0.28083989501312334
goodyni01,2020,85.7972549019608,2274.772549019608,310,0.3548387096774194
gordoal01,2019,77.48709677419356,1943.4032258064517,62,0.0967741935483871
gordode01,2022,56.79285714285714,1356.9642857142858,28,0.14285714285714285
gordoni01,2022,73.18117647058823,1742.8235294117646,85,0.10588235294117647
gorema01,2022,90.53171701112878,2194.806863527534,1351,0.26350851221317545
gorema01,2023,91.2404392275653,2223.250285279574,2738,0.26406135865595326
gosean01,2021,95.18897637795276,2444.818897637795,177,0.2768361581920904
gosean01,2022,93.19135802469135,2263.178117048346,436,0.28211009174311924
gosseda01,2017,87.15755850727386,2288.1277777777777,1641,0.24070688604509446
gosseda01,2018,89.36068376068376,2301.288248337029,546,0.21062271062271062
gosseph01,2022,49.06,1326.8,5,0.0
gotttr01,2017,90.402,2017.68,133,0.24060150375939848
gotttr01,2018,91.36141975308641,2109.6006191950464,391,0.2557544757033248
gotttr01,2019,91.86320166320165,2107.299895506792,1026,0.28460038986354774
gotttr01,2020,91.67698744769874,2283.6470588235293,292,0.2773972602739726
gotttr01,2022,92.60025773195876,2161.076129032258,809,0.2880098887515451
gotttr01,2023,90.6846,2081.2991803278687,1062,0.2900188323917137
goudeas01,2020,87.59285714285714,2018.763392857143,252,0.25
goudeas01,2021,85.88341708542714,2019.6750418760469,608,0.22039473684210525
goudeas01,2022,86.93882063882063,2039.879012345679,447,0.21476510067114093
gracema02,2017,88.74880319148937,1777.7431693989072,801,0.2571785268414482
gracema02,2018,88.41220930232558,1838.427536231884,941,0.25398512221041447
gracema02,2019,88.50634696755995,1859.4832605531296,765,0.2679738562091503
gracema02,2020,86.5232876712329,1906.6760563380283,103,0.22330097087378642
gratebr01,2019,95.68333333333334,2101.294964028777,162,0.2777777777777778
gratebr01,2020,96.30198511166252,2137.647642679901,416,0.2620192307692308
gratebr01,2021,96.14847020933976,2225.148387096774,621,0.2640901771336554
gratebr01,2022,96.76218130311615,2224.553824362606,726,0.2630853994490358
gratebr01,2023,95.5489404641776,2178.86175580222,1025,0.24878048780487805
gravebr01,2018,89.16622889305816,2218.1936090225563,582,0.23883161512027493
graveke01,2017,91.27627321749549,2330.003003003003,1790,0.2675977653631285
graveke01,2018,90.3817891373802,2342.3466453674123,744,0.28225806451612906
graveke01,2020,92.41155015197569,2268.127659574468,358,0.2541899441340782
graveke01,2021,93.73155430711611,2254.6779026217228,1147,0.2816041848299913
graveke01,2022,93.04173913043478,2265.297584541063,1068,0.2940074906367041
graveke01,2023,92.57008849557522,2305.9186046511627,1175,0.28425531914893615
grayjo02,2017,91.88917039244907,2159.6333666333667,2065,0.28716707021791765
grayjo02,2018,90.06022099447515,2130.3480662983425,3016,0.2947612732095491
grayjo02,2019,91.18367103694874,2147.3375796178343,2604,0.2837941628264209
grayjo02,2020,89.41261398176292,2169.62100456621,668,0.2679640718562874
grayjo02,2021,89.92131901840492,2223.0372075182204,2661,0.2803457346862082
grayjo02,2022,90.5256547041707,2149.798739088264,2115,0.29267139479905435
grayjo02,2023,90.4384675527756,2137.976917057903,2622,0.2715484363081617
grayjo03,2021,89.88755152514426,2263.7040395713107,1287,0.2766122766122766
grayjo03,2022,88.79946091644204,2227.0476190476193,2704,0.27477810650887574
grayjo03,2023,88.21441106986163,2093.095983662355,3003,0.2604062604062604
grayso01,2017,89.54354951185495,2405.8356212601198,2900,0.25551724137931037
grayso01,2018,89.02743823146943,2528.7638585770405,2382,0.2766582703610411
grayso01,2019,88.35229782686142,2675.786609380594,2967,0.28884395011796427
grayso01,2020,87.87128099173553,2650.82626680455,1034,0.3114119922630561
grayso01,2021,87.17347396768402,2486.081834532374,2239,0.28986154533273784
grayso01,2022,86.75364583333334,2607.144660704892,1920,0.29322916666666665
grayso01,2023,87.83920619554694,2544.5013063357283,3117,0.26724414501122873
greench03,2017,93.15964506172838,2406.0421393841166,1386,0.31457431457431456
greench03,2018,94.89210122699386,2400.5677966101694,1386,0.2943722943722944
greench03,2019,94.36201117318437,2416.8928317955997,1489,0.29147078576225655
greench03,2020,92.78635514018691,2496.910280373832,570,0.3280701754385965
greench03,2021,91.815836791148,2531.017980636238,1446,0.2987551867219917
greench03,2022,90.92721518987342,2418.1337579617834,316,0.2689873417721519
greench03,2023,91.1444976076555,2441.8947368421054,209,0.31100478468899523
greenco01,2021,89.85155925155925,2307.4095634095634,524,0.29389312977099236
greenhu01,2022,94.01081818181818,2345.501821493625,2285,0.2888402625820569
greenhu01,2023,93.54500683994529,2321.8687471317116,2272,0.27992957746478875
greensh02,2017,90.38727948003715,2449.4049429657794,1157,0.2964563526361279
greensh02,2018,89.50877684407097,2406.441947565543,1136,0.2913732394366197
greensh02,2019,88.32515212981745,2355.7466802860063,1036,0.305984555984556
greensh02,2020,87.50417457305502,2201.967741935484,589,0.29711375212224106
greensh02,2021,87.34038461538462,2301.525641025641,468,0.25854700854700857
greensh02,2022,86.14200000000001,2428.18,64,0.203125
greensh02,2023,87.64047619047619,2413.2619047619046,42,0.3333333333333333
gregelu01,2017,85.81368015414259,2509.0164569215876,1065,0.307981220657277
gregelu01,2018,85.14782608695651,2404.092682926829,224,0.2857142857142857
gregelu01,2019,84.28173076923076,2291.798076923077,104,0.18269230769230768
greinza01,2017,86.40435927442948,2360.8284594513116,3499,0.28551014575593026
greinza01,2018,85.34003601440577,2257.657646701125,3335,0.29355322338830586
greinza01,2019,85.25466703056767,2248.544472152951,3664,0.2827510917030568
greinza01,2020,84.02385938668661,2189.39818319455,1373,0.30152949745083757
greinza01,2021,84.61466859833394,2127.8304284676833,2832,0.2630649717514124
greinza01,2022,84.18707306528319,2232.8507139766334,2343,0.24583866837387963
greinza01,2023,84.31619131197894,2240.6216454025516,2369,0.25031658927817646
grichra01,2022,66.22,1357.2,10,0.2
griffaj01,2017,79.97061745919092,2293.3136976579135,1596,0.2581453634085213
grifffo01,2020,87.51515151515152,2228.4242424242425,109,0.3302752293577982
grifffo01,2022,87.96936936936937,2122.6576576576576,128,0.3046875
grillja01,2017,88.62744360902258,2454.850821744627,856,0.2651869158878505
grimmju01,2017,89.3688796680498,2200.8765560165975,1023,0.2883675464320626
grimmju01,2018,88.04301994301994,2152.6397694524494,407,0.24324324324324326
grimmju01,2020,86.70330578512396,2369.900826446281,174,0.3390804597701149
grimmju01,2022,86.28122743682312,2235.797833935018,335,0.22388059701492538
grotzza01,2019,87.37725752508362,1641.740350877193,317,0.29652996845425866
grotzza01,2020,87.33113207547169,1877.6350710900474,244,0.30327868852459017
grovemi01,2022,88.07182203389829,2309.290254237288,479,0.24008350730688935
grovemi01,2023,88.15670103092783,2321.7589214908803,1343,0.27773641102010427
gsellro01,2017,89.98455522971652,2133.6572127139366,2192,0.23220802919708028
gsellro01,2018,91.21014832162373,2204.20078125,1394,0.24748923959827834
gsellro01,2019,91.60578358208954,2283.758652946679,1137,0.25241864555848725
gsellro01,2020,90.99826388888889,2211.6188811188813,315,0.19365079365079366
gsellro01,2021,91.38930581613508,2022.656660412758,558,0.2078853046594982
gsellro01,2022,90.4864734299517,1994.6811594202898,257,0.22568093385214008
guduare01,2017,91.97777777777779,2368.996913580247,368,0.26902173913043476
guduare01,2018,90.95,2352.275,114,0.42105263157894735
guduare01,2019,90.61363636363636,2299.4545454545455,205,0.37073170731707317
guduare01,2021,89.84366812227074,2213.8689956331878,273,0.2271062271062271
guentse01,2021,88.88305555555556,2251.286111111111,360,0.2361111111111111
guerrde01,2017,85.97235955056179,2040.7662921348315,521,0.2648752399232246
guerrde01,2019,87.00588235294119,1980.0,62,0.3225806451612903
guerrde01,2020,86.04927536231884,2010.3868613138686,186,0.3387096774193548
guerrde01,2021,85.70460405156538,2038.3723502304147,1146,0.27486910994764396
guerrja01,2017,88.97021943573668,2015.5141065830721,393,0.25699745547073793
guerrja01,2018,89.21672354948805,2123.1680960548883,639,0.24256651017214398
guerrja01,2019,89.09445438282648,2060.605311355311,1189,0.25651808242220353
guerrja01,2020,89.11300309597523,2185.1640866873063,353,0.28611898016997167
guerrja01,2021,88.69999999999999,2086.468085106383,216,0.2037037037037037
guerrja02,2019,95.52313432835822,2324.2290076335876,134,0.208955223880597
guerrja02,2020,95.23446808510637,2227.5446808510637,269,0.2862453531598513
guerrja02,2021,97.3969696969697,2085.7272727272725,66,0.13636363636363635
guerrja02,2022,94.76666666666665,2238.0939393939393,375,0.24
guerrja02,2023,93.94779005524862,2306.682320441989,407,0.2334152334152334
guerrju02,2017,88.67964458804524,1966.7575503355704,1384,0.2333815028901734
guerrju02,2018,90.66642005754214,2083.9539890249052,2552,0.2582288401253918
guerrju02,2019,90.50651369356032,2206.9902034664656,1472,0.265625
guerrju02,2020,89.85323275862069,2283.310344827586,479,0.25260960334029225
guerrju02,2021,88.43886671987231,2095.847878302642,1302,0.25806451612903225
guerrta01,2018,96.19865831842577,2110.855421686747,1172,0.24744027303754265
guerrta01,2019,96.56844444444445,2140.064782096584,947,0.24287222808870115
guerrta02,2018,89.54418604651163,2178.964912280702,206,0.2912621359223301
guerrta02,2019,87.18163265306124,2491.6448979591837,499,0.23046092184368738
guilbta01,2019,91.84254143646409,1970.3333333333333,196,0.2602040816326531
guilbta01,2020,88.46384615384615,1920.446153846154,185,0.2594594594594595
guilllu01,2020,65.46666666666667,1617.3333333333333,9,0.1111111111111111
guilllu01,2021,66.225,1446.875,16,0.1875
guilllu01,2023,69.10833333333333,1419.8333333333333,12,0.16666666666666666
guilmpr01,2018,86.20154639175257,1810.3461538461538,229,0.27510917030567683
guilmpr01,2021,83.55862068965519,1605.2758620689656,29,0.3103448275862069
gurkaja01,2017,83.52380952380952,2615.8571428571427,80,0.325
gustaja01,2017,91.808,2372.7413793103447,196,0.30612244897959184
gustaja01,2019,93.06876790830944,2375.806060606061,349,0.23782234957020057
gustaja01,2021,93.73537414965986,2322.9421768707484,294,0.23809523809523808
gustaja01,2022,92.39259259259259,2388.8243801652893,518,0.2644787644787645
guthrje01,2017,89.29574468085106,2078.276595744681,166,0.3313253012048193
gutievl01,2021,86.76646641179684,2240.3555434188966,1887,0.26444091149973503
gutievl01,2022,87.08567251461989,2208.7675438596493,755,0.2410596026490066
guyerbr01,2018,78.1,1867.75,8,0.125
guzmajo04,2020,93.11836734693875,2114.1020408163267,66,0.21212121212121213
guzmajo04,2021,92.00327868852457,1984.7377049180327,61,0.22950819672131148
gyorkje01,2018,77.11875,1767.6875,16,0.1875
gyorkje01,2019,75.525,1705.0,4,0.5
gyorkje01,2020,77.95454545454545,1765.909090909091,11,0.18181818181818182
haderjo01,2017,92.12120822622107,2084.152652005175,849,0.31919905771495877
haderjo01,2018,92.03606998654104,2140.340220385675,1549,0.34990316333118143
haderjo01,2019,93.38828058169375,2191.2874458874458,1275,0.3396078431372549
haderjo01,2020,89.9371921182266,2205.901234567901,451,0.3215077605321508
haderjo01,2021,92.19593253968254,2148.128661087866,1077,0.3658310120705664
haderjo01,2022,93.63792766373412,2127.6754901960785,1054,0.3225806451612903
haderjo01,2023,93.38609271523178,2178.8106280193238,1099,0.2857142857142857
hagerja01,2022,62.32857142857143,1629.5714285714287,28,0.21428571428571427
hahnje01,2017,88.91379038613081,2353.6211278792694,1366,0.24743777452415813
hahnje01,2019,91.75794392523363,2427.5257731958764,107,0.308411214953271
hahnje01,2020,88.05719178082192,2630.098245614035,335,0.27761194029850744
hahnje01,2021,89.89238095238096,2456.894230769231,141,0.23404255319148937
haleda02,2018,85.04424778761062,2027.0,345,0.2753623188405797
haleda02,2019,88.8754590984975,2110.9226519337017,694,0.25360230547550433
haleda02,2020,87.82891566265059,2068.1777108433735,390,0.2794871794871795
haleda02,2021,88.25990180032733,2082.6032786885244,611,0.23076923076923078
haleyju01,2017,86.4060606060606,1886.6971608832807,444,0.26126126126126126
haleyju01,2018,88.48217054263567,2138.5,242,0.2727272727272727
hallda02,2022,84.28333333333332,1739.1666666666667,6,0.3333333333333333
halldl01,2022,91.3774647887324,2298.5724907063195,284,0.30985915492957744
halldl01,2023,90.88863198458574,2253.3333333333335,520,0.3038461538461538
hallma02,2018,84.14371859296482,2476.211055276382,211,0.23696682464454977
hallma02,2019,86.37105788423153,2469.5100401606423,529,0.29678638941398866
hallma02,2020,83.17285714285714,2403.0813397129186,247,0.23076923076923078
hamelco01,2017,87.84088235294118,1951.4638047138046,2534,0.23993685872138912
hamelco01,2018,87.53087139617753,2010.7992215374636,3192,0.2719298245614035
hamelco01,2019,87.26758563074351,1967.6928541579607,2536,0.2697160883280757
hamelco01,2020,83.45769230769231,1902.7115384615386,52,0.2692307692307692
hamilia01,2018,94.31367521367522,2075.051282051282,117,0.2222222222222222
hamilia01,2020,91.71686746987952,2174.722891566265,103,0.3106796116504854
hamilia01,2022,89.53571428571429,1858.8840579710145,85,0.3176470588235294
hamilia01,2023,91.63446009389672,1851.341856060606,1076,0.3048327137546468
hammeja01,2017,87.83394495412844,2266.98309352518,3302,0.2531798909751666
hammeja01,2018,87.943882853094,2217.815331010453,2206,0.25022665457842247
hammejd01,2019,89.91597633136094,2313.7321428571427,354,0.2542372881355932
hammejd01,2021,89.90205338809034,2403.0965092402466,487,0.27720739219712526
hancoem01,2023,89.95309278350516,2216.324742268041,245,0.23265306122448978
hancoju01,2018,94.06728971962617,2457.8632075471696,268,0.291044776119403
handbr01,2017,87.5997497914929,2546.9341117597996,1297,0.29606784888203547
handbr01,2018,87.26802664446295,2510.315570358035,1275,0.34901960784313724
handbr01,2019,86.44452479338842,2443.9233954451347,1031,0.33365664403491757
handbr01,2020,85.23851508120649,2426.3735498839906,472,0.3135593220338983
handbr01,2021,87.43764705882353,2327.9447963800903,1161,0.27734711455641686
handbr01,2022,85.50289132602192,2308.4022517911976,1004,0.28087649402390436
handbr01,2023,86.8426013195099,2335.425471698113,1073,0.26281453867660765
hanhoer01,2018,93.61016949152543,2185.7894736842104,59,0.2033898305084746
hanhoer01,2021,91.84912280701754,2331.8333333333335,307,0.2280130293159609
hanifbr01,2023,90.95487804878047,1992.0365853658536,164,0.29878048780487804
happia01,2018,75.6125,1683.75,8,0.0
happja01,2017,89.73071658615137,2211.5860540104795,2570,0.25408560311284045
happja01,2018,90.09809246686066,2196.555304010349,3239,0.2682926829268293
happja01,2019,89.33132225433526,2163.1314451706608,2868,0.25523012552301255
happja01,2020,88.79801401869159,2216.4404205607475,943,0.28525980911983034
happja01,2021,88.62897706589006,2166.126683654896,2813,0.22573764664059723
hardybl01,2017,84.81942567567566,2114.1841216216217,680,0.27794117647058825
hardybl01,2018,83.24115497076023,2176.370153621068,1371,0.29029905178701676
hardybl01,2019,81.55268505079826,2080.6269956458636,765,0.2679738562091503
hardybl01,2021,82.7258064516129,2125.5806451612902,59,0.22033898305084745
harpery01,2019,80.02587822014053,2122.193661971831,940,0.3276595744680851
harpery01,2020,79.18636363636364,2097.6522727272727,464,0.2629310344827586
harpery01,2021,75.63046471600688,2082.0862068965516,629,0.2972972972972973
harrelu01,2017,89.77251908396947,2201.7175572519086,200,0.25
harriho02,2023,88.37354497354497,1776.0502645502645,439,0.2733485193621868
harrijo05,2022,56.86666666666666,1495.1929824561403,57,0.22807017543859648
harrijo05,2023,56.2159090909091,1341.340909090909,44,0.06818181818181818
harriky01,2023,89.68095238095238,2148.6428571428573,635,0.28188976377952757
hartdo01,2017,82.27715091678421,2093.0507982583454,778,0.2814910025706941
hartdo01,2018,83.13218997361477,2162.090909090909,455,0.31648351648351647
hartdo01,2019,83.46057692307691,2170.35,113,0.3185840707964602
hartky01,2020,84.42576923076922,2039.1076923076923,310,0.27419354838709675
hartlge01,2019,93.0142208774584,2420.37558685446,722,0.23268698060941828
hartlge01,2020,88.63549160671462,2298.283653846154,485,0.2556701030927835
hartlge01,2021,90.00296735905044,2414.1097922848667,337,0.24925816023738873
hartlge01,2023,92.30151515151515,2399.3939393939395,66,0.21212121212121213
hartmry01,2021,86.59130434782608,1851.891304347826,79,0.3670886075949367
hartwgr01,2023,90.3415407854985,2222.1490015360982,680,0.26176470588235295
harvehu01,2019,94.73333333333333,1996.1037037037038,160,0.2875
harvehu01,2020,94.7048275862069,2057.4344827586206,178,0.29775280898876405
harvehu01,2021,92.84892086330935,2060.748201438849,159,0.2138364779874214
harvehu01,2022,95.87095310136156,1874.2919818456883,672,0.27827380952380953
harvehu01,2023,93.90041536863967,1927.4786680541104,1016,0.281496062992126
harvejo01,2019,93.37994722955145,2519.800531914894,435,0.2896551724137931
harvejo01,2020,91.54245283018868,2554.7735849056603,133,0.3233082706766917
harvema01,2017,90.87696428571428,2151.757756563246,1822,0.24698133918770582
harvema01,2018,91.28972738048203,2192.9255445544554,2678,0.2658700522778193
harvema01,2019,89.0841784989858,2251.4584178498985,1086,0.2421731123388582
harvema01,2020,89.71943319838056,2156.676113360324,247,0.25101214574898784
harvema01,2021,89.21356606274855,2183.724656927844,2350,0.23872340425531915
hatchch02,2017,90.7450623202301,2234.239299610895,1140,0.27631578947368424
hatchch02,2018,91.06395173453997,2292.683812405446,705,0.25957446808510637
hatchto01,2020,91.39525862068966,2440.0280777537796,505,0.27722772277227725
hatchto01,2021,90.00201612903226,2390.4274193548385,248,0.21774193548387097
hatchto01,2022,89.17395833333335,2383.3854166666665,96,0.21875
hatchto01,2023,89.87491582491582,2339.6936026936028,609,0.27586206896551724
hauscmi01,2017,88.208125,2105.705479452055,354,0.2909604519774011
hauscmi01,2018,86.29357142857143,2014.5,204,0.3137254901960784
headlo01,2021,88.20996503496504,2459.5096660808435,609,0.2824302134646962
headlo01,2022,87.19054487179486,2385.3283582089553,624,0.24519230769230768
headrbr01,2023,86.70930232558139,2130.2579034941764,602,0.2757475083056478
heanean01,2017,88.02674698795181,2331.050724637681,415,0.29156626506024097
heanean01,2018,87.09275106082036,2354.716359773371,2893,0.2855167646042171
heanean01,2019,87.79401658767772,2448.353115727003,1717,0.28130460104834015
heanean01,2020,86.97649769585253,2388.22550831793,1132,0.26855123674911663
heanean01,2021,87.67716501507971,2399.472186287193,2514,0.2844073190135243
heanean01,2022,89.49690162664601,2469.4147286821703,1343,0.31794489947877885
heanean01,2023,88.38929457639135,2389.794399149238,2911,0.25455170044658193
hearnta01,2019,89.83239436619719,2160.6153846153848,86,0.3023255813953488
hearnta01,2020,90.6653409090909,2196.5698005698005,398,0.30402010050251255
hearnta01,2021,91.69292237442923,2168.42995997713,1859,0.2678859601936525
hearnta01,2022,91.24515250544663,2201.1296296296296,1915,0.2590078328981723
hearnta01,2023,91.77635782747603,2152.1666666666665,382,0.24607329842931938
heasljo01,2021,87.92520000000002,2282.78,277,0.23104693140794225
heasljo01,2022,88.04020044543431,2270.7930648769575,1875,0.2176
heasljo01,2023,87.92669683257918,2355.601809954751,317,0.2555205047318612
hedgeau01,2023,58.27254901960784,1554.2745098039215,51,0.17647058823529413
heinety01,2020,67.34285714285714,1716.4285714285713,7,0.14285714285714285
hellebe01,2017,89.25635359116022,2181.832402234637,293,0.3310580204778157
hellebe01,2019,88.15980392156865,2324.909090909091,102,0.29411764705882354
hellebe01,2020,88.02781954887219,2328.1203007518798,143,0.3006993006993007
hellebe01,2023,89.87166276346603,2195.3098591549297,441,0.31065759637188206
hellije01,2017,85.38280230326295,2147.0019193857966,2789,0.23449264969523126
hellije01,2018,84.26362318840579,2220.2182741116753,1407,0.27149964463397297
hellije01,2019,83.88355555555555,2201.2014814814816,811,0.2872996300863132
helslry01,2019,92.95685975609756,2479.402157164869,697,0.2467718794835007
helslry01,2020,90.82310756972112,2478.1728395061727,296,0.27702702702702703
helslry01,2021,92.62206047032475,2466.240990990991,911,0.2645444566410538
helslry01,2022,94.15259615384615,2565.5841392649904,1040,0.3057692307692308
helslry01,2023,94.21923620933522,2548.3016997167138,707,0.3125884016973126
hembrhe01,2017,91.71084776663628,2440.018315018315,1199,0.292743953294412
hembrhe01,2018,91.15936188077247,2505.426284751474,1271,0.2753737214791503
hembrhe01,2019,90.91601671309192,2525.409470752089,771,0.2529182879377432
hembrhe01,2020,90.61515151515152,2596.771349862259,403,0.2655086848635236
hembrhe01,2021,91.10009174311926,2646.941122355106,1163,0.2837489251934652
hembrhe01,2022,89.36526806526805,2481.644859813084,439,0.26651480637813213
hembrhe01,2023,88.36806722689074,2584.327731092437,139,0.28776978417266186
hendrky01,2017,83.07102102102102,2063.6736763049194,2785,0.2926391382405745
hendrky01,2018,83.18615828260172,2075.6062840654054,3234,0.3085961657390229
hendrky01,2019,83.04007233273056,2098.245023525154,2864,0.29085195530726254
hendrky01,2020,82.73764002987305,2093.0059746079164,1402,0.30028530670470754
hendrky01,2021,83.59696016771488,2017.1076868579526,2934,0.27573278800272666
hendrky01,2022,82.93276955602538,2102.645525017618,1477,0.2830060934326337
hendrky01,2023,84.27248576850094,2131.0626185958254,2108,0.28178368121442127
hendrli01,2017,92.49707112970711,2178.502095557418,1254,0.2511961722488038
hendrli01,2018,92.02164948453608,2187.960824742268,527,0.24478178368121442
hendrli01,2019,93.64548083875634,2308.117136659436,1443,0.28135828135828134
hendrli01,2020,93.21971252566735,2370.712525667351,530,0.3150943396226415
hendrli01,2021,94.73781659388646,2335.490829694323,1208,0.29221854304635764
hendrli01,2022,93.81357142857142,2321.691836734694,1024,0.3095703125
hendrli01,2023,92.24827586206897,2293.574712643678,87,0.25287356321839083
hendrry01,2021,90.52611111111112,2329.374074074074,565,0.26548672566371684
hendrry01,2022,89.94024390243902,2223.701219512195,190,0.3631578947368421
henriro01,2022,88.29889502762433,2244.8784530386743,181,0.23204419889502761
henryto01,2022,88.16159420289854,2141.2850241545893,855,0.25380116959064325
henryto01,2023,86.25113846153845,2057.652795031056,1646,0.24726609963547996
hentgsa01,2021,88.82595238095237,2243.9539682539685,1295,0.23552123552123552
hentgsa01,2022,91.22964352720449,2294.813145539906,1096,0.29744525547445255
hentgsa01,2023,88.78767605633803,2212.93419506463,866,0.28983833718244806
hergeji01,2019,88.64272727272729,2373.4363636363637,158,0.3227848101265823
hergeji01,2020,87.79428571428572,2436.9114285714286,396,0.2904040404040404
hergeji01,2021,84.71782178217822,2398.0960264900664,360,0.325
hergeji01,2022,83.34622178606477,2445.416748768473,1054,0.30740037950664134
hergeji01,2023,83.76206896551724,2559.4189189189187,566,0.28975265017667845
hergeke01,2022,86.28738738738737,2112.846846846847,111,0.2702702702702703
hergeke01,2023,86.93133971291866,2109.404306220096,454,0.24008810572687225
hernaar01,2017,94.56739130434782,2339.235827664399,483,0.2587991718426501
hernaca04,2020,90.19254901960785,2202.4392156862746,267,0.24344569288389514
hernaca04,2021,91.40737422467262,2220.3243616287095,1534,0.24315514993481094
hernaca04,2022,90.37507246376812,2169.126379137412,1107,0.24932249322493225
hernaca04,2023,94.0399844720497,2227.33937007874,1323,0.2585034013605442
hernada01,2017,89.29171741778319,2307.3638613861385,898,0.2661469933184855
hernada01,2018,89.05236139630391,2220.0334412081984,1023,0.26881720430107525
hernada01,2019,89.15300613496935,2352.7146529562983,853,0.30011723329425555
hernada02,2019,92.14919236417035,2420.6850746268656,784,0.3125
hernada02,2020,91.17670454545454,2410.3579545454545,180,0.28888888888888886
hernada02,2021,91.6268600252207,2397.1966794380587,847,0.29515938606847697
hernada02,2022,89.5791208791209,2473.032967032967,210,0.3047619047619048
hernada03,2023,92.1235294117647,2543.235294117647,102,0.2647058823529412
hernael01,2018,87.07044025157234,2082.835294117647,1174,0.2657580919931857
hernael01,2019,85.58439667128987,2202.5810135617417,1474,0.2856173677069199
hernael01,2020,86.56443381180223,2212.9935587761674,644,0.2888198757763975
hernael01,2021,86.19510337323176,2145.2121871599566,937,0.29562433297758806
hernael01,2022,86.61207191780821,2074.5516328331864,1168,0.2671232876712329
hernaen02,2018,77.2,2040.3333333333333,15,0.13333333333333333
hernafe02,2017,86.7193338160753,2103.592105263158,1496,0.25267379679144386
hernafe02,2018,84.99644670050762,2048.10223266745,2606,0.24827321565617805
hernafe02,2019,84.63766447368421,2169.891376451078,1286,0.27916018662519443
hernajo02,2019,92.74307228915661,2240.9439252336447,353,0.26062322946175637
hernajo02,2020,93.47301886792454,2298.2911153119094,596,0.3221476510067114
hernajo02,2022,92.47964774951078,2327.931506849315,511,0.26810176125244617
hernajo02,2023,92.32658450704226,2295.126984126984,630,0.3126984126984127
hernajo03,2023,87.98565776458952,2033.8492063492063,1028,0.29474708171206226
hernani01,2023,84.079012345679,2470.246913580247,81,0.20987654320987653
hernayo02,2023,63.540000000000006,1545.8,10,0.1
herrejo04,2023,58.44473684210525,1370.8157894736842,38,0.18421052631578946
herreke01,2017,94.75534838076547,2188.4327309236946,1140,0.256140350877193
herreke01,2018,92.10507544581617,2212.6694101508915,772,0.25906735751295334
herreke01,2019,92.1384531590414,2196.6637554585154,960,0.271875
herreke01,2020,91.07837837837837,2039.3513513513512,70,0.37142857142857144
herrero01,2017,87.02222222222223,2027.088888888889,45,0.17777777777777778
herriti01,2023,91.50884086444007,2355.02,614,0.28501628664495116
hessda01,2018,86.72525714285715,2151.068560840025,1783,0.2310712282669658
hessda01,2019,89.0083916083916,2138.591278640059,1561,0.2242152466367713
hessda01,2020,88.90532544378698,2167.0542168674697,227,0.19823788546255505
hessda01,2021,89.11752577319588,2201.201030927835,465,0.24301075268817204
hestoch01,2017,83.72201257861634,2086.5443037974683,329,0.20972644376899696
heuerco01,2020,94.27572115384615,2300.6826923076924,461,0.31019522776572667
heuerco01,2021,92.10085795996187,2278.976167778837,1116,0.2777777777777778
hicksjo03,2018,97.33916797488226,2153.379255740301,1324,0.2824773413897281
hicksjo03,2019,95.73628117913832,2137.170114942529,529,0.30245746691871456
hicksjo03,2021,95.47528957528958,2049.2913385826773,278,0.2014388489208633
hicksjo03,2022,94.71777583187392,2168.43032427695,1142,0.2670753064798599
hicksjo03,2023,96.83423913043478,2211.2756155679112,1289,0.28937160589604344
hildetr01,2017,82.89555895865237,1830.84,663,0.2850678733031674
hildetr01,2018,83.26236749116607,1904.7548845470692,1269,0.30260047281323876
hildetr01,2019,80.76748466257668,1906.398148148148,393,0.30279898218829515
hildetr01,2021,82.4357142857143,2150.626984126984,126,0.3333333333333333
hillca02,2020,87.00609418282548,2485.4350282485875,378,0.30687830687830686
hillga02,2022,87.51890595009598,2174.3707973102787,1042,0.23896353166986564
hillga02,2023,89.87600700525394,2244.9508771929823,571,0.2574430823117338
hillri01,2017,82.6834959032384,2607.95083886071,2694,0.3273942093541203
hillri01,2018,83.23191489361703,2634.500819000819,2495,0.3190380761523046
hillri01,2019,82.66552734375,2665.1025390625,1095,0.32054794520547947
hillri01,2020,79.93877221324718,2603.301302931596,619,0.2730210016155089
hillri01,2021,80.24046474358975,2477.689655172414,2582,0.3009295120061967
hillri01,2022,79.51569881889763,2405.981271562346,2071,0.2901979719942057
hillri01,2023,79.89035662299855,2370.8507187615187,2748,0.2714701601164483
hillti01,2018,88.52169448010268,2189.82987012987,829,0.27020506634499397
hillti01,2019,87.11063174114022,2141.982998454405,687,0.2561863173216885
hillti01,2020,89.67783375314863,2130.5012787723786,443,0.2799097065462754
hillti01,2021,90.55452653485952,2185.9040084388184,1024,0.2880859375
hillti01,2022,89.39445843828717,2104.8979848866497,814,0.24692874692874692
hillti01,2023,89.16525307797538,2126.78021978022,795,0.24654088050314465
hiranyo01,2018,87.6033078880407,1744.814212328767,1213,0.26875515251442705
hiranyo01,2019,87.18977272727274,1722.9457768508864,978,0.27300613496932513
hiranyo01,2020,85.64435483870967,1590.5604838709678,287,0.23693379790940766
hjellse01,2022,90.3168776371308,1924.9131355932204,497,0.28772635814889336
hjellse01,2023,90.634496124031,2000.1600790513835,656,0.3246951219512195
hoeinbr01,2022,90.40337078651685,2019.9925093632958,267,0.23220973782771537
hoeinbr01,2023,90.03817733990148,2060.9272125723737,1228,0.2752442996742671
hoffmje02,2017,89.70372902423867,2467.1572405220636,1653,0.25105868118572294
hoffmje02,2018,88.78034188034188,2388.0726495726494,236,0.211864406779661
hoffmje02,2019,87.83834586466165,2384.2345864661656,1437,0.2602644398051496
hoffmje02,2020,88.98110599078342,2160.9953917050693,486,0.25102880658436216
hoffmje02,2021,88.90565092989986,2368.143266475645,1524,0.2572178477690289
hoffmje02,2022,89.54823113207547,2284.474556213018,883,0.2582106455266138
hoffmje02,2023,91.42785646836639,2505.761095372993,1059,0.28800755429650615
holadbr01,2018,70.90967741935484,1687.2068965517242,31,0.16129032258064516
holadbr01,2019,63.4,,1,0.0
holadbr01,2020,69.45384615384616,1773.6153846153845,13,0.07692307692307693
holadbr01,2021,67.125,1650.5714285714287,16,0.1875
holdeco01,2022,91.47385229540917,2310.40412371134,551,0.2540834845735027
holdeco01,2023,92.83234421364985,2330.677,1029,0.2585034013605442
holdejo02,2017,85.91541984732824,2514.1592649310874,737,0.31614654002713705
holdejo02,2018,88.51996320147194,2317.121414913958,1152,0.2881944444444444
holdejo02,2019,88.02366522366522,2360.6237037037035,756,0.2804232804232804
holdejo02,2020,88.62316784869977,2311.6801909307874,443,0.2686230248306998
hollade01,2017,86.13753512645523,2114.909273384183,2614,0.25172149961744456
hollade01,2018,86.80767160161506,2257.2556416301786,3102,0.2749838813668601
hollade01,2019,88.04467073998643,2310.2898845892737,1601,0.2904434728294816
hollade01,2020,86.64595635430038,2325.8020565552697,877,0.3010262257696693
hollade01,2021,88.56337325349301,2253.1077844311376,1002,0.2934131736526946
hollagr01,2017,88.49547413793103,2247.7295454545456,991,0.3057517658930373
hollagr01,2018,88.29314565483476,2203.48,818,0.26894865525672373
hollagr01,2019,86.9193009118541,2183.714518760196,666,0.27627627627627627
hollagr01,2020,87.68864097363083,2238.3610547667345,531,0.3145009416195857
hollagr01,2021,87.59077231695085,2171.2941767068273,1051,0.25689819219790677
hollagr01,2022,88.50750000000001,2179.5,115,0.3565217391304348
holloga01,2022,88.2551948051948,2444.0,154,0.2857142857142857
holloga01,2023,89.75339652448656,2471.315345699831,663,0.277526395173454
hollojo01,2020,92.38823529411764,2280.392156862745,68,0.22058823529411764
hollojo01,2021,89.51581325301204,2204.145234493192,674,0.2789317507418398
hollojo01,2022,88.5875,2322.1702127659573,80,0.2625
holmbda01,2017,83.0439024390244,1982.5152091254754,1141,0.24715162138475022
holmecl01,2018,91.70621242484968,2157.375502008032,553,0.24773960216998192
holmecl01,2019,90.25956471935852,2226.089861751152,1001,0.2867132867132867
holmecl01,2020,85.05151515151516,2359.5454545454545,43,0.32558139534883723
holmecl01,2021,91.83851080864693,2340.1113782051284,1262,0.32805071315372425
holmecl01,2022,94.81875563570784,2271.4346257889993,1127,0.3070097604259095
holmecl01,2023,93.05861111111112,2280.450834879406,1080,0.3111111111111111
holtbr01,2020,70.26451612903226,1834.6774193548388,32,0.15625
holtbr01,2021,49.760000000000005,1310.7777777777778,10,0.3
holtoty01,2022,85.52849740932642,2078.626943005181,215,0.24186046511627907
holtoty01,2023,86.95532075471698,2126.2316426949283,1362,0.2966226138032305
honeybr01,2021,89.73076923076923,1936.820512820513,86,0.18604651162790697
honeybr01,2023,89.26521739130435,2092.671625929862,1098,0.2650273224043716
hoovejj01,2017,88.57263843648208,2429.046614872364,969,0.2807017543859649
hoovejj01,2018,85.06901408450703,2417.6338028169016,119,0.25210084033613445
houckta01,2020,88.4022641509434,2197.6439393939395,330,0.2545454545454545
houckta01,2021,89.86535493827161,2232.1740827478534,1404,0.2955840455840456
houckta01,2022,90.5262,2247.5290581162326,1095,0.28949771689497716
houckta01,2023,88.91091954022988,2296.0052386495927,1943,0.2964487905301081
housead01,2018,90.25,2052.137168141593,235,0.251063829787234
housead01,2019,91.07618784530386,2108.2659279778395,1878,0.2790202342917998
housead01,2020,90.03030009680542,2050.2604065827686,1085,0.2543778801843318
housead01,2021,90.38025837706903,2042.9114435907804,2587,0.2342481638964051
housead01,2022,90.40432900432901,2065.5040694519803,1923,0.24024960998439937
housead01,2023,89.3884698275862,2082.5387114239306,1929,0.26127527216174184
housetj01,2017,84.74249999999999,1970.3,69,0.3188405797101449
howarsa01,2018,87.67033492822966,2247.5215311004786,253,0.2648221343873518
howarsa01,2019,88.31411483253589,2340.0917874396137,438,0.23972602739726026
howarsa01,2020,87.40470914127424,2450.268698060942,430,0.2744186046511628
howarsa01,2021,88.60032573289902,2355.0304347826086,943,0.3213149522799576
howarsa01,2022,87.68727272727273,2172.8818181818183,129,0.2868217054263566
howarsp01,2020,88.43166287015946,2206.5632183908046,446,0.2713004484304933
howarsp01,2021,89.58897876643074,2063.6953441295545,989,0.2871587462082912
howarsp01,2022,88.33540462427746,2104.234104046243,750,0.2613333333333333
howarsp01,2023,89.16875,2155.5,107,0.308411214953271
howeljp01,2017,82.83403141361256,1961.083769633508,257,0.25680933852140075
hoytja01,2017,88.33125,2193.7185697808536,964,0.30809128630705396
hoytja01,2018,90.51333333333334,2250.0666666666666,77,0.33766233766233766
hoytja01,2019,88.99593495934961,2203.6666666666665,123,0.35772357723577236
hoytja01,2020,83.57700348432056,2533.2285714285713,316,0.2911392405063291
hoytja01,2021,85.4716049382716,2366.292181069959,271,0.30996309963099633
huangwe01,2019,87.15874125874124,2376.72027972028,162,0.19135802469135801
huch02,2017,91.45397727272727,2212.6477272727275,215,0.25116279069767444
huch02,2018,89.34564102564103,2131.5128205128203,233,0.2575107296137339
hudsobr01,2023,90.91829268292683,2251.012195121951,182,0.34065934065934067
hudsoda01,2017,91.77333939945406,2440.4758812615955,1159,0.2830025884383089
hudsoda01,2018,91.34545454545454,2483.771101573677,802,0.2830423940149626
hudsoda01,2019,93.4937906137184,2504.7204379562045,1433,0.25540823447313327
hudsoda01,2020,93.73258145363407,2353.629072681704,430,0.26046511627906976
hudsoda01,2021,94.02843137254901,2344.4940021810253,935,0.2727272727272727
hudsoda01,2022,93.23004807692307,2430.619277108434,444,0.2882882882882883
hudsoda01,2023,91.690625,2495.71875,64,0.234375
hudsoda02,2018,93.60554272517321,2292.363425925926,512,0.251953125
hudsoda02,2019,90.75611584327088,2201.752912954078,3086,0.2572909915748542
hudsoda02,2020,89.828125,2198.6281859070464,738,0.24796747967479674
hudsoda02,2021,89.06259541984733,2023.9007633587787,131,0.22137404580152673
hudsoda02,2022,88.9807347287484,2186.522836015659,2341,0.22597180692011962
hudsoda02,2023,88.61312925170068,2255.648740639891,1470,0.22585034013605443
hughebr01,2022,88.3828781512605,2332.325806451613,979,0.2870275791624106
hughebr01,2023,87.65830115830116,2339.984555984556,284,0.2746478873239437
hugheja02,2017,91.88813186813186,2119.634529147982,987,0.24214792299898683
hugheja02,2018,90.85844155844156,1895.290718038529,1198,0.25375626043405675
hugheja02,2019,89.67092709270926,1880.630073800738,1199,0.2226855713094245
hugheja02,2020,87.59684466019418,1968.393203883495,470,0.2702127659574468
hugheph01,2017,85.5542447629548,2063.1929437706726,1055,0.23127962085308057
hugheph01,2018,87.76975088967971,2127.5704099821746,677,0.25406203840472674
hultzda01,2019,88.12328767123287,2219.3424657534247,73,0.3013698630136986
hunteto02,2017,92.78239355581127,2543.224465558195,963,0.2751817237798546
hunteto02,2018,93.17993730407524,2461.9699892818862,1000,0.246
hunteto02,2019,91.49027777777776,2643.7361111111113,72,0.2916666666666667
hunteto02,2020,89.52073170731707,2585.2146341463413,410,0.2804878048780488
hunteto02,2021,89.63646408839779,2590.8212290502793,189,0.2275132275132275
hunteto02,2022,91.0997134670487,2442.2378223495703,349,0.24355300859598855
hunteto02,2023,89.74210526315788,2389.8423423423424,472,0.2584745762711864
hurshja01,2017,91.64883720930234,2093.9141104294476,196,0.2193877551020408
hurtky01,2023,91.44000000000001,1609.2666666666667,30,0.4
hutchdr01,2018,86.92237017310252,2256.6287671232876,904,0.25663716814159293
hutchdr01,2021,89.09819121447029,2233.4883720930234,387,0.2144702842377261
hutchdr01,2022,89.50257534246576,2329.566554809843,1842,0.23669923995656894
iglesra01,2017,91.76352558895206,2328.915854738707,1278,0.2996870109546166
iglesra01,2018,90.69735269000854,2244.8868445262187,1221,0.3144963144963145
iglesra01,2019,90.46915167095116,2288.0619047619048,1249,0.3122497998398719
iglesra01,2020,91.08714953271027,2387.0046948356808,461,0.3318872017353579
iglesra01,2021,91.16946702800362,2322.6180492251597,1157,0.3612791702679343
iglesra01,2022,90.68173913043479,2274.978620019436,1063,0.32831608654750705
iglesra01,2023,91.47002237136466,2234.7348993288592,922,0.31127982646420826
infangr01,2017,91.02724489795918,2354.4521829521827,1009,0.2556987115956392
infangr01,2018,90.59096385542169,2216.877300613497,200,0.235
ingrako01,2023,87.17299999999999,2508.75,127,0.3543307086614173
irvinco01,2019,86.62269170579029,1884.2704402515724,717,0.26359832635983266
irvinco01,2020,88.7290322580645,1884.5393258426966,131,0.22900763358778625
irvinco01,2021,87.67941826215022,1872.4785819793206,2821,0.25239276852180076
irvinco01,2022,86.39318007662835,1911.765360983103,2716,0.2614138438880707
irvinco01,2023,87.23479968578161,1950.475216365067,1362,0.26505139500734215
irvinja01,2023,89.86432432432431,2333.7865219357755,2220,0.2599099099099099
iveyty01,2021,83.68686868686869,2186.6060606060605,134,0.3283582089552239
iwakuhi01,2017,81.42406181015453,2006.8657718120805,747,0.250334672021419
jacksan01,2021,87.94798206278027,2015.0896860986547,240,0.2791666666666667
jacksan01,2022,88.77820512820512,1951.6346153846155,198,0.26262626262626265
jacksan01,2023,90.16863136863135,2110.184,1083,0.2760849492151431
jacksed01,2017,90.06789554531491,2253.6589684372593,1302,0.2411674347158218
jacksed01,2018,89.98777852802161,2252.397158322057,1562,0.22151088348271447
jacksed01,2019,90.11574144486691,2277.002300613497,1315,0.23650190114068442
jacksja01,2019,89.46188747731398,2396.9700374531835,641,0.31825273010920435
jacksja01,2021,88.3319693094629,2338.7186700767265,420,0.29285714285714287
jacksja01,2022,87.46666666666665,2208.5833333333335,12,0.25
jacksja01,2023,88.34616695059626,2272.4590443686006,587,0.3202725724020443
jackslu01,2017,89.67936305732485,2148.996138996139,856,0.22546728971962618
jackslu01,2018,89.2053748231966,2246.896159317212,762,0.25065616797900264
jackslu01,2019,90.56011994002999,2479.6203773584907,1422,0.2911392405063291
jackslu01,2020,88.6876953125,2389.00390625,566,0.2508833922261484
jackslu01,2021,90.07691029900333,2291.6400665004157,1261,0.25773195876288657
jackslu01,2023,89.11161904761906,2190.5820610687024,525,0.26285714285714284
jacksza02,2022,90.27914317925593,2264.397970687711,943,0.28950159066808057
jacksza02,2023,89.3634210526316,2248.0344827586205,472,0.22245762711864406
jacobal01,2023,79.57659574468084,2197.063829787234,47,0.3617021276595745
jacqujo01,2023,86.26395604395604,1977.6341463414635,469,0.2921108742004264
jamesdr01,2022,91.50090293453724,2215.866817155756,443,0.27765237020316025
jamesdr01,2023,91.670625,2240.5882352941176,852,0.30164319248826293
jamesjo02,2018,93.19600938967136,2283.9292452830186,426,0.3380281690140845
jamesjo02,2019,93.24973180076628,2373.2492331288345,1342,0.30774962742175854
jamesjo02,2020,92.22900232018561,2298.143851508121,481,0.2972972972972973
jamesjo02,2021,91.0855072463768,2239.8823529411766,69,0.37681159420289856
jankojo01,2017,87.3788888888889,2255.987341772152,154,0.24675324675324675
jannimi01,2021,78.47887323943662,634.9295774647887,94,0.2553191489361702
janseke01,2017,92.47914995990376,2574.2311435523116,1308,0.34938837920489296
janseke01,2018,91.71111111111111,2568.162058371736,1328,0.2996987951807229
janseke01,2019,90.73751143641354,2508.6123959296947,1144,0.31643356643356646
janseke01,2020,90.2109215017065,2438.6188034188035,642,0.32087227414330216
janseke01,2021,91.20735418427726,2548.6045723962743,1239,0.324455205811138
janseke01,2022,91.11097087378641,2478.434824902724,1057,0.29517502365184484
janseke01,2023,93.1,2567.63537414966,783,0.28991060025542786
jarvibr01,2023,90.11602067183463,2190.5038759689924,428,0.24299065420560748
javiecr01,2020,88.19934272300469,2402.18779342723,1102,0.27041742286751363
javiecr01,2021,88.39131501472032,2424.944800394283,2044,0.26956947162426614
javiecr01,2022,88.26183974128638,2465.482572763205,2783,0.27596119295724036
javiecr01,2023,87.15457115928369,2408.9832172260926,3207,0.2516370439663237
jaxgr01,2021,87.54804195804195,2402.9104895104897,1434,0.2524407252440725
jaxgr01,2022,89.74777123633305,2514.301093355761,1212,0.30775577557755773
jaxgr01,2023,90.718470790378,2627.577452667814,1178,0.3166383701188455
jayemy01,2017,86.07985074626865,2195.9341085271317,305,0.17049180327868851
jayjo02,2017,57.20666666666667,1549.2666666666667,16,0.1875
jeffeda01,2020,91.81698113207545,2240.9245283018868,62,0.22580645161290322
jeffeda01,2021,90.64090909090909,2026.7214611872146,363,0.31955922865013775
jeffeda01,2022,88.94582651391163,2017.7561374795416,717,0.25662482566248257
jeffrje01,2017,91.03371278458845,2025.1878841088674,1251,0.2533972821742606
jeffrje01,2018,90.03444525018129,2165.0450254175744,1429,0.30160951714485656
jeffrje01,2019,89.8631395348837,2136.667840375587,879,0.2582480091012514
jeffrje01,2020,88.74234693877551,1935.8516624040922,418,0.2942583732057416
jennida01,2017,87.64299153339604,2379.3462630085146,1128,0.26861702127659576
jennida01,2018,87.35158878504674,2311.522961574508,1112,0.24550359712230216
jennida01,2019,87.67006369426753,2377.576923076923,212,0.25471698113207547
jepseke01,2018,88.2090625,2377.46875,375,0.23466666666666666
jerezwi01,2018,92.20729166666666,1975.4146341463415,288,0.25
jerezwi01,2019,90.97185929648242,1989.9285714285713,266,0.21052631578947367
jewelja01,2018,93.678125,2095.046875,112,0.22321428571428573
jewelja01,2019,90.080093676815,2153.6949152542375,479,0.29436325678496866
jewelja01,2021,91.9693023255814,2007.5023255813953,263,0.29277566539923955
jimened01,2019,89.54814814814814,2372.5209580838323,209,0.20574162679425836
jimenjo02,2017,91.9095823095823,2337.044887780549,434,0.2672811059907834
jimenjo02,2018,92.5927637314734,2445.5448154657292,1236,0.2912621359223301
jimenjo02,2019,92.44962121212122,2452.0903041825095,1121,0.32114183764495985
jimenjo02,2020,90.68457583547558,2376.6015424164525,437,0.2791762013729977
jimenjo02,2021,90.57297570850203,2391.8299595141702,988,0.2722672064777328
jimenjo02,2022,92.0983134920635,2375.9424603174602,1008,0.2986111111111111
jimenjo02,2023,91.57974947807932,2336.3705636743216,999,0.3053053053053053
jimenub01,2017,86.90665119876257,2055.9923541247485,2731,0.25338703771512266
johnsbr02,2017,82.18102678571427,2177.2179775280897,517,0.26305609284332687
johnsbr02,2018,82.33473684210527,2317.333922261484,1807,0.26563364692861097
johnsbr02,2019,80.97694300518134,2503.6809895833335,866,0.27136258660508084
johnsdj01,2018,88.73006993006993,2450.328671328671,143,0.3006993006993007
johnsdj01,2019,89.3341155234657,2424.669675090253,589,0.2546689303904924
johnsdj01,2021,89.79444444444444,2350.527777777778,136,0.25
johnsji04,2017,89.41985596707819,2170.01646090535,1047,0.29608404966571156
johnsji04,2018,88.87709125475287,2154.855513307985,1108,0.2563176895306859
johnspi01,2017,86.11515151515152,2523.848484848485,98,0.35714285714285715
johnspi01,2018,89.26037735849057,2555.0117924528304,887,0.26268320180383314
johnspi01,2020,89.58306878306878,2694.962962962963,422,0.36492890995260663
johnspi01,2021,87.93617224880381,2673.3888888888887,1077,0.30176415970287834
johnspi01,2022,87.92941176470588,2633.9112426035504,368,0.358695652173913
johnspi01,2023,89.05271565495208,2704.8118971061094,1252,0.3083067092651757
jonesda07,2021,90.8,2449.9189189189187,74,0.28378378378378377
jonesda07,2022,87.20210526315789,2414.0,190,0.2736842105263158
jonesna01,2017,92.91674208144796,2357.050925925926,249,0.23694779116465864
jonesna01,2018,94.19941747572815,2378.664077669903,562,0.27580071174377224
jonesna01,2019,91.6285140562249,2370.4859437751006,301,0.2724252491694352
jonesna01,2020,92.20963541666667,2404.1458333333335,401,0.28428927680798005
jonesna01,2021,92.39090909090908,2358.747159090909,374,0.232620320855615
jorgefe01,2017,88.15878378378379,1996.25,159,0.23270440251572327
josepca01,2019,65.35714285714286,1529.5714285714287,9,0.2222222222222222
joycebe01,2023,98.17029702970297,2434.686567164179,274,0.28832116788321166
jungmta01,2017,87.74727272727273,2494.2545454545457,185,0.2972972972972973
junisja01,2017,86.61335526315789,2040.5092348284961,1643,0.2604990870359099
junisja01,2018,86.86085271317829,2159.474797321114,2940,0.26700680272108845
junisja01,2019,86.75104236718225,2191.9287402904424,3094,0.2737556561085973
junisja01,2020,85.68426395939086,2239.7557251908397,401,0.2718204488778055
junisja01,2021,86.98484848484848,2315.8288,675,0.3022222222222222
junisja01,2022,86.22375138734739,2209.325361512792,1823,0.29511793746571585
junisja01,2023,87.08400272294078,2277.940566689703,1511,0.3256121773659828
junkja01,2021,86.71781376518217,2389.8299595141702,247,0.25101214574898784
junkja01,2022,86.34700000000001,2324.5989847715737,221,0.2669683257918552
junkja01,2023,87.75363636363636,2186.7727272727275,163,0.17177914110429449
juradar01,2018,89.039338654504,1837.8550228310503,891,0.19753086419753085
juradar01,2019,89.39134474327628,1947.5218458517427,2091,0.24629363940698232
juradar01,2020,87.09404761904761,1939.0,99,0.21212121212121213
justiev01,2023,91.27514792899409,2309.171597633136,169,0.26627218934911245
kahnlto01,2017,94.77487091222031,2087.1037567084077,1231,0.29975629569455725
kahnlto01,2018,91.73690721649484,1886.4613778705636,530,0.31886792452830187
kahnlto01,2019,92.47754927163666,1867.0034782608695,1211,0.3220478943022296
kahnlto01,2020,92.809375,1676.78125,64,0.453125
kahnlto01,2022,91.36832579185521,1538.5113122171945,221,0.2986425339366516
kahnlto01,2023,90.10452554744526,1533.233918128655,685,0.3284671532846715
kaminro01,2020,87.76695652173913,2233.674157303371,132,0.22727272727272727
kaprija01,2020,91.55056179775282,2077.8426966292136,112,0.3125
kaprija01,2021,88.95716403162055,1990.1700444883836,2044,0.28228962818003916
kaprija01,2022,89.21905829596413,2063.7494387067804,2230,0.24753363228699551
kaprija01,2023,87.08142493638677,2055.2266553480476,1278,0.2863849765258216
karchri01,2023,92.42857142857142,2469.2380952380954,81,0.19753086419753085
karinja01,2019,91.56141732283464,2422.763779527559,140,0.30714285714285716
karinja01,2020,89.27407407407408,2383.4166666666665,589,0.3531409168081494
karinja01,2021,91.81557692307692,2307.486247544204,1164,0.2972508591065292
karinja01,2022,90.44734848484849,2368.2929292929293,792,0.3181818181818182
karinja01,2023,89.59827127659575,2285.4007989347538,828,0.2898550724637681
karnsna01,2017,88.62864792503348,2236.669344042838,1070,0.28785046728971964
karnsna01,2019,87.64285714285714,2279.3186813186812,161,0.3105590062111801
kauffka01,2023,87.81373937677053,2021.3257790368273,769,0.2223667100130039
kayan01,2019,88.94263565891471,2256.267441860465,277,0.21299638989169675
kayan01,2020,88.50537897310512,2302.7017114914424,486,0.2448559670781893
kayan01,2021,89.78130177514792,2347.2677725118483,866,0.2517321016166282
kayan01,2022,90.2029411764706,2495.455882352941,68,0.2647058823529412
kayan01,2023,90.67558139534883,2508.3918367346937,305,0.24262295081967214
kazmisc01,2021,87.9657004830918,1913.6731707317074,293,0.25597269624573377
kelake01,2017,90.80735294117648,2290.326765188834,683,0.2840409956076135
kelake01,2018,91.78509895227008,2291.8205128205127,933,0.3161843515541265
kelake01,2019,89.9095238095238,2300.2859884836853,574,0.29965156794425085
kelake01,2020,89.51818181818182,2276.509090909091,103,0.27184466019417475
kelake01,2021,88.5911330049261,2386.7241379310344,258,0.32558139534883723
kellebr01,2018,91.52852774137178,2265.887540830611,2351,0.24840493407060826
kellebr01,2019,90.63305053485799,2293.50058388478,2833,0.23508648076244265
kellebr01,2020,89.5234772978959,2397.599555061179,935,0.2427807486631016
kellebr01,2021,90.96081771720613,2351.2763045337897,2467,0.24361572760437777
kellebr01,2022,91.25495456512333,2362.0779220779223,2352,0.22448979591836735
kellebr01,2023,89.01592091571278,2324.775681341719,1086,0.2716390423572744
kelleky01,2019,90.49222797927462,2492.549738219895,223,0.2242152466367713
kelleky01,2020,89.09272727272727,2294.5636363636363,88,0.29545454545454547
kelleky01,2021,88.69877675840979,2399.8715596330276,715,0.24895104895104894
kellemi03,2019,91.31779548472775,2528.2940379403794,970,0.24742268041237114
kellemi03,2020,89.13766233766233,2385.0753246753247,459,0.24836601307189543
kellemi03,2021,89.64859359844812,2363.571359223301,2093,0.2384137601528906
kellemi03,2022,89.94652462451974,2423.5152578042794,2863,0.2553265805099546
kellemi03,2023,90.12557932263815,2451.4429210134126,3366,0.28104575163398693
kellesh01,2017,87.66822810590631,2312.346835443038,565,0.27964601769911507
kellesh01,2018,86.19906914893618,2315.3714759535656,815,0.27975460122699386
kellesh01,2019,86.17399741267788,2414.086887835703,794,0.26448362720403024
kelletr01,2019,85.49693251533742,2387.6273291925468,184,0.25
kelletr01,2020,86.77402597402597,2335.4155844155844,126,0.373015873015873
kelletr01,2022,86.18847826086956,2294.526086956522,481,0.2661122661122661
kelletr01,2023,83.80084507042254,2295.656338028169,387,0.3023255813953488
kellyca01,2018,87.85297450424929,2118.314447592068,376,0.23670212765957446
kellyca02,2020,75.1,2015.8333333333333,12,0.25
kellyca02,2022,61.17941176470589,1584.0735294117646,68,0.14705882352941177
kellyca02,2023,59.2173076923077,1335.6346153846155,52,0.1346153846153846
kellyjo05,2017,94.34911131898971,2405.7297830374755,1156,0.25519031141868515
kellyjo05,2018,92.96847583643122,2426.234577303884,1407,0.287135749822317
kellyjo05,2019,92.69611054247697,2489.0951893551687,1028,0.3044747081712062
kellyjo05,2020,90.90321285140563,2717.4618473895584,270,0.2777777777777778
kellyjo05,2021,91.36995073891627,2414.307787391842,812,0.31403940886699505
kellyjo05,2022,91.85263157894737,2531.776824034335,703,0.3200568990042674
kellyjo05,2023,94.29013333333334,2502.2228187919463,796,0.33291457286432163
kellyke02,2023,84.50551615445232,2311.954186413902,1290,0.3077519379844961
kellyme01,2019,88.28952562878064,2420.2385057471265,3221,0.2595467246196833
kellyme01,2020,88.8041958041958,2389.6625874125875,589,0.29541595925297115
kellyme01,2021,88.90789966304754,2311.0277257399775,2706,0.2638580931263858
kellyme01,2022,89.99620172358763,2312.826892366656,3158,0.26725775807473084
kellyme01,2023,89.7897908211052,2311.005941213258,3237,0.2715477293790547
kellymi03,2022,87.41421568627452,2428.9473684210525,204,0.28431372549019607
kellymi03,2023,87.61286764705882,2551.8676470588234,322,0.2732919254658385
kellyza01,2022,88.50661157024793,2291.0661157024792,256,0.24609375
kellyza01,2023,88.8342741935484,2283.5185185185187,283,0.24734982332155478
kendrky01,2017,88.95192307692308,2190.358974358974,376,0.3696808510638298
kennebr02,2018,88.43220675944333,2071.538767395626,536,0.19776119402985073
kennebr02,2023,89.66129032258064,1918.168284789644,310,0.22258064516129034
kenneia01,2017,88.33058035714285,2292.7163067758747,2891,0.2580421999308198
kenneia01,2018,88.02227626459144,2345.4615384615386,2207,0.27050294517444495
kenneia01,2019,91.65865470852017,2433.2971274685815,1196,0.26588628762541805
kenneia01,2020,90.53371212121213,2351.8598484848485,291,0.24742268041237114
kenneia01,2021,92.38514531754575,2386.4962243797195,960,0.2833333333333333
kenneia01,2022,91.40739130434781,2322.663043478261,920,0.23043478260869565
kenneia01,2023,89.3157894736842,1898.1795665634675,374,0.30213903743315507
kerkeor01,2023,89.41951219512195,2792.3963414634145,164,0.3475609756097561
kerrra01,2022,89.72613636363636,1991.6704545454545,121,0.256198347107438
kerrra01,2023,89.83161592505856,2058.494145199063,482,0.3215767634854772
kershcl01,2017,88.17172952769283,2403.8224267212,3294,0.29811778992106863
kershcl01,2018,86.70763467713165,2461.7035714285716,2946,0.280040733197556
kershcl01,2019,86.20432674375233,2549.831765148664,2777,0.27295642779978396
kershcl01,2020,86.9453717754173,2591.692682926829,1359,0.31788079470198677
kershcl01,2021,86.44019933554817,2578.5216186252774,1910,0.31518324607329845
kershcl01,2022,86.12099898063201,2473.9811416921507,2023,0.2970835392980722
kershcl01,2023,85.77667447306793,2374.062146892655,2225,0.2849438202247191
keuchda01,2017,85.53747169811321,2036.5825722983257,2752,0.2699854651162791
keuchda01,2018,85.7301555299539,2039.0411474934801,3577,0.24629577858540677
keuchda01,2019,85.47875311720699,2006.57185778668,2005,0.24139650872817955
keuchda01,2020,83.31912720519962,2023.436553030303,1124,0.26423487544483987
keuchda01,2021,84.10124724871606,1970.8894195444527,2798,0.2516082916368835
keuchda01,2022,84.01965665236051,1918.4797936371453,1261,0.24504361617763679
keuchda01,2023,83.64103343465047,2038.5744680851064,658,0.2689969604863222
kickhmi01,2020,83.90190839694657,2410.671755725191,302,0.31125827814569534
kickhmi01,2021,83.93085106382979,2452.2021276595747,155,0.3032258064516129
kiekhde01,2018,82.13555555555557,2116.953488372093,50,0.26
kikucyu01,2019,87.33552681627995,2171.8669760247485,2794,0.2465998568360773
kikucyu01,2020,91.46071428571429,2197.596889952153,885,0.26666666666666666
kikucyu01,2021,90.46864506052324,2200.005076142132,2626,0.2795125666412795
kikucyu01,2022,90.83195619711299,2199.086112493778,2009,0.2707814833250373
kikucyu01,2023,90.38222919937206,2330.198612862547,3199,0.27539856205064084
kiliaca01,2022,91.1740425531915,2120.548936170213,235,0.19574468085106383
kiliaca01,2023,89.75220125786163,2114.506329113924,166,0.22289156626506024
kilomfr01,2020,89.17685589519651,2202.7772925764193,245,0.2938775510204082
kimbrcr01,2017,94.88166666666666,2478.97247706422,1249,0.36829463570856685
kimbrcr01,2018,93.35015337423313,2441.3174846625766,1315,0.311787072243346
kimbrcr01,2019,92.77029177718833,2393.2201591511935,392,0.2576530612244898
kimbrcr01,2020,92.9117302052786,2363.8058823529414,375,0.3546666666666667
kimbrcr01,2021,92.31684414327202,2408.083252662149,1113,0.3216531895777179
kimbrcr01,2022,92.5875,2351.032169117647,1121,0.2792149866190901
kimbrcr01,2023,92.27225760792639,2440.5916489738147,1413,0.3021939136588818
kimkw01,2020,84.72405405405406,2102.7405329593266,789,0.2788339670468948
kimkw01,2021,84.2476390346275,2066.0763157894735,1906,0.2633788037775446
kineris01,2023,71.19607843137256,1583.450980392157,51,0.1568627450980392
kingesc01,2018,,,16,0.25
kinghni01,2018,88.64110429447852,2221.777521170131,1409,0.25621007806955287
kinghni01,2019,87.97877312560857,2259.524366471735,1176,0.23809523809523808
kingjo01,2020,88.34516129032258,2037.1420765027322,186,0.27419354838709675
kingjo01,2021,87.37485632183908,1962.9595375722542,758,0.2849604221635884
kingjo01,2022,87.03898531375168,2080.0940860215055,778,0.2544987146529563
kingjo01,2023,89.40948766603417,1958.7931688804554,614,0.2687296416938111
kingmi01,2019,88.71463414634147,2227.1052631578946,41,0.14634146341463414
kingmi01,2020,89.4393115942029,2229.5126811594205,610,0.26885245901639343
kingmi01,2021,90.50801619433197,2311.5271695052716,1265,0.2972332015810277
kingmi01,2022,91.08972911963883,2479.8518518518517,894,0.3333333333333333
kingmi01,2023,89.61235326998323,2444.4983146067416,1801,0.32926152137701276
kinlety01,2018,93.54410480349345,2328.7582938388628,352,0.2897727272727273
kinlety01,2019,91.19942263279447,2421.252110977081,927,0.2977346278317152
kinlety01,2020,91.80451467268624,2468.3611738148984,446,0.32286995515695066
kinlety01,2021,92.52927439532945,2478.5461409395975,1204,0.26245847176079734
kinlety01,2022,92.20843672456576,2333.3109452736317,422,0.27488151658767773
kinlety01,2023,93.0281879194631,2444.010067114094,298,0.23825503355704697
kinslia01,2019,79.97037037037036,2000.7407407407406,27,0.18518518518518517
kintzbr01,2017,92.3877042132416,2028.4870689655172,1213,0.2448474855729596
kintzbr01,2018,91.67121212121212,2019.8959595959595,1056,0.2604166666666667
kintzbr01,2019,91.12538011695906,2065.8573099415203,915,0.2743169398907104
kintzbr01,2020,89.99237668161435,2017.8139013452915,464,0.27801724137931033
kintzbr01,2021,90.18439393939393,2051.927272727273,661,0.2632375189107413
kirbyge01,2022,90.99339991315675,2134.6778260869564,2331,0.25954525954525953
kirbyge01,2023,91.60272566371683,2154.6411806543388,2922,0.2737850787132101
kittran01,2017,87.11428571428571,2517.24347826087,303,0.3564356435643564
kittran01,2018,87.87912087912088,2283.958823529412,736,0.2921195652173913
kittran01,2019,92.02484700122399,2397.8835978835978,901,0.30410654827968925
kittran01,2020,90.22869565217391,2507.7478260869566,177,0.3502824858757062
kittran01,2021,92.38873786407767,2548.131067961165,1091,0.307974335472044
kittran01,2022,92.45591836734694,2513.4367346938775,268,0.2574626865671642
kittran01,2023,92.23756345177667,2463.456852791878,197,0.23857868020304568
klinebr01,2019,92.2279661016949,2160.311965811966,752,0.2566489361702128
klinebr01,2020,91.3142857142857,1919.6326530612246,133,0.2556390977443609
kloboga01,2021,92.10280373831776,2011.872641509434,219,0.2054794520547945
klubeco01,2017,89.0604809879753,2394.288442211055,3304,0.3371670702179177
klubeco01,2018,88.62741384663148,2419.3390097760957,3432,0.30244755244755245
klubeco01,2019,87.9924713584288,2350.8229508196723,714,0.29551820728291317
klubeco01,2020,88.31666666666666,2298.8333333333335,72,0.25
klubeco01,2021,86.5258023106547,2275.2880154639174,1558,0.2798459563543004
klubeco01,2022,85.17067851373181,2291.8784329563814,2536,0.29298107255520506
klubeco01,2023,84.43543599257885,2309.0584905660376,1171,0.27156276686592656
knappan01,2021,65.875,1486.25,4,0.0
knebeco01,2017,92.5691690962099,2483.767323121809,1457,0.3390528483184626
knebeco01,2018,92.3376500857633,2521.852487135506,1219,0.31501230516817064
knebeco01,2020,88.49963099630996,2477.1524163568774,271,0.28413284132841327
knebeco01,2021,89.4600382409178,2579.3888888888887,570,0.2982456140350877
knebeco01,2022,90.3316091954023,2503.9918414918416,878,0.26993166287015946
knehrre01,2021,90.79585687382297,2240.4595103578154,581,0.23580034423407917
knehrre01,2022,88.82520661157024,2194.6570247933882,259,0.23552123552123552
knehrre01,2023,88.57142857142857,2156.5459770114944,196,0.23979591836734693
knighdu01,2021,83.4968253968254,1866.8783068783068,189,0.2751322751322751
knighdu01,2022,83.0671875,1942.6197916666667,219,0.2968036529680365
kniznan01,2022,68.37272727272727,1824.0,11,0.09090909090909091
kochma01,2017,90.32156862745097,2130.2156862745096,68,0.23529411764705882
kochma01,2018,88.17594086021505,2139.4411562284927,1500,0.232
kochma01,2019,89.56347438752783,2083.480637813212,514,0.2509727626459144
kochma01,2022,88.58055555555555,2260.6944444444443,83,0.24096385542168675
kochma01,2023,90.67338345864663,2219.0077760497666,702,0.26638176638176636
koehlto01,2017,87.96206896551725,2191.4498023715414,1436,0.2681058495821727
koenija01,2022,84.87151607963246,2084.5068912710567,653,0.22970903522205208
koernbr01,2021,86.85961538461537,1936.5384615384614,52,0.17307692307692307
kolarad01,2017,86.45333333333333,2172.783582089552,151,0.24503311258278146
kolarad01,2018,86.65546719681907,2154.3072164948453,539,0.2764378478664193
kolarad01,2019,87.39839901477832,2141.6325,910,0.2945054945054945
kolarad01,2020,87.76160714285713,2123.2738095238096,372,0.239247311827957
kolarad01,2021,86.03947368421052,2156.132275132275,253,0.25296442687747034
kolarad01,2022,85.41065830721003,2139.635220125786,328,0.2073170731707317
kolarad01,2023,85.88045977011495,2241.229885057471,116,0.3103448275862069
kontoge01,2017,87.38393881453156,2400.017324350337,1123,0.3446126447016919
kontoge01,2018,86.50155555555556,2340.1013513513512,505,0.2851485148514851
kopecmi01,2018,90.700390625,2407.84126984127,339,0.2536873156342183
kopecmi01,2021,92.62051709758131,2531.901337792642,1290,0.324031007751938
kopecmi01,2022,90.23635007458977,2467.1586275484833,2052,0.2675438596491228
kopecmi01,2023,91.28238683127573,2400.349979364424,2550,0.2615686274509804
kowarja01,2021,90.89667194928684,2272.6148969889064,738,0.24119241192411925
kowarja01,2022,90.08938906752411,2372.469453376206,365,0.25205479452054796
kowarja01,2023,90.33025889967637,2188.6326860841423,678,0.2861356932153392
kranima01,2021,90.07540760869566,2118.0760869565215,736,0.23641304347826086
kranima01,2022,90.45263157894738,2162.3947368421054,76,0.19736842105263158
kratzer01,2018,75.06000000000002,1954.2894736842106,45,0.3111111111111111
kratzer01,2020,70.7236842105263,2327.0,38,0.15789473684210525
krehbjo01,2018,89.05465838509316,2140.0569620253164,195,0.2923076923076923
krehbjo01,2021,90.24736842105264,2215.3533834586465,186,0.3064516129032258
krehbjo01,2022,88.20921187308087,2044.4471794871795,1022,0.2651663405088063
krehbjo01,2023,89.64409448818897,2125.4015748031497,158,0.2911392405063291
kremede01,2020,86.85982658959537,2356.4306358381505,385,0.2675324675324675
kremede01,2021,88.13215517241379,2312.120793787748,1215,0.23868312757201646
kremede01,2022,88.08999051233397,2255.4970501474927,2108,0.2509487666034156
kremede01,2023,89.81952,2271.6543764026933,3204,0.2606117353308365
kriskbr01,2020,91.98524590163935,2040.704918032787,155,0.3161290322580645
kriskbr01,2021,90.79791666666667,1689.326388888889,298,0.2348993288590604
kriskbr01,2023,87.06666666666668,1609.719008264463,189,0.36507936507936506
krolia01,2017,89.69025270758124,2337.2342995169083,933,0.2647374062165059
krolia01,2018,88.51590909090909,2240.568181818182,123,0.2926829268292683
krolia01,2021,87.66446808510639,2366.242553191489,470,0.26170212765957446
krookma01,2023,86.9513392857143,2276.300925925926,279,0.3333333333333333
kuhlch01,2017,92.53450205147332,2212.9390625,2795,0.25617173524150266
kuhlch01,2018,91.7074720670391,2294.467976710335,1588,0.2518891687657431
kuhlch01,2020,89.3551851851852,2294.2120451693854,822,0.26520681265206814
kuhlch01,2021,89.58665377176015,2275.526588845655,1563,0.2751119641714651
kuhlch01,2022,88.64802143446002,2334.8750515463917,2460,0.2524390243902439
kuhlch01,2023,88.38412499999998,2390.2092731829575,961,0.25494276795005205
kuhnejo01,2019,92.42349397590361,2231.775641025641,177,0.24858757062146894
kuhnejo01,2020,91.92386363636363,2214.806818181818,111,0.24324324324324326
kuhnejo01,2022,92.40431965442764,2156.092530657748,960,0.265625
kuhnejo01,2023,91.763133640553,2111.5231481481483,279,0.23655913978494625
labouja01,2017,87.09421487603305,2172.64406779661,150,0.22666666666666666
lackejo01,2017,86.62468130311615,2147.606366459627,2969,0.26136746379252274
ladwiaj01,2022,87.23658536585366,2161.1951219512193,41,0.17073170731707318
lailbr01,2019,89.24130434782607,2218.2391304347825,63,0.19047619047619047
lailbr01,2020,86.53266666666667,2313.258389261745,359,0.25069637883008355
lailbr01,2021,88.10000000000001,2496.3928571428573,60,0.36666666666666664
lakintr01,2019,89.91392405063291,2401.1374045801526,437,0.2334096109839817
lakintr01,2020,89.23002070393376,2395.3933747412007,523,0.23518164435946462
lakintr01,2021,89.745521023766,2353.611009174312,593,0.2748735244519393
lakintr01,2022,89.35720164609054,2361.1487603305786,276,0.21739130434782608
lamarry01,2018,73.02000000000001,1833.2,5,0.2
lambeji01,2020,87.19999999999999,2158.362068965517,58,0.27586206896551724
lambeji01,2021,88.39430894308943,2081.0040650406504,253,0.20948616600790515
lambeji01,2022,88.3352078239609,2279.0332922318125,821,0.2582216808769793
lambeji01,2023,87.70859598853868,2315.2324246771877,749,0.2963951935914553
lambepe01,2019,88.60666270077334,2095.330943847073,1740,0.23275862068965517
lambepe01,2021,86.63252032520326,1847.138211382114,123,0.24390243902439024
lambepe01,2023,89.07117241379311,2116.019732205779,1522,0.25098554533508544
lambja01,2023,56.5875,1580.375,8,0.125
lambjo02,2018,83.76683168316832,2090.841584158416,328,0.27134146341463417
lametdi01,2017,90.8810382513661,2414.7142055025265,1984,0.2767137096774194
lametdi01,2019,91.4208603896104,2515.7174813587408,1233,0.29764801297648014
lametdi01,2020,91.41453154875717,2553.8716475095785,1104,0.32608695652173914
lametdi01,2021,90.8908653846154,2431.6021634615386,849,0.29093050647820967
lametdi01,2022,90.47107023411371,2402.073578595318,639,0.30359937402190923
lametdi01,2023,90.55714285714286,2487.3048600883653,696,0.23994252873563218
langeal01,2021,90.53514246947081,2168.618724559023,737,0.26322930800542743
langeal01,2022,89.82646793134597,2102.1011743450767,1107,0.3053297199638663
langeal01,2023,90.02450748620961,2159.609621451104,1269,0.29550827423167847
lasorjo01,2023,82.0058925476603,2057.1431064572425,584,0.3013698630136986
lasteto01,2018,73.12083333333334,1790.6666666666667,24,0.125
latosma01,2017,88.52260536398468,1943.896551724138,381,0.24146981627296588
latzja01,2021,86.29285714285714,2044.2857142857142,101,0.21782178217821782
latzja01,2023,90.18761904761905,2192.7428571428572,147,0.2789115646258503
lauerer01,2018,87.77532535137951,2195.4096133751304,2094,0.25358166189111747
lauerer01,2019,87.96262626262626,2240.443535825545,2620,0.2595419847328244
lauerer01,2020,87.74303278688524,2216.72131147541,286,0.2972027972027972
lauerer01,2021,88.85458128078817,2216.7325819672133,2087,0.25443219932918065
lauerer01,2022,88.86337817638267,2285.4900413378427,2727,0.2720938760542721
lauerer01,2023,86.71966824644551,2214.1992882562276,951,0.2334384858044164
lawde01,2017,86.92832116788321,2111.3107511045655,762,0.2755905511811024
lawde01,2018,88.13194888178913,2147.4305555555557,356,0.26685393258426965
lawde01,2019,86.7039363484087,2129.3565823888403,1220,0.2778688524590164
lawde01,2021,87.34188790560472,2229.109144542773,380,0.31842105263157894
lawde01,2022,89.3065340909091,2238.908831908832,352,0.26988636363636365
lawde01,2023,90.55975359342915,2251.2631578947367,1022,0.2583170254403131
lawreca01,2017,87.60205973223482,2096.8191964285716,1089,0.2580348943985308
lawreca01,2018,86.00100502512561,2167.0305555555556,498,0.2710843373493976
lawreca01,2022,84.94553846153845,2190.2584615384617,325,0.23692307692307693
lawreca01,2023,85.08353982300885,2173.0123893805307,580,0.2672413793103448
lawreju01,2021,92.39018264840183,2504.287356321839,447,0.27069351230425054
lawreju01,2022,89.36386768447836,2511.6068702290077,812,0.29433497536945813
lawreju01,2023,89.65186953062847,2632.513338722716,1277,0.3187157400156617
layneto01,2017,84.12,2132.065573770492,294,0.2653061224489796
leahyky01,2023,90.2614864864865,2297.0067567567567,155,0.3096774193548387
leakemi01,2017,87.21307861866275,2128.2106038291604,2928,0.2575136612021858
leakemi01,2018,85.4307582260372,2115.6643982808023,2941,0.25025501530091804
leakemi01,2019,85.25971858638742,2117.671390013495,3153,0.2594354582936885
leathja01,2017,89.75238095238095,2269.942857142857,112,0.33035714285714285
leblawa01,2017,83.00834896810505,1807.4020715630886,1160,0.2767241379310345
leblawa01,2018,81.73203764320786,1839.631859131859,2555,0.27945205479452057
leblawa01,2019,81.66471168063086,1862.008382642998,2065,0.2774818401937046
leblawa01,2020,81.22938271604939,1881.432098765432,430,0.28604651162790695
leblawa01,2021,83.28751381215471,1899.28349944629,933,0.2572347266881029
leclejo01,2017,89.93333333333334,2516.289962825279,1035,0.27053140096618356
leclejo01,2018,88.13297985153764,2562.4569460390358,1031,0.3288069835111542
leclejo01,2019,90.18416536661466,2596.287853577371,1375,0.3018181818181818
leclejo01,2020,88.37241379310345,2565.8793103448274,100,0.34
leclejo01,2022,89.87762148337596,2520.8320512820515,782,0.2851662404092072
leclejo01,2023,89.94414634146341,2487.7151020408164,1293,0.29156999226604796
leedy01,2021,89.73391304347827,2084.521739130435,115,0.26956521739130435
leedy01,2022,87.76996197718631,2124.9518377693284,814,0.3046683046683047
leedy01,2023,86.84311111111111,2082.7683741648107,473,0.3276955602536998
leeev01,2022,86.4030303030303,2499.5636363636363,173,0.23699421965317918
leeza01,2017,87.80862944162438,2225.4123711340208,236,0.2245762711864407
legumca01,2023,90.58138528138528,2396.08658008658,279,0.26523297491039427
leibrbr01,2020,85.396,2206.277027027027,150,0.20666666666666667
leitema02,2017,86.89840848806367,1736.2796208530806,1516,0.2598944591029024
leitema02,2018,87.24679487179488,1770.842672413793,571,0.28546409807355516
leitema02,2022,85.54005524861878,1769.7917050691244,1162,0.2874354561101549
leitema02,2023,86.90170454545455,1663.0895091434072,1108,0.2897111913357401
lemoija01,2022,90.28691275167785,2076.094276094276,339,0.26843657817109146
leonar02,2017,93.04476190476191,2240.695238095238,140,0.2357142857142857
leonedo01,2017,91.27051756007394,2347.0273069679847,1174,0.29471890971039183
leonedo01,2018,91.43727506426735,2378.190600522193,475,0.2926315789473684
leonedo01,2019,90.91146304675716,2366.2667706708266,739,0.2557510148849797
leonedo01,2020,89.94628820960699,2329.8689956331878,265,0.2641509433962264
leonedo01,2021,90.93652762119505,2354.7129840546695,955,0.2764397905759162
leonedo01,2022,90.6812348668281,2391.336196319018,855,0.2584795321637427
leonedo01,2023,91.34724061810155,2431.877094972067,965,0.25699481865284973
leonsa01,2021,78.96056338028168,1967.4225352112676,71,0.2535211267605634
leonsa01,2022,76.49411764705883,1895.0588235294117,17,0.29411764705882354
leonsa01,2023,80.31666666666666,1882.111111111111,18,0.05555555555555555
lestejo01,2017,87.66450846450847,2217.072171072171,3476,0.2655350978135788
lestejo01,2018,87.13846627656298,2274.73374422188,3355,0.2599105812220566
lestejo01,2019,86.30899165061015,2304.818766066838,3223,0.25100837728824077
lestejo01,2020,85.84454799627213,2238.2072829131653,1140,0.25087719298245614
lestejo01,2021,85.2300162469537,2128.795288383428,2494,0.2309542902967121
lestejo02,2023,58.92777777777777,1595.2777777777778,18,0.16666666666666666
lewicar01,2017,88.16649214659685,2151.806282722513,194,0.23195876288659795
lewicar01,2018,87.75114503816793,2114.006106870229,712,0.22752808988764045
lewicar01,2020,88.1298245614035,2152.9285714285716,57,0.2631578947368421
leyerro01,2020,91.16543209876542,2344.273291925466,198,0.3333333333333333
liberad01,2017,89.69610389610389,1855.7402597402597,149,0.28187919463087246
liberad01,2018,87.75138121546962,1961.7292817679559,278,0.25539568345323743
liberma01,2022,87.64902723735408,2220.8790760869565,771,0.23216601815823606
liberma01,2023,88.62383375742155,2330.811942959002,1193,0.24559932942162616
lindbjo01,2017,87.14731182795698,2253.7582417582416,257,0.23735408560311283
lindbjo01,2020,83.79419924337955,2320.841109709962,865,0.3086705202312139
lindbjo01,2021,84.68771929824561,2423.24633431085,436,0.28440366972477066
lindgje01,2023,86.25762711864405,2255.0593220338983,118,0.2457627118644068
liriafr01,2017,89.25574873808189,2070.1899661781285,1937,0.2880743417656169
liriafr01,2018,88.16198054818746,2032.2428057553957,2404,0.25582362728785357
liriafr01,2019,89.5694589877836,2026.2326602282703,1236,0.2686084142394822
litteza01,2018,87.97957746478873,1988.2887323943662,460,0.2717391304347826
litteza01,2019,89.93689839572193,2104.9802513464992,575,0.26260869565217393
litteza01,2020,91.38515625,2187.4409448818897,186,0.25806451612903225
litteza01,2021,91.81217228464419,2037.1377694470477,1131,0.2696728558797524
litteza01,2022,90.9395778364116,2011.071240105541,780,0.2551282051282051
litteza01,2023,89.291587417703,1902.2940746159472,1440,0.26458333333333334
littlbr02,2022,91.81818181818181,2049.090909090909,22,0.18181818181818182
littllu01,2023,90.13333333333334,2253.0666666666666,135,0.362962962962963
livelbe01,2017,86.52163701067616,1942.5036179450071,1486,0.24226110363391656
livelbe01,2018,86.17597042513863,2027.527985074627,696,0.2916666666666667
livelbe01,2019,84.39629629629631,2021.7037037037037,73,0.3698630136986301
livelbe01,2023,86.55961674946771,1952.3797019162528,1423,0.2649332396345748
llovema01,2020,88.46610169491525,2018.8214285714287,106,0.2641509433962264
llovema01,2021,89.34482758620689,2095.6827586206896,145,0.27586206896551724
llovema01,2022,88.92636363636363,2273.5295950155764,366,0.31693989071038253
llovema01,2023,90.34423380726699,2253.3665086887836,671,0.2906110283159464
lloydky01,2017,82.33975903614457,1812.1052631578948,83,0.24096385542168675
loaisjo01,2018,91.40582329317269,2344.945833333333,507,0.27218934911242604
loaisjo01,2019,92.25121212121212,2442.526964560863,794,0.3060453400503778
loaisjo01,2020,93.31383647798742,2311.9979035639412,548,0.3010948905109489
loaisjo01,2021,93.81362568519968,2335.8613938919343,1292,0.28560371517027866
loaisjo01,2022,94.66673596673596,2319.162330905307,962,0.26507276507276506
loaisjo01,2023,95.16105610561056,2299.430463576159,303,0.25742574257425743
lobstky01,2021,88.57941176470588,2106.764705882353,34,0.20588235294117646
lockeje01,2017,86.14520069808027,1802.1832460732985,574,0.259581881533101
lodolni01,2022,89.75982857142859,2412.4609644087254,1899,0.29805160610847814
lodolni01,2023,87.59161849710983,2413.4444444444443,860,0.29767441860465116
loganbo02,2017,88.00982367758186,2401.7088607594937,485,0.3154639175257732
loganbo02,2018,90.08577586206897,2386.956896551724,277,0.2743682310469314
logueza01,2022,86.12279843444227,2105.4362745098038,1052,0.22433460076045628
logueza01,2023,86.53032786885247,2069.495901639344,251,0.21115537848605578
longsa01,2021,83.92336065573771,2182.689466484268,761,0.2614980289093298
longsa01,2022,86.88240866035183,2214.080711354309,787,0.2795425667090216
longsa01,2023,87.22487113402062,2314.167525773196,833,0.23289315726290516
lopesti01,2020,53.083333333333336,1091.5,12,0.16666666666666666
lopezal03,2022,66.45384615384616,1564.8076923076924,26,0.19230769230769232
lopezja04,2023,86.37281553398056,2048.393203883495,206,0.2621359223300971
lopezjo02,2017,92.31142857142858,1824.4857142857143,85,0.12941176470588237
lopezjo02,2018,88.96628959276018,2078.154195011338,893,0.2732362821948488
lopezjo02,2019,89.32162895927601,2071.3762466001813,2272,0.25616197183098594
lopezjo02,2020,89.12619760479042,1997.710644677661,744,0.27419354838709675
lopezjo02,2021,90.57087959009394,2026.0627936779154,2457,0.26577126577126575
lopezjo02,2022,92.78659881255302,2076.53480475382,1222,0.2855973813420622
lopezjo02,2023,91.70910871694417,2143.9571286141577,1034,0.27852998065764023
lopezni01,2022,65.875,2094.5625,16,0.0625
lopezni01,2023,60.33333333333332,1272.8333333333333,42,0.21428571428571427
lopezpa01,2018,88.19388830347735,2071.039070749736,984,0.2733739837398374
lopezpa01,2019,89.15440356744705,2088.68492377188,1905,0.26404199475065615
lopezpa01,2020,90.5859633027523,2090.540366972477,1153,0.26019080659150046
lopezpa01,2021,90.34677419354838,2094.5906401291018,1860,0.2763440860215054
lopezpa01,2022,89.94180992539734,2125.450477130635,3083,0.2737593253324684
lopezpa01,2023,89.77375865182064,2306.0329205678045,3337,0.291579262810908
lopezre01,2017,89.59926560587516,1972.3316892725031,922,0.24078091106290672
lopezre01,2018,90.42267272137528,2015.1880117916803,3228,0.24535315985130113
lopezre01,2019,90.28125197597217,2051.305360561583,3283,0.2695705147730734
lopezre01,2020,88.49502982107356,2030.556886227545,561,0.25668449197860965
lopezre01,2021,91.09369544131911,2196.4878758486907,1089,0.26170798898071623
lopezre01,2022,92.09482233502538,2242.9939086294416,1034,0.28820116054158607
lopezre01,2023,94.48464730290456,2215.7265170407313,1259,0.2692613185067514
lopezyo01,2018,92.61079136690648,2247.7846153846153,139,0.30935251798561153
lopezyo01,2019,91.37990970654629,2233.124840764331,928,0.24568965517241378
lopezyo01,2020,91.02369230769231,2255.321981424149,346,0.25722543352601157
lopezyo01,2021,90.9125925925926,2381.063432835821,301,0.2558139534883721
lopezyo01,2022,90.80187793427231,2198.6150234741785,213,0.2535211267605634
lorenmi01,2017,92.55201465201465,2324.345441067457,1465,0.24368600682593858
lorenmi01,2018,91.88630030959753,2356.6849100860045,1380,0.24130434782608695
lorenmi01,2019,92.26006097560975,2459.3602771362584,1414,0.2765205091937765
lorenmi01,2020,91.20217054263566,2445.1031746031745,698,0.28796561604584525
lorenmi01,2021,91.53866943866944,2362.925155925156,540,0.2777777777777778
lorenmi01,2022,89.42053056516725,2330.6843930635837,1765,0.2526912181303116
lorenmi01,2023,89.06301636788777,2393.676171875,2567,0.2524347487339307
loupaa01,2017,88.0286991062562,2208.4975173783514,1074,0.2839851024208566
loupaa01,2018,88.06976090014064,2295.961971830986,780,0.33076923076923076
loupaa01,2019,86.39852941176471,2336.985294117647,108,0.3055555555555556
loupaa01,2020,88.01589861751151,2277.0875576036865,458,0.27729257641921395
loupaa01,2021,87.59665226781857,2268.8237837837837,926,0.3174946004319654
loupaa01,2022,87.06527068437181,2183.569529652352,1005,0.27860696517412936
loupaa01,2023,87.23619271445358,2200.078014184397,878,0.28018223234624146
lovelri01,2019,91.08453333333333,2363.0054794520547,444,0.2635135135135135
lovelri01,2020,88.75357142857142,2458.5714285714284,57,0.3684210526315789
lovelri01,2021,89.90903614457831,2533.7522658610274,401,0.314214463840399
lovelri01,2023,88.51190476190476,2336.2135135135136,431,0.3271461716937355
lowthza01,2021,85.8025641025641,2264.17264957265,595,0.2773109243697479
lowthza01,2022,86.176,2124.15,148,0.23648648648648649
lucasea01,2023,89.64662162162162,2079.4594594594596,161,0.22981366459627328
lucasjo02,2017,88.17478991596639,2374.6525423728813,149,0.2550335570469799
lucasjo02,2018,86.93225806451613,2353.9795918367345,316,0.310126582278481
lucasjo02,2019,86.85201465201465,2356.7279411764707,317,0.2744479495268139
lucchjo01,2018,86.38516536964981,2170.819552529183,2237,0.2878855610192222
lucchjo01,2019,86.24797425217722,2173.8626707132016,2742,0.2709700948212983
lucchjo01,2020,86.17094017094017,2062.3593073593074,266,0.2932330827067669
lucchjo01,2021,86.61576923076922,2156.7673521850897,806,0.2803970223325062
lucchjo01,2023,86.93360881542701,2159.450488145049,737,0.24151967435549526
luciael01,2019,90.38488188976378,2157.4944881889764,734,0.24250681198910082
luetglu01,2021,84.65732574679944,2640.0906495360455,1406,0.24679943100995733
luetglu01,2022,82.4498609823911,2597.999073215941,1079,0.27710843373493976
luetglu01,2023,81.18741258741258,2588.8105263157895,332,0.25301204819277107
lugose01,2017,86.97552019583843,2336.4605021432944,1722,0.2694541231126597
lugose01,2018,88.18610421836229,2524.956575682382,1720,0.30348837209302326
lugose01,2019,89.60007843137255,2472.996862745098,1355,0.32693726937269374
lugose01,2020,88.96708860759493,2397.349683544304,632,0.3069620253164557
lugose01,2021,88.60931506849316,2540.5986301369862,730,0.32054794520547947
lugose01,2022,88.51642178046673,2623.3759723422645,1168,0.2953767123287671
lugose01,2023,87.72490534286916,2578.3658329800764,2532,0.27488151658767773
luplojo01,2021,66.8111111111111,1767.5555555555557,18,0.1111111111111111
luplojo01,2023,54.85000000000001,1530.5714285714287,14,0.14285714285714285
luzarje01,2019,90.05023041474655,2326.310185185185,298,0.32550335570469796
luzarje01,2020,90.94804104477612,2320.2296157450796,1130,0.3
luzarje01,2021,90.19478114478113,2175.217243335224,1837,0.2683723462166576
luzarje01,2022,90.44765981735159,2163.2633431085046,1785,0.29411764705882354
luzarje01,2023,91.51995634549424,2205.596814490943,3281,0.29289850655288024
lylesjo01,2017,90.50545058139535,2244.848,1448,0.2272099447513812
lylesjo01,2018,89.22007142857143,2090.0442857142857,1485,0.2579124579124579
lylesjo01,2019,87.86196886832141,2238.8505892255894,2580,0.26124031007751936
lylesjo01,2020,87.23391866913124,2210.8529139685475,1134,0.25308641975308643
lylesjo01,2021,87.64199604743084,2381.11496531219,3083,0.2578657152124554
lylesjo01,2022,86.3192436412316,2246.637550200803,3041,0.25813877014140085
lylesjo01,2023,85.86773162939298,2274.262477558348,2951,0.23619112165367673
lynchda02,2021,89.34057279236278,2020.4808917197452,1361,0.24393828067597356
lynchda02,2022,89.2158110882957,2007.0308008213553,2521,0.24315747719159064
lynchda02,2023,88.28610778443112,2017.2937649880096,946,0.2568710359408034
lynnla01,2017,90.42410174880763,2291.953562340967,3242,0.24151758173966686
lynnla01,2018,91.14768611670021,2315.721587088097,3045,0.23579638752052545
lynnla01,2019,91.87910791366907,2435.3862128641476,3701,0.2758713861118617
lynnla01,2020,91.5771855010661,2488.878291814947,1462,0.26744186046511625
lynnla01,2021,91.38169833268708,2387.6942180830424,2838,0.26039464411557434
lynnla01,2022,90.23412660637793,2447.895893027698,2132,0.2668855534709193
lynnla01,2023,89.46751377832211,2404.0055521283157,3355,0.26587183308494783
lyonsty01,2017,84.60166297117517,2229.2272727272725,927,0.3268608414239482
lyonsty01,2018,83.38197879858657,2250.0602836879434,355,0.3323943661971831
lyonsty01,2019,84.05903083700441,2240.1071428571427,295,0.3525423728813559
lyonsty01,2020,83.8103448275862,2007.4137931034484,63,0.4126984126984127
machaan02,2017,92.66736842105263,2069.674157303371,95,0.16842105263157894
machaan02,2021,92.03157894736843,2012.2280701754387,627,0.2583732057416268
machaan02,2022,92.7257722007722,1977.0907335907336,1047,0.2626552053486151
machaan02,2023,93.41823979591835,1989.9897172236504,814,0.2702702702702703
machije01,2017,89.04299065420561,1714.766355140187,205,0.1951219512195122
maddoau01,2017,91.74082278481013,2337.525316455696,396,0.23484848484848486
maderlu01,2021,84.89107142857144,2365.96875,224,0.23660714285714285
madribl01,2023,66.73636363636363,1693.7272727272727,11,0.0
madsory01,2017,91.34486373165619,2183.196222455404,1006,0.27335984095427435
madsory01,2018,91.66448893572182,2144.2339304531083,994,0.28470824949698187
maedake01,2017,86.4604246284501,2302.689491817399,2453,0.3037097431716266
maedake01,2018,86.89197046608214,2258.1419047619047,2332,0.29759862778730706
maedake01,2019,86.58489151873768,2202.253365973072,2608,0.3159509202453988
maedake01,2020,85.57363045496751,2158.3398510242087,1146,0.32460732984293195
maedake01,2021,85.08668958742632,2140.5644051130776,2036,0.27603143418467585
maedake01,2023,85.24536757301108,2123.0,2007,0.2730443447932237
magilma01,2018,91.12575315840621,2273.7768844221105,1067,0.2549203373945642
magilma01,2019,91.14644067796611,2429.437070938215,928,0.2963362068965517
magilma01,2020,86.86271186440679,2489.5141242937852,177,0.288135593220339
magnida01,2017,89.28999999999999,2439.1111111111113,73,0.2054794520547945
mahlety01,2017,89.69845360824742,2167.3941018766754,418,0.2679425837320574
mahlety01,2018,89.37773089545242,2128.867129400099,2247,0.2634623943035158
mahlety01,2019,89.2593721565059,2214.6320109439125,2349,0.2937420178799489
mahlety01,2020,90.74635473340587,2416.652883569097,968,0.29855371900826444
mahlety01,2021,90.54918648310387,2314.443049890179,3238,0.29246448424953675
mahlety01,2022,89.29638267491671,2235.5679542203147,2189,0.28597533120146185
mahlety01,2023,88.36189821182943,2274.9664804469276,728,0.28434065934065933
mailelu01,2019,71.59090909090911,2090.6,33,0.36363636363636365
mailelu01,2021,65.75,1007.3,20,0.2
mailelu01,2023,66.30375000000001,1791.2625,80,0.1625
makitka01,2018,77.2646420824295,1982.7152173913043,648,0.3148148148148148
maldoma01,2023,49.126666666666665,1157.1,30,0.06666666666666667
manaese01,2017,87.63753676470587,1796.1863585538576,2888,0.26696675900277006
manaese01,2018,86.34397102684277,1723.9306759098786,2454,0.25835370823145887
manaese01,2019,86.29224489795918,1894.1799591002045,490,0.29183673469387755
manaese01,2020,86.12337938363444,1692.3287234042552,1005,0.2835820895522388
manaese01,2021,88.78734899328859,1847.6824915824916,3116,0.28433889602053913
manaese01,2022,88.22265500794913,1871.834592445328,2620,0.27404580152671754
manaese01,2023,89.46471734892788,1958.4453781512605,2163,0.2713823393435044
manesse01,2017,85.34121212121212,1830.9333333333334,165,0.23636363636363636
mannbr01,2018,87.60758620689656,2314.6758620689657,153,0.2549019607843137
manoaal01,2021,89.4448382126348,2244.2122302158273,1947,0.2835130970724191
manoaal01,2022,89.51925581395348,2239.879577901924,3225,0.2688372093023256
manoaal01,2023,88.19849170437405,2211.387640449438,1989,0.24183006535947713
mantijo01,2019,84.47115384615387,2234.096153846154,52,0.25
mantijo01,2020,86.25328467153285,2275.75,143,0.25874125874125875
mantijo01,2021,86.59942938659059,2186.693083573487,708,0.3290960451977401
mantijo01,2022,85.62290322580645,2111.709327548807,948,0.3227848101265823
mantijo01,2023,85.292277486911,2147.077326343381,779,0.2682926829268293
mapledi01,2017,91.24678899082568,2635.229357798165,109,0.3486238532110092
mapledi01,2018,89.95704225352112,3019.605633802817,237,0.29957805907172996
mapledi01,2019,91.56582278481012,2991.990867579909,321,0.40186915887850466
mapledi01,2020,90.6609375,2904.21875,85,0.3411764705882353
mapledi01,2021,91.06548672566372,2776.753108348135,669,0.30792227204783257
margeni01,2019,83.30705996131528,2059.1075268817203,1105,0.26334841628959277
margeni01,2020,86.1157584683358,2007.0354505169867,737,0.28222523744911804
margeni01,2021,85.74787644787644,2127.4015748031497,357,0.26330532212885155
marinjh01,2017,92.45647773279352,2038.3702950152594,1081,0.23126734505087881
marinjh01,2018,91.42516556291392,2116.2119205298013,180,0.2222222222222222
marinro01,2022,88.07265258215962,2206.1083627797407,852,0.30164319248826293
marinro01,2023,88.29418719211823,2169.7958374628347,1024,0.2734375
mariomi01,2023,87.67317073170732,2280.3658536585367,41,0.2926829268292683
markepa01,2019,89.06978260869565,2536.186813186813,460,0.26304347826086955
markepa01,2022,87.9655737704918,2608.688524590164,61,0.22950819672131148
marksju01,2017,84.70384615384616,1914.3461538461538,99,0.30303030303030304
marqubr01,2020,92.83333333333333,2331.4242424242425,33,0.21212121212121213
marquge01,2017,90.45674037089871,2269.5837200999645,2906,0.2463867859600826
marquge01,2018,90.0303467321264,2304.40608668921,3335,0.2911544227886057
marquge01,2019,91.02508500188893,2348.118451025057,2761,0.2821441506700471
marquge01,2020,91.31110260336906,2322.9301611665387,1306,0.2679938744257274
marquge01,2021,90.53249832999332,2273.189886135298,3046,0.2623112278397899
marquge01,2022,91.49754456777666,2263.7558022199796,2999,0.24441480493497833
marquge01,2023,91.83594594594595,2252.5027173913045,449,0.26948775055679286
marshal01,2023,89.1016393442623,2348.7824143070043,1346,0.27934621099554235
marshev01,2017,90.96700507614213,2173.5589743589744,209,0.19138755980861244
marshev01,2018,89.84355828220859,2257.3803680981596,229,0.22270742358078602
marshev01,2019,89.49220779220778,2182.7843601895734,899,0.26028921023359286
marshev01,2020,87.56808988764045,2198.4774774774774,471,0.29936305732484075
marshev01,2021,88.41973392461196,2227.6474501108646,505,0.2851485148514851
martefr01,2017,91.20467380720547,2423.4071856287424,1079,0.2882298424467099
martejo01,2021,92.38690476190476,2351.6309523809523,84,0.2261904761904762
martejo01,2022,93.06769759450171,2389.632302405498,319,0.2727272727272727
martejo01,2023,92.94971098265897,2177.3294797687863,173,0.2138728323699422
marteyu01,2022,92.9661214953271,2453.6301531213194,865,0.25780346820809247
marteyu01,2023,93.07901085645356,2467.47215496368,839,0.2634088200238379
martiad01,2022,88.51211822660099,2144.8433497536944,1019,0.26104023552502453
martiad01,2023,89.3846235418876,2123.2195121951218,973,0.24152106885919836
martibr01,2019,89.00924690181127,2295.5786694825765,1124,0.27669039145907476
martibr01,2020,90.3965367965368,2210.5021645021643,275,0.2109090909090909
martibr01,2021,89.58125665601703,2189.7324093816633,953,0.2528856243441763
martibr01,2022,88.38573333333333,2214.548,796,0.2638190954773869
martica04,2017,91.39071405699649,2067.252507782774,3204,0.2852684144818976
martica04,2018,89.54602128737962,2120.0837723919917,2067,0.2660861151427189
martica04,2019,91.34953271028037,2064.426582278481,857,0.2742123687281214
martica04,2020,88.26938369781313,2083.2915811088296,581,0.27538726333907054
martica04,2021,88.64088050314466,2049.1514195583595,1609,0.24362958359229334
martich02,2018,91.38835616438357,2211.3674033149173,775,0.2593548387096774
martich02,2019,93.31209150326798,2207.284454244763,981,0.2996941896024465
martich02,2020,89.85248868778281,2177.2131519274376,466,0.30472103004291845
martich02,2021,91.4,2067.7986013986015,736,0.26358695652173914
martich02,2022,92.54669603524228,2126.7676211453745,928,0.2790948275862069
martich02,2023,93.05914127423823,2096.926592797784,790,0.2873417721518987
martico01,2017,82.39,1952.46,256,0.3046875
martico02,2019,91.77310344827588,2419.9126436781607,534,0.26779026217228463
martico02,2021,91.08891820580475,2325.4881266490765,417,0.21103117505995203
martico02,2022,90.78888888888889,2282.834879406308,558,0.24014336917562723
martida03,2022,88.47840690978887,2476.9740882917467,1044,0.2557471264367816
martiju01,2023,95.99252669039146,1964.932384341637,324,0.2808641975308642
martiky01,2017,88.06190476190476,2076.7380952380954,85,0.3176470588235294
martile01,2017,85.15294117647058,2111.823529411765,17,0.11764705882352941
martimi02,2017,79.675,1813.5833333333333,12,0.25
martini01,2017,88.79375000000002,2338.487723214286,2117,0.22626358053849788
martini01,2022,87.29117174959872,2238.988228999465,1963,0.28222109016811003
martini01,2023,86.748201027984,2298.017133066819,1863,0.3022007514761138
martini02,2019,68.15625,1490.125,16,0.25
martiru01,2019,85.12666666666667,2200.404761904762,45,0.2222222222222222
martise01,2021,87.03095238095239,2139.8690476190477,119,0.2857142857142857
martise01,2022,87.02338072669826,2219.6824644549765,641,0.28549141965678626
martise01,2023,86.90471938775511,2149.3644501278773,822,0.28345498783454987
marveja01,2019,86.41842900302115,1848.3575757575757,331,0.2175226586102719
mastrmi01,2023,74.07058823529412,1835.0588235294117,17,0.17647058823529413
mathije01,2018,80.995,1862.95,20,0.25
mathije01,2019,75.47407407407408,1749.4814814814815,27,0.1111111111111111
mathiwy01,2021,48.01,1181.6,10,0.1
matonni01,2021,83.125,2027.5,4,0.75
matonni01,2022,76.49600000000001,1917.04,25,0.24
matonph01,2017,89.78723702664797,2559.904628330996,871,0.2973593570608496
matonph01,2018,86.23289315726291,2634.357056694813,915,0.2863387978142076
matonph01,2019,86.67,2672.188019966722,679,0.29896907216494845
matonph01,2020,87.3403587443946,2651.8,488,0.319672131147541
matonph01,2021,85.66846381093058,2687.1381093057607,1444,0.3220221606648199
matonph01,2022,83.85893980233602,2664.3115349682107,1129,0.2949512843224092
matonph01,2023,80.80255057167986,2819.6070796460176,1163,0.29664660361135
mattsis01,2021,90.02290076335878,2158.664122137405,155,0.2129032258064516
matzety01,2020,90.67906250000001,2603.178125,680,0.3352941176470588
matzety01,2021,92.65748865355523,2562.71461014383,1392,0.2614942528735632
matzety01,2022,91.51374474053296,2528.3786816269285,732,0.2336065573770492
matzst01,2017,88.05132591958939,2168.0925449871465,1253,0.26256983240223464
matzst01,2018,89.14420505200594,2146.0776374442794,2850,0.2887719298245614
matzst01,2019,88.76669133974833,2188.5346168085894,2828,0.2733380480905233
matzst01,2020,89.14944707740916,2267.9399684044233,664,0.28012048192771083
matzst01,2021,88.9539985590778,2218.4152847873106,2776,0.27737752161383283
matzst01,2022,88.43899692937563,2289.2907949790797,988,0.3006072874493927
matzst01,2023,88.90456470588236,2255.53935296958,2125,0.28141176470588236
maurebr01,2017,91.66321951219513,2364.5704433497535,1107,0.2755194218608853
maurebr01,2018,89.98958630527817,2405.132075471698,748,0.2807486631016043
maydu01,2019,93.01453488372093,2587.806404657933,734,0.2683923705722071
maydu01,2020,94.84168241965973,2546.569128787879,1058,0.2580340264650284
maydu01,2021,94.4304347826087,2551.005940594059,595,0.33613445378151263
maydu01,2022,93.4938818565401,2538.2637130801686,474,0.2805907172995781
maydu01,2023,93.91850340136055,2500.582990397805,882,0.24489795918367346
mayermi01,2017,89.9910891089109,2156.8041237113403,170,0.24705882352941178
mayermi01,2018,92.40408388520972,2285.4982290436838,980,0.28061224489795916
mayermi01,2019,89.73224852071004,2320.19375,440,0.2818181818181818
mayermi01,2020,89.16568265682658,2233.027777777778,598,0.3377926421404682
mayermi01,2021,90.43259668508287,2274.5178713264495,1313,0.30236100533130233
mayermi01,2022,89.00229007633588,2189.566703417861,957,0.2445141065830721
mayermi01,2023,87.73724696356275,2152.68154158215,584,0.2465753424657534
mayfija01,2021,59.900000000000006,1487.3333333333333,3,0.3333333333333333
mayfija01,2022,60.684615384615384,713.0,13,0.3076923076923077
maytr01,2018,89.31205357142858,2302.671171171171,448,0.3125
maytr01,2019,90.99702886247877,2363.311910882605,1244,0.29180064308681675
maytr01,2020,91.4164351851852,2361.175925925926,471,0.32908704883227174
maytr01,2021,91.92640901771337,2308.314814814815,1242,0.28743961352657005
maytr01,2022,91.1338613861386,2171.140594059406,523,0.3231357552581262
maytr01,2023,89.26279069767443,2203.7303921568628,864,0.30092592592592593
mayzati01,2017,90.0181008902077,2171.226586102719,402,0.31592039800995025
mayzati01,2018,90.46600985221676,2088.3136288998357,678,0.2728613569321534
mayzati01,2019,91.84961997828448,2153.457608695652,974,0.26283367556468173
mayzati01,2021,92.33297413793103,2091.6475675675674,928,0.28987068965517243
mayzati01,2022,92.60802395209582,2063.157490396927,845,0.28402366863905326
mayzati01,2023,91.54879385964912,2104.2348993288592,912,0.2850877192982456
mazzach01,2019,88.73802816901409,1992.4501845018451,285,0.22807017543859648
mazzach01,2020,88.01970260223048,2130.4553903345727,592,0.25506756756756754
mazzach01,2021,85.96303418803419,2143.196581196581,483,0.28778467908902694
mazzach01,2022,83.4125925925926,2094.488888888889,173,0.24277456647398843
mazzoco01,2017,90.04574468085106,2262.52,188,0.22340425531914893
mazzoco01,2018,89.83821138211383,2305.1327433628317,202,0.26732673267326734
mcallza01,2017,92.49919759277834,2214.594845360825,1077,0.28876508820798513
mcallza01,2023,89.091875,2188.64375,188,0.24468085106382978
mcartja01,2023,87.98708133971292,2479.5096153846152,418,0.3014354066985646
mccanja02,2023,46.057142857142864,994.5714285714286,14,0.2857142857142857
mccarbr01,2017,89.71287192755499,2329.5855562784645,1653,0.2734422262552934
mccarbr01,2018,88.67730109204368,2274.3993685872138,1359,0.2619573215599706
mccarke01,2017,90.6751048951049,2147.2223776223777,770,0.23636363636363636
mccarke01,2018,89.29751984126983,1999.1575274177467,1078,0.25788497217068646
mccarke01,2019,88.62414928649834,1984.3175824175823,964,0.254149377593361
mccarke01,2020,86.63262411347517,1743.822695035461,190,0.21578947368421053
mccarki01,2022,88.42108013937282,2345.066317626527,608,0.27960526315789475
mccauda01,2021,83.94013605442176,1954.5238095238096,157,0.2484076433121019
mccauda01,2023,83.90229007633589,2264.2748091603053,160,0.3875
mcclare01,2019,91.69350282485875,2183.744318181818,354,0.21468926553672316
mcclare01,2020,91.36842105263158,2145.2982456140353,160,0.225
mcclash01,2020,92.9855855855856,2306.738738738739,181,0.32044198895027626
mcclash01,2021,91.08749999999999,2328.734109655507,2088,0.3045977011494253
mcclash01,2022,89.8486656200942,2216.288408644401,2598,0.325635103926097
mcclash01,2023,90.78266735858848,2133.554054054054,1941,0.30963420917053064
mccread01,2018,85.51333333333332,2590.266666666667,48,0.3333333333333333
mcculla02,2017,89.41447093266416,2525.303436714166,2510,0.28844621513944224
mcculla02,2018,89.1477080551847,2457.1081805990166,2385,0.2993710691823899
mcculla02,2020,88.54595041322314,2300.5599669148055,1246,0.31781701444622795
mcculla02,2021,88.250826306914,2441.1557432432433,3022,0.31204500330906687
mcculla02,2022,86.976,2498.140762463343,1025,0.28780487804878047
mcfartj01,2017,89.05195968645016,2044.070438799076,917,0.2148309705561614
mcfartj01,2018,87.98053467000837,2008.7961409395973,1212,0.23597359735973597
mcfartj01,2019,86.84758771929825,1933.044642857143,914,0.21334792122538293
mcfartj01,2020,85.00708446866486,1975.4207650273224,408,0.23774509803921567
mcfartj01,2021,86.38207381370825,1913.195079086116,610,0.20655737704918034
mcfartj01,2022,85.82251521298174,1918.7551867219918,518,0.21621621621621623
mcfartj01,2023,84.14450549450551,1995.901098901099,197,0.2639593908629442
mcgeeea01,2022,85.71739130434783,2258.5,46,0.21739130434782608
mcgeeea01,2023,86.20114942528735,2171.712643678161,121,0.2727272727272727
mcgeeja01,2017,93.81623843782117,2240.8489583333335,1003,0.24626121635094717
mcgeeja01,2018,91.69129464285713,2220.740782122905,935,0.24705882352941178
mcgeeja01,2019,91.08383311603652,2187.76871657754,783,0.24393358876117496
mcgeeja01,2020,93.60861678004535,2257.7949886104784,458,0.29694323144104806
mcgeeja01,2021,93.50979325353646,2122.593164277839,945,0.2613756613756614
mcgeeja01,2022,92.78012718600955,2037.8471337579617,647,0.22256568778979907
mcgousc01,2023,89.71799100449775,1910.3986435568952,1351,0.29681717246484085
mcgowdu01,2017,90.99497872340426,2193.5051067780873,1219,0.2206726825266612
mcgowke01,2017,87.12424242424241,2097.6,214,0.2803738317757009
mcgowky01,2018,86.80538461538463,2505.223076923077,130,0.24615384615384617
mcgowky01,2019,87.34060402684564,2561.9087719298245,361,0.2770083102493075
mcgowky01,2020,84.56383928571428,2693.0491071428573,232,0.33189655172413796
mcgowky01,2021,84.18244406196213,2611.0895008605853,624,0.28525641025641024
mcgraky01,2017,81.959793814433,1991.0687285223369,380,0.2868421052631579
mcgraky01,2018,81.55606060606058,2032.1515151515152,97,0.30927835051546393
mcguide02,2017,88.97942583732056,2310.79,210,0.2714285714285714
mcguide02,2018,88.59818181818181,2432.6914119359535,788,0.282994923857868
mcguire01,2022,61.98571428571428,1503.5714285714287,7,0.14285714285714285
mchugco01,2017,84.69449618966976,2426.3201035375323,1199,0.27773144286905754
mchugco01,2018,85.764,2539.4086886564764,1342,0.3360655737704918
mchugco01,2019,83.8822256568779,2581.078660436137,1343,0.2926284437825763
mchugco01,2021,83.27037383177569,2634.661365762395,1100,0.32181818181818184
mchugco01,2022,84.2825021872266,2649.410683012259,1159,0.27782571182053495
mchugco01,2023,84.3,2611.08679245283,1076,0.2732342007434944
mckaybr01,2019,89.72973273942094,2152.844097995546,914,0.2855579868708972
mckayda02,2019,88.10650887573965,2631.7475345167654,553,0.27848101265822783
mckayda02,2020,84.73421052631578,2255.7105263157896,80,0.2375
mckayda02,2022,87.34592592592593,2263.3185185185184,165,0.24848484848484848
mckenry01,2022,72.38709677419355,1796.967741935484,31,0.16129032258064516
mckenry01,2023,36.06666666666666,950.8888888888889,18,0.2777777777777778
mckentr01,2020,88.85653650254669,2222.8811544991513,589,0.28183361629881154
mckentr01,2021,88.61893670886077,2210.077974683544,2148,0.260707635009311
mckentr01,2022,88.51683998658169,2263.311491935484,3037,0.2663812973328943
mckentr01,2023,88.66633333333334,2234.5733333333333,445,0.25617977528089886
mckinza01,2023,79.99999999999999,1964.0454545454545,22,0.2727272727272727
mcmiljo01,2023,91.85636363636362,2276.2363636363634,55,0.43636363636363634
mcraeal01,2018,89.81940298507462,2137.6194029850744,190,0.2578947368421053
mcraeal01,2019,89.29205776173286,2181.978260869565,634,0.22397476340694006
mcraeal01,2020,88.73333333333333,2175.939393939394,80,0.3
mcraeal01,2021,89.75306122448978,2028.2448979591836,101,0.25742574257425743
meansjo01,2018,85.7560606060606,2196.4545454545455,66,0.22727272727272727
meansjo01,2019,86.54190298507463,2347.337565347274,2793,0.24633011099176513
meansjo01,2020,89.00536912751677,2435.461641991925,772,0.27979274611398963
meansjo01,2021,87.25069161920261,2336.786063569682,2549,0.2655943507257748
meansjo01,2022,85.85440000000001,2312.884,272,0.23897058823529413
meansjo01,2023,85.77109144542773,2282.510324483776,339,0.2448377581120944
mearsni01,2020,90.19122807017543,2423.9824561403507,158,0.25949367088607594
mearsni01,2021,89.74769874476986,2236.0774058577404,530,0.2641509433962264
mearsni01,2022,90.10967741935484,2297.032258064516,31,0.1935483870967742
mearsni01,2023,90.67838427947598,2282.5295404814005,491,0.2729124236252546
medervi01,2023,92.48636363636365,2322.753846153846,112,0.29464285714285715
medinad01,2020,87.57619047619048,2123.7261904761904,95,0.2631578947368421
medinad01,2021,88.2032258064516,2180.883870967742,155,0.2709677419354839
medinad01,2022,89.32834821428571,2271.2053571428573,448,0.24553571428571427
medinlu02,2023,90.80116396761133,2244.765812859383,2005,0.2483790523690773
medlekr01,2018,87.41245283018868,2322.1666666666665,313,0.2523961661341853
megiltr01,2021,92.39108280254777,2512.3014861995753,532,0.2819548872180451
megiltr01,2022,92.14393939393939,2585.564393939394,820,0.2524390243902439
megiltr01,2023,94.70449591280655,2607.975476839237,748,0.3302139037433155
megilty01,2021,90.60421725239617,2012.2837060702875,1565,0.265814696485623
megilty01,2022,91.79774614472123,2092.9880668257756,875,0.26171428571428573
megilty01,2023,90.04655724579663,2089.4270833333335,2520,0.24246031746031746
meisiry01,2018,86.3676712328767,2249.5470085470088,384,0.2526041666666667
meisiry01,2020,88.36612903225806,2215.6290322580644,62,0.1935483870967742
meisiry01,2021,88.37315436241612,2173.2348993288592,152,0.25
mejiaad01,2017,88.57759312320918,2366.26512455516,1856,0.26023706896551724
mejiaad01,2018,88.82016806722687,2395.0677966101694,417,0.21342925659472423
mejiaad01,2019,88.42368839427662,2446.2061688311687,697,0.2539454806312769
mejiafr01,2021,63.703571428571436,1697.642857142857,28,0.21428571428571427
mejiahu01,2020,87.64975609756097,2223.2487804878047,220,0.2636363636363636
mejiahu01,2021,88.55178147268407,2157.5890736342044,421,0.22802850356294538
mejiaje02,2021,88.9378818737271,2204.607942973523,989,0.2527805864509606
mejiaje02,2022,91.42542372881357,2323.7413793103447,100,0.3
mejiaje02,2023,91.22476635514018,2288.532710280374,247,0.2874493927125506
melanma01,2017,88.71826923076924,2590.1445086705203,582,0.25773195876288657
melanma01,2018,88.52760736196319,2501.0691244239633,689,0.25834542815674894
melanma01,2019,88.56410698878344,2443.5492227979275,1207,0.27009113504556753
melanma01,2020,87.8152380952381,2424.7738095238096,452,0.2721238938053097
melanma01,2021,88.58575418994414,2373.0288909599253,1129,0.2533215234720992
melanma01,2022,87.70698869475848,2338.986584107327,973,0.23227132579650564
mellake01,2017,92.39090909090909,2109.3076923076924,89,0.2696629213483146
mellake01,2018,90.4188118811881,2065.688442211055,213,0.2347417840375587
mellake01,2019,90.3442857142857,2031.9402985074628,125,0.224
mellake01,2020,91.03705882352942,2278.247058823529,204,0.31862745098039214
mellake01,2021,89.91195652173913,2138.9891304347825,99,0.25252525252525254
melviti01,2017,90.76268656716417,2212.208955223881,134,0.13432835820895522
melviti01,2019,84.68170515097691,2192.7201426024953,564,0.25354609929078015
mendeyo01,2017,88.89947643979059,2049.862433862434,229,0.21397379912663755
mendeyo01,2018,88.04288617886179,1990.5426829268292,572,0.24825174825174826
mendeyo01,2019,88.94800000000001,2043.59,193,0.3005181347150259
mendida01,2021,56.95333333333334,1656.3333333333333,15,0.4
mendida01,2023,60.284210526315796,1524.5263157894738,38,0.05263157894736842
menezco01,2019,88.0,2224.8227848101264,349,0.2836676217765043
menezco01,2020,87.83297297297298,2263.043956043956,205,0.22439024390243903
menezco01,2021,85.3461267605634,2156.9078014184397,319,0.2507836990595611
menezco01,2022,84.67916666666667,2271.125,24,0.20833333333333334
mengdda01,2017,86.48397534668722,2093.9840510366826,650,0.25846153846153846
mengdda01,2018,86.79748358862143,2145.8823529411766,1983,0.24710035300050429
mengdda01,2019,86.71545801526716,2194.619662363456,1133,0.23918799646954986
mengdda01,2020,85.88528138528139,2243.6406926406926,231,0.2813852813852814
mengdda01,2022,85.5016806722689,2099.6806722689075,132,0.3333333333333333
merceye01,2021,76.74374999999999,1947.875,32,0.21875
merriry01,2017,82.64576802507837,1741.427672955975,381,0.2755905511811024
merriwh01,2022,60.15384615384615,1613.6153846153845,13,0.38461538461538464
merryju01,2020,90.59442060085838,2163.5064935064934,263,0.2661596958174905
merryju01,2021,91.37975708502026,2156.5627530364372,247,0.291497975708502
merryju01,2022,91.46117647058823,2190.2573673870334,510,0.2725490196078431
merryju01,2023,91.0755700325733,2267.9200329760924,1293,0.31322505800464034
meyeral01,2017,91.36446568201563,2391.8444055944055,1301,0.28747117601844735
meyerbe02,2018,87.17669376693766,2164.533875338753,382,0.2094240837696335
meyerma01,2022,91.4090909090909,2427.7977528089887,132,0.29545454545454547
middlke01,2017,93.7344262295082,2423.2262396694214,1070,0.2803738317757009
middlke01,2018,92.70888888888888,2393.701949860724,429,0.27972027972027974
middlke01,2019,89.56223776223776,2292.492957746479,143,0.17482517482517482
middlke01,2020,93.25285714285714,2351.598086124402,257,0.2840466926070039
middlke01,2021,91.34936247723134,2307.8697247706423,627,0.2807017543859649
middlke01,2022,90.0171717171717,2254.5661016949152,297,0.31986531986531985
middlke01,2023,89.18317757009346,2172.885380116959,925,0.3091891891891892
mikolmi01,2018,88.8294274300932,2339.8938023450587,3157,0.2610072853975293
mikolmi01,2019,88.53891675025076,2328.8077702702703,3144,0.2566793893129771
mikolmi01,2021,88.2511988716502,2307.726375176305,709,0.2623413258110014
mikolmi01,2022,87.80832331730768,2326.8460843373496,3351,0.25634139062966277
mikolmi01,2023,87.5153846153846,2280.523076923077,3292,0.24939246658566222
mileywa01,2017,87.38244349819848,2206.5926666666664,3145,0.2394276629570747
mileywa01,2018,85.01635220125786,2215.5701643489256,1723,0.2623331398723157
mileywa01,2019,85.62252221462748,2176.443267259057,3160,0.2528481012658228
mileywa01,2020,84.31929824561404,2216.3180212014136,336,0.2648809523809524
mileywa01,2021,84.46428839654524,2145.8961480362536,2699,0.2545387180437199
mileywa01,2022,83.84830659536541,2142.27304964539,566,0.2826855123674912
mileywa01,2023,86.4166043780032,2118.741452991453,1948,0.2561601642710472
millean01,2017,88.21521539871678,2382.7304507819686,1146,0.35951134380453753
millean01,2018,87.32546063651591,2329.239460370995,684,0.3611111111111111
millean01,2019,86.19049466537344,2408.2078048780486,1104,0.322463768115942
millean01,2020,84.0800925925926,2408.189814814815,229,0.3231441048034934
millean01,2021,81.81643258426966,2291.5232722143865,712,0.32162921348314605
millebr02,2023,76.97435897435899,1856.2564102564102,39,0.1794871794871795
millebr04,2023,91.60711217183771,2480.622966507177,2191,0.2633500684618896
milleju02,2018,91.71581920903955,2461.9291925465836,885,0.2519774011299435
milleju02,2019,90.89454545454545,2434.576779026217,322,0.2732919254658385
milleju02,2021,90.11694915254238,2351.264406779661,295,0.2305084745762712
millema03,2023,94.28505747126437,2335.7710049423395,629,0.2591414944356121
millesh01,2017,90.97713864306785,2344.760542168675,684,0.2777777777777778
millesh01,2018,90.4341463414634,2297.9938271604938,328,0.22865853658536586
millesh01,2019,90.27645011600929,2311.6983758700694,942,0.24522292993630573
millesh01,2021,90.61003236245955,2337.21359223301,396,0.29292929292929293
millesh01,2022,87.93525179856115,2426.3956834532373,139,0.3669064748201439
millesh01,2023,89.66426553672316,2144.4950354609928,758,0.3034300791556728
millety01,2020,89.89342105263158,2288.6710526315787,104,0.21153846153846154
millety01,2022,87.36622807017542,2205.2863636363636,228,0.2412280701754386
millety01,2023,88.11026785714286,2318.0896860986545,294,0.29591836734693877
millsal02,2018,85.5777397260274,2181.886206896552,380,0.2789473684210526
millsal02,2019,83.37717770034843,2210.8275261324043,603,0.2885572139303483
millsal02,2020,83.71978835978835,2180.531914893617,1013,0.2744323790720632
millsal02,2021,83.34571280991734,2152.7589239524054,2020,0.24752475247524752
millsal02,2022,83.18377483443709,2154.3543046357618,338,0.2514792899408284
millsal02,2023,82.12750000000001,2290.0,40,0.225
millswy01,2021,89.65608695652173,2093.2576419213974,253,0.26877470355731226
millswy01,2022,87.52246520874752,2102.244532803181,541,0.27726432532347506
milneho01,2017,85.15369003690037,1944.1568265682656,634,0.27129337539432175
milneho01,2018,85.68933333333334,1975.8791946308725,221,0.2986425339366516
milneho01,2019,83.91571428571427,1957.2428571428572,151,0.41721854304635764
milneho01,2020,83.32814814814816,1901.6877323420074,305,0.3016393442622951
milneho01,2021,85.14525547445255,1914.081081081081,455,0.32967032967032966
milneho01,2022,84.26339691189827,1913.4258416742493,1136,0.31778169014084506
milneho01,2023,84.31579943235573,1882.8757281553399,1106,0.30198915009041594
milonto01,2017,84.11212446351931,2165.638619201726,1002,0.25349301397205587
milonto01,2018,83.26674641148325,2048.5048543689322,503,0.2922465208747515
milonto01,2019,82.41692216981133,2057.1774480712165,1793,0.2810931399888455
milonto01,2020,82.09469153515064,2006.6787264833574,711,0.28973277074542897
milonto01,2021,79.07545691906004,1965.3989501312335,383,0.2558746736292428
milonto01,2022,81.84411764705882,2042.9411764705883,238,0.23109243697478993
milonto01,2023,81.44846625766871,2033.196319018405,177,0.23728813559322035
minayju01,2017,90.65434243176178,2296.8974025974026,877,0.25655644241733183
minayju01,2018,92.32992299229922,2202.761744966443,959,0.2575599582898853
minayju01,2019,90.71004184100418,2142.407079646018,549,0.2495446265938069
minayju01,2021,91.93459302325581,1944.4032023289665,716,0.23044692737430167
minayju01,2022,90.52795698924731,1957.4354838709678,202,0.27722772277227725
minormi01,2017,90.60416319733555,2579.4171523730224,1364,0.27419354838709675
minormi01,2018,88.94158493526872,2472.3628874068263,2630,0.2532319391634981
minormi01,2019,88.4038129282097,2563.01021021021,3487,0.2804703183252079
minormi01,2020,87.78690591658582,2556.177669902913,1073,0.29636533084808947
minormi01,2021,87.04752949852507,2516.514053254438,2813,0.26661926768574473
minormi01,2022,86.52485714285714,2455.9713795077273,1750,0.25485714285714284
minteaj01,2017,93.1080971659919,2457.1061224489795,248,0.3185483870967742
minteaj01,2018,93.8468720821662,2443.784442361762,1146,0.3036649214659686
minteaj01,2019,92.36445578231293,2273.0391822827937,589,0.27164685908319186
minteaj01,2020,90.73645418326693,2247.25748502994,512,0.28515625
minteaj01,2021,91.72965708989805,2368.800185873606,1122,0.3146167557932264
minteaj01,2022,93.0186308492201,2343.1733102253033,1175,0.3097872340425532
minteaj01,2023,92.11690518783543,2368.0906642728905,1147,0.29293809938971227
miranar01,2017,87.766875,2083.1597196606417,2885,0.2467937608318891
miranar01,2018,86.65,2206.0108695652175,217,0.31336405529953915
misiean01,2020,89.10914634146341,2513.112804878049,372,0.27419354838709675
misiean01,2021,88.17676211453744,2496.649393605292,951,0.26919032597266035
misiean01,2022,86.89290322580645,2483.2397408207344,507,0.26627218934911245
misiean01,2023,86.44285714285715,2447.6534954407293,337,0.27002967359050445
mitchbr01,2017,91.012734082397,2436.949438202247,706,0.26912181303116145
mitchbr01,2018,90.46319385140905,2347.663535439795,1336,0.20733532934131738
mitchbr01,2021,89.65851528384277,2413.366812227074,229,0.2794759825327511
mizeca01,2020,89.93941068139964,2063.5,578,0.2422145328719723
mizeca01,2021,89.85622697126013,2033.7715867158672,2714,0.2700810611643331
mizeca01,2022,89.5352583586626,1887.6686930091184,329,0.24620060790273557
mlodzca01,2023,91.71913407821228,2262.791023842917,743,0.2503364737550471
molinya01,2022,59.75,1583.4,40,0.175
mollsa01,2017,87.53913043478262,2420.909090909091,207,0.25120772946859904
mollsa01,2021,89.36842105263158,2664.452631578947,204,0.29901960784313725
mollsa01,2022,86.92198100407056,2888.2874659400545,777,0.30373230373230375
mollsa01,2023,89.0095009596929,2661.069471624266,1117,0.288272157564906
montebr01,2022,94.49761904761904,2241.1428571428573,84,0.2857142857142857
montemi01,2017,79.28399999999999,1820.28,25,0.2
montera01,2017,90.1206227436823,2252.0262787423744,2377,0.27345393352965924
montera01,2019,91.9681917211329,2193.4977064220184,459,0.29411764705882354
montera01,2020,93.41418685121107,2226.9861591695503,330,0.3
montera01,2021,92.49048165137614,2202.9803468208092,931,0.2577873254564984
montera01,2022,94.28742088607594,2272.3692551505546,1273,0.2882953652788688
montera01,2023,93.86968796433878,2262.5074404761904,1385,0.2700361010830325
montgjo01,2017,86.59861386138614,2215.4785884218873,2649,0.2714231785579464
montgjo01,2018,85.38785871964679,2150.3399558498895,612,0.25326797385620914
montgjo01,2019,86.69390243902438,2150.5975609756097,82,0.2682926829268293
montgjo01,2020,87.33294930875576,2143.8685121107264,952,0.3025210084033613
montgjo01,2021,86.42277819268111,2121.5095255883452,2698,0.26612305411415865
montgjo01,2022,87.58476890756302,2128.7104801962846,2856,0.27380952380952384
montgjo01,2023,88.04808988764046,2140.9686794582394,3591,0.2575884154831523
montgmi01,2017,87.16059225512528,1962.1061987237922,2326,0.2549441100601892
montgmi01,2018,86.38554526748972,1970.7345679012346,2055,0.2608272506082725
montgmi01,2019,86.59315494710641,1990.1334996880848,1648,0.24575242718446602
montgmi01,2020,85.36788990825688,1936.1605504587155,244,0.21311475409836064
moorean02,2017,85.66507772020724,2106.139293139293,1037,0.25458052073288334
moorean02,2019,85.62307692307692,2086.269230769231,109,0.3302752293577982
mooredy01,2019,70.50285714285715,1578.5428571428572,35,0.11428571428571428
moorema02,2017,88.1923398328691,2184.025426680599,3074,0.24690956408588158
moorema02,2018,88.67002739726027,2225.540273972603,1926,0.2497403946002077
moorema02,2019,88.92352941176469,2203.1497326203207,331,0.2537764350453172
moorema02,2021,88.48632075471698,2197.6549865229113,1484,0.25673854447439354
moorema02,2022,88.45849358974358,2342.1923076923076,1299,0.28329484218629714
moorema02,2023,88.92389277389279,2232.0810810810813,932,0.26609442060085836
mooremc01,2023,92.24111111111112,2382.15,200,0.305
moralfr02,2022,90.20982142857143,2168.1392405063293,112,0.30357142857142855
moralke01,2018,82.91250000000001,2288.4375,16,0.125
moralke01,2019,82.31904761904762,2169.5714285714284,21,0.09523809523809523
moralos01,2018,84.21909090909091,2144.2844036697247,175,0.29714285714285715
moranbr01,2019,78.96428571428571,2350.776785714286,160,0.30625
moranbr01,2020,77.21636363636362,2308.6666666666665,152,0.34868421052631576
moranbr01,2022,77.05,2070.5,69,0.37681159420289856
moranjo01,2021,87.51358024691359,1978.7962962962963,162,0.24691358024691357
moranjo01,2022,88.09227642276423,2044.7777777777778,751,0.3129161118508655
moranjo01,2023,87.63803680981596,2029.2862407862408,820,0.3280487804878049
morejad01,2019,90.24805194805195,2287.2302631578946,154,0.2532467532467532
morejad01,2020,90.37142857142857,2194.9258373205744,467,0.2955032119914347
morejad01,2021,91.045,2166.2,210,0.3238095238095238
morejad01,2022,92.91910499139415,2457.146299483649,581,0.22719449225473323
morejad01,2023,90.56335403726709,2446.2,209,0.2679425837320574
morelmi01,2017,85.83571428571427,2253.214285714286,14,0.2857142857142857
morelmi01,2021,83.87058823529412,2074.176470588235,17,0.23529411764705882
morendi01,2017,90.86320754716981,2281.235849056604,198,0.30303030303030304
moretda01,2021,92.38245614035087,2137.6315789473683,85,0.3176470588235294
moretda01,2022,91.80114192495923,2109.0841584158416,652,0.29141104294478526
moretda01,2023,87.61695692025665,2047.6486238532111,1102,0.32123411978221417
morgaad01,2017,86.02708102108767,2367.4928741092635,1024,0.32421875
morgaad01,2018,85.63674911660777,2536.4544349939247,918,0.2995642701525055
morgaad01,2019,84.31360691144708,2478.1577726218097,531,0.3258003766478343
morgaad01,2020,85.01141552511416,2446.433789954338,247,0.3562753036437247
morgaad01,2021,85.84208144796379,2568.718820861678,442,0.3235294117647059
morgael01,2021,85.0430693069307,2202.2022630834513,1421,0.26882477128782545
morgael01,2022,86.50774976657328,2230.7776726584675,1101,0.2924613987284287
morgael01,2023,86.12863105175293,2183.7961570593147,1268,0.28154574132492116
morimsh01,2021,85.94285714285715,2290.0476190476193,294,0.24829931972789115
morinmi01,2017,81.94447592067988,1814.9235474006116,436,0.2981651376146789
morinmi01,2018,83.81384615384614,1827.3692307692309,119,0.2773109243697479
morinmi01,2019,82.92831241283123,1829.336661911555,797,0.2710163111668758
morinmi01,2020,85.39166666666667,1903.3333333333333,89,0.2808988764044944
moronre01,2017,89.80425531914895,2456.455223880597,155,0.36774193548387096
moronre01,2018,89.72267759562841,2508.162361623616,1160,0.31896551724137934
moronre01,2019,91.85606060606061,2422.5029527559054,1096,0.2965328467153285
moronre01,2021,86.70416666666667,2281.6382978723404,92,0.25
moronre01,2022,89.76933534743203,2365.4054462934946,681,0.28487518355359764
moronre01,2023,88.66250000000001,2317.4375,106,0.2641509433962264
morriak01,2017,86.88046874999999,1904.8515625,180,0.3388888888888889
morriak01,2018,85.9403162055336,1907.595238095238,279,0.20430107526881722
morribr01,2017,90.54718749999999,2129.14375,329,0.2188449848024316
morrico01,2022,89.35539906103287,2254.4009433962265,426,0.2511737089201878
morrico01,2023,89.28606060606062,2302.7636363636366,165,0.24242424242424243
morrobr01,2017,94.73724550898203,2358.7653997378766,937,0.28175026680896476
morrobr01,2018,95.47336065573771,2403.1120331950206,517,0.27079303675048355
mortoch02,2017,89.69668630338734,2377.825414364641,2843,0.2975729862820964
mortoch02,2018,89.94101924447612,2415.75124910778,2917,0.30202262598560164
mortoch02,2019,87.30718796992483,2483.32294188862,3402,0.30893592004703113
mortoch02,2020,87.84124124124124,2494.0220440881762,1017,0.2723697148475909
mortoch02,2021,88.83636086558975,2568.6532479414454,3355,0.303725782414307
mortoch02,2022,88.43112695179906,2618.4719292276286,2974,0.30094149293880296
mortoch02,2023,88.0201923076923,2629.9219931271477,2978,0.3012088650100739
motteja01,2017,90.0042234332425,2195.086301369863,777,0.23423423423423423
motteta01,2018,73.42173913043477,1702.1739130434783,23,0.08695652173913043
moyaga01,2017,85.93174603174604,1801.176,126,0.2619047619047619
moyaga01,2018,84.70410094637224,1813.3306962025317,728,0.25686813186813184
moylape01,2017,84.8464592274678,2235.208198489752,1056,0.28882575757575757
moylape01,2018,84.63426966292134,2162.7315689981097,579,0.29533678756476683
muckeza01,2023,88.30431654676258,1915.6546762589928,165,0.28484848484848485
mujiced01,2017,88.09529411764706,1919.892857142857,134,0.2462686567164179
mujicjo01,2020,89.17460317460316,1894.579365079365,126,0.2222222222222222
mulleky01,2021,88.21905465288036,2297.871301775148,691,0.2821997105643994
mulleky01,2022,89.25278969957083,2240.223175965665,288,0.2881944444444444
mulleky01,2023,89.59013071895427,2255.2041884816754,1635,0.23058103975535169
munozan01,2019,95.5435096153846,2295.95,416,0.30288461538461536
munozan01,2021,94.52352941176471,2273.0,17,0.35294117647058826
munozan01,2022,92.87857142857143,2251.5747538048345,1139,0.35733099209833186
munozan01,2023,93.78397129186602,2233.805589307412,871,0.3593570608495982
murfepe01,2022,84.28809073724007,2446.528409090909,1072,0.29850746268656714
murfepe01,2023,82.34957627118644,2432.8991228070176,283,0.31448763250883394
murphch01,2023,87.42128966223133,2260.5134297520663,982,0.22912423625254583
murphjr01,2019,61.5264705882353,1556.6470588235295,70,0.18571428571428572
murphjr01,2020,72.45,1823.375,8,0.0
murphpa02,2020,91.5,2177.153846153846,130,0.2923076923076923
murphpa02,2021,92.02283950617284,2145.9876543209875,486,0.2448559670781893
murphpa02,2022,91.39303797468355,2195.0759493670885,182,0.23076923076923078
murphto04,2019,86.93571428571428,2186.487804878049,42,0.23809523809523808
musgrha01,2018,87.48508557457211,2326.8117359413204,873,0.2646048109965636
musgrha01,2019,86.45521885521885,2391.3087719298246,354,0.2655367231638418
musgrjo01,2017,88.31782905086523,2370.6696664902065,2050,0.2892682926829268
musgrjo01,2018,89.460110633067,2304.990117356393,1716,0.27564102564102566
musgrjo01,2019,88.33692539562924,2397.1984877126656,2714,0.2726602800294768
musgrjo01,2020,86.94775280898877,2496.6554149085796,794,0.3198992443324937
musgrjo01,2021,87.27001361470388,2674.362551159618,3075,0.3050406504065041
musgrjo01,2022,87.37478372316563,2597.254085229093,3204,0.299625468164794
musgrjo01,2023,87.40767741935484,2600.697869593286,1550,0.2767741935483871
mushipa01,2022,85.07831325301204,2483.5281690140846,180,0.3111111111111111
mushipa01,2023,86.43294117647059,2579.894117647059,255,0.2549019607843137
myerswi01,2022,59.906976744186046,1703.8837209302326,43,0.20930232558139536
naileja01,2022,88.44810126582279,1965.8013245033112,158,0.25949367088607594
naileja01,2023,88.30941176470589,2024.5441176470588,347,0.21902017291066284
nanceto01,2021,91.7332618025751,2473.459227467811,488,0.3135245901639344
nanceto01,2022,89.30918774966713,2608.6275033377838,751,0.2822902796271638
nardian01,2022,90.78101604278075,2282.6791443850266,374,0.27540106951871657
nardian01,2023,89.8929590865842,2315.937142857143,1079,0.2891566265060241
naughpa01,2021,86.72010443864231,1871.5196850393702,383,0.23759791122715404
naughpa01,2022,88.12366548042705,1959.3113879003558,562,0.27402135231316727
naughpa01,2023,89.87320261437908,1921.7748344370862,202,0.24257425742574257
navared01,2023,89.026,2325.8533333333335,229,0.27510917030567683
nealza01,2017,87.6491935483871,2129.0080645161293,274,0.25547445255474455
nealza01,2018,87.87333333333332,2131.5333333333333,45,0.26666666666666666
nealza01,2023,85.06666666666668,2085.634199134199,462,0.25757575757575757
neideni01,2020,87.55364583333333,2115.7606382978724,238,0.21428571428571427
neideni01,2021,86.80373961218837,2048.7780859916784,744,0.25
neideni01,2022,87.6008849557522,2082.4159292035397,113,0.24778761061946902
nelsoji02,2017,90.98159771754636,2308.6712979890312,2904,0.2940771349862259
nelsoji02,2019,88.68943488943489,2557.196473551637,443,0.3002257336343115
nelsoji02,2021,88.47269372693727,2839.0,592,0.3277027027027027
nelsoky01,2020,84.868,2621.5454545454545,41,0.4146341463414634
nelsoky01,2021,86.97058823529412,2490.5080213903743,219,0.3515981735159817
nelsoky01,2022,87.00704,2417.875,639,0.2566510172143975
nelsoky01,2023,87.77277936962751,2513.137632338787,1070,0.2850467289719626
nelsoni01,2020,91.96080760095012,2119.163895486936,458,0.27074235807860264
nelsoni01,2021,92.44151329243353,2047.8312757201645,489,0.26380368098159507
nelsoni01,2022,91.70204236006052,2037.7116134060796,1333,0.2558139534883721
nelsoni01,2023,90.46605504587156,1991.7339449541284,109,0.1926605504587156
nelsory01,2022,89.92937293729372,2204.6699669966997,303,0.28052805280528054
nelsory01,2023,89.04794063079778,2211.8216276477146,2748,0.2361717612809316
nerishe01,2017,90.6943948009748,1992.5130505709624,1280,0.29921875
nerishe01,2018,90.11683417085428,1889.2547288776798,849,0.3392226148409894
nerishe01,2019,89.56497777777778,1843.509383378016,1214,0.33525535420098845
nerishe01,2020,89.8836879432624,1772.3640661938534,445,0.298876404494382
nerishe01,2021,89.9107793153678,1832.0387426900584,1380,0.31666666666666665
nerishe01,2022,91.15360072926163,2004.9270738377393,1140,0.306140350877193
nerishe01,2023,89.69677679290895,2025.0,1275,0.27215686274509804
neshepa01,2017,86.11675338189387,2118.517819706499,992,0.31955645161290325
neshepa01,2018,84.1045945945946,2116.8333333333335,410,0.36341463414634145
neshepa01,2019,84.09572953736655,2178.7372262773724,324,0.2962962962962963
neusesh01,2022,46.878787878787875,1202.6060606060605,33,0.18181818181818182
neverdo01,2017,92.79756690997567,2396.211678832117,442,0.22624434389140272
neverdo01,2018,92.06158415841584,2431.0100401606423,603,0.2669983416252073
neverdo01,2019,92.425,2422.443396226415,259,0.3204633204633205
neverdo01,2020,89.25628140703517,2467.569482288828,444,0.268018018018018
newbeja01,2018,89.14801587301586,2356.7061403508774,265,0.29056603773584905
newbeja01,2019,89.0465677179963,2372.1135857461027,571,0.266199649737303
newbeja01,2020,87.92915601023019,2479.9820971867007,422,0.3104265402843602
newbeja01,2021,88.33383458646618,2463.2105263157896,206,0.30097087378640774
newcose01,2017,89.03745215965009,2287.387308533917,1857,0.2649434571890145
newcose01,2018,88.95937709310114,2168.6533690915185,3105,0.2611916264090177
newcose01,2019,89.68150738150739,2368.6573426573427,1435,0.25365853658536586
newcose01,2020,88.08066666666666,2293.1979865771814,367,0.28065395095367845
newcose01,2021,90.97886524822695,2487.5763195435093,748,0.2553475935828877
newcose01,2022,90.64184782608696,2479.0,613,0.27732463295269166
newcose01,2023,88.22607142857144,2449.885714285714,280,0.25
newsolj01,2020,85.97607843137254,1981.4941176470588,295,0.288135593220339
newsolj01,2021,88.31702898550725,2013.7026022304833,341,0.2785923753665689
nicasju01,2017,93.39942100909842,2046.063847429519,1292,0.2801857585139319
nicasju01,2018,91.8751633986928,2056.6954248366014,817,0.27050183598531213
nicasju01,2019,90.43605769230771,2002.9603365384614,869,0.24165707710011508
nicasju01,2020,90.06515151515151,1990.8333333333333,81,0.2716049382716049
nichobr01,2017,60.90625,1423.0625,16,0.125
nicolju01,2017,86.76293206197855,1984.9392133492252,937,0.2497331910352188
nicolky01,2023,92.15349999999998,2432.57,200,0.25
nittovi01,2021,90.90384615384616,2439.730769230769,50,0.16
nittovi01,2022,87.42358490566038,2587.4901960784314,106,0.20754716981132076
nittovi01,2023,88.37407407407406,2627.9074074074074,72,0.3611111111111111
nixja02,2018,87.53628048780489,2219.6045801526716,656,0.25914634146341464
noesihe01,2019,88.73863179074448,2193.5051334702257,556,0.2517985611510791
nogosst01,2019,91.59929078014184,2353.1746031746034,141,0.23404255319148937
nogosst01,2021,89.25567010309278,2319.3092783505153,97,0.31958762886597936
nogosst01,2022,89.80873563218391,2215.4321839080458,447,0.2483221476510067
nogosst01,2023,89.94847972972973,2261.7504424778763,592,0.24324324324324326
nogowjo01,2021,58.371428571428574,1535.4,35,0.22857142857142856
nolaaa01,2017,86.22024033045437,2119.394815927874,2838,0.31148696264975334
nolaaa01,2018,86.43085305105853,2115.1449049548146,3328,0.32091346153846156
nolaaa01,2019,86.69363554488142,2198.018935978359,3410,0.31085043988269795
nolaaa01,2020,86.71636363636362,2065.650951199338,1267,0.31886345698500396
nolaaa01,2021,87.17957616707618,2135.5153562653563,3256,0.30804668304668303
nolaaa01,2022,87.52727520435967,2242.134176519109,3670,0.32043596730245233
nolaaa01,2023,87.02006543075245,2277.9679890560874,3668,0.2900763358778626
nolasri01,2017,85.08252427184466,2063.755697050938,3235,0.2559505409582689
nolinse01,2021,84.60240480961923,1959.6653306613227,499,0.23847695390781562
nolinse01,2023,84.10958904109587,2096.8356164383563,79,0.22784810126582278
norribu01,2017,90.79146126760564,2491.0128087831654,1260,0.28095238095238095
norribu01,2018,91.97719298245613,2505.2770833333334,1054,0.269449715370019
norrida01,2017,89.37794198139025,2316.0188141391104,1991,0.2466097438473129
norrida01,2018,86.46883435582822,2368.939516129032,922,0.25054229934924077
norrida01,2019,87.3385593220339,2248.5967458223395,2492,0.2608346709470305
norrida01,2020,89.48673469387755,2216.7897959183674,530,0.2811320754716981
norrida01,2021,89.20780445969126,2172.0163793103447,1167,0.2639245929734362
norrida01,2023,85.10542635658913,1949.762645914397,331,0.2084592145015106
northaa01,2021,86.05503875968992,1911.2713178294573,157,0.25477707006369427
norwoja01,2018,94.50528634361233,2013.6046511627908,228,0.18859649122807018
norwoja01,2019,92.5868932038835,2008.572864321608,247,0.2388663967611336
norwoja01,2020,94.13414634146342,1958.8536585365853,107,0.21495327102803738
norwoja01,2021,94.45163934426229,1875.532786885246,208,0.32211538461538464
norwoja01,2022,93.4264864864865,1889.3940217391305,388,0.22938144329896906
novaiv01,2017,89.4430900621118,2205.450271950272,2767,0.23310444524756052
novaiv01,2018,89.50205696202532,2207.2920459042343,2617,0.22392051967902177
novaiv01,2019,88.5220979940809,2164.177244327524,3145,0.23179650238473767
novaiv01,2020,88.06866197183099,2165.978873239437,339,0.2359882005899705
nunezda01,2021,87.42283464566931,2062.6141732283463,127,0.2677165354330709
nunezed02,2019,75.05714285714285,1912.857142857143,14,0.2857142857142857
nunovi01,2017,85.03081967213116,2365.4677966101694,377,0.259946949602122
nunovi01,2018,84.9842,2389.947261663286,573,0.3019197207678883
oakstr01,2018,87.01862348178138,2006.6952789699571,306,0.2647058823529412
oberba01,2021,87.50006775067752,2145.8231707317073,1476,0.2804878048780488
oberba01,2022,86.7947799385875,2192.435005117707,1010,0.26633663366336635
oberba01,2023,86.41053042121683,2202.6341653666145,2564,0.27301092043681746
obergsc01,2017,93.09051643192488,2305.9408163265307,1101,0.26430517711171664
obergsc01,2018,91.56100872938893,2323.7943722943724,1058,0.2580340264650284
obergsc01,2019,90.29157007376185,2314.0661764705883,1002,0.29141716566866266
obrieri01,2021,88.07857142857144,2041.6666666666667,64,0.296875
obrieri01,2022,84.89565217391304,2246.9565217391305,55,0.2
odayda01,2017,84.13481701285856,2266.1856639247944,1054,0.3178368121442125
odayda01,2018,82.98343373493977,2283.233962264151,382,0.337696335078534
odayda01,2019,83.181,2291.8390804597702,107,0.32710280373831774
odayda01,2020,82.53746312684365,2281.8790560471975,361,0.3379501385041551
odayda01,2021,82.0903474903475,2322.4015444015445,259,0.29343629343629346
odayda01,2022,82.2638961038961,2334.475324675325,406,0.270935960591133
odorija01,2017,87.15280427317818,2067.980820866897,2715,0.24493554327808473
odorija01,2018,87.22437059415913,2130.1809011432415,3140,0.239171974522293
odorija01,2019,89.06366806136681,2098.155244755245,2909,0.2684771399106222
odorija01,2020,88.00848056537103,1958.663120567376,295,0.2305084745762712
odorija01,2021,88.36418061897514,1914.5885947046843,2015,0.23722084367245658
odorija01,2022,88.4463505594033,1983.6089504528502,1877,0.23601491742141714
oflaher01,2017,88.31925675675676,2216.095890410959,404,0.3292079207920792
ogandal01,2018,91.95384615384616,2291.4615384615386,124,0.3548387096774194
ogandcr01,2022,87.35675675675675,2355.6805555555557,115,0.25217391304347825
ogradch01,2017,83.23793103448276,2090.2554744525546,595,0.2638655462184874
ogradch01,2018,83.44014598540147,2086.5746268656717,196,0.27040816326530615
ohse01,2017,89.77766990291262,2213.5604288499026,1073,0.2917054986020503
ohse01,2018,87.16982829108748,2224.3996723996725,1236,0.2977346278317152
ohse01,2019,84.89318181818182,2212.7363636363634,479,0.31106471816283926
ohtansh01,2018,89.33001172332942,2022.1572104018912,903,0.301218161683278
ohtansh01,2020,86.86625,2161.8625,80,0.225
ohtansh01,2021,89.42674641148325,2111.395292987512,2174,0.27874885004599814
ohtansh01,2022,89.32407759604412,2242.738467403736,2684,0.3114754098360656
ohtansh01,2023,89.42425978987583,2293.515166104959,2112,0.29450757575757575
okertst01,2017,88.43154639175259,2412.6820175438597,546,0.2454212454212454
okertst01,2018,86.26451612903226,2480.5054945054944,130,0.34615384615384615
okertst01,2021,85.2801996672213,2364.4292845257905,601,0.28452579034941766
okertst01,2022,85.76155339805824,2403.887351778656,1030,0.30194174757281556
okertst01,2023,86.45373406193077,2415.3339432753887,1117,0.297224709042077
ollerad01,2022,89.37627511591964,2066.6044891640868,1353,0.2261640798226164
ollerad01,2023,88.79797297297299,2134.828828828829,568,0.23767605633802816
olsonre01,2023,89.74102122776821,2469.9879310344827,1743,0.2736660929432014
olsonty01,2017,82.1834808259587,2308.091715976331,431,0.31322505800464034
olsonty01,2018,82.59329140461216,2338.5693277310925,560,0.3410714285714286
olsonty01,2019,80.65845323741007,2424.732014388489,610,0.3016393442622951
orourry01,2019,85.36190476190475,2230.5,106,0.3113207547169811
ortegol01,2021,90.3640287769784,2234.028776978417,139,0.2446043165467626
ortegol01,2022,90.53949579831932,2307.0404721753794,609,0.2233169129720854
ortegol01,2023,88.43344481605352,2372.3946488294314,310,0.3096774193548387
ortizlu02,2018,89.03030303030303,2139.560606060606,71,0.19718309859154928
ortizlu02,2019,89.8825,2263.05,119,0.23529411764705882
ortizlu02,2022,89.68728813559322,2197.85593220339,154,0.2727272727272727
ortizlu02,2023,88.3750588235294,2319.2517647058826,441,0.2789115646258503
ortizlu03,2022,94.0690909090909,2383.9745454545455,275,0.3090909090909091
ortizlu03,2023,91.80572543916722,2221.9686479425213,1563,0.2380038387715931
ortka01,2021,90.17777777777779,2311.8444444444444,83,0.3614457831325301
ortka01,2022,92.36759776536313,2225.8659217877093,563,0.28063943161634103
ortka01,2023,92.7355721393035,2333.05,499,0.22845691382765532
osichjo01,2017,89.4205533596838,2214.8192612137204,871,0.2502870264064294
osichjo01,2018,90.41751824817517,2136.9744525547444,331,0.2719033232628399
osichjo01,2019,88.62374169040837,2259.825095057034,1074,0.2802607076350093
osichjo01,2020,87.5611842105263,2233.698675496689,348,0.2959770114942529
osichjo01,2021,86.25755102040816,2125.6352459016393,323,0.30030959752321984
osunajo01,2019,87.65161290322581,1927.225806451613,31,0.1935483870967742
osunaro01,2017,91.16419624217119,2405.932978723404,1005,0.30845771144278605
osunaro01,2018,91.90399361022364,2349.0162601626016,671,0.28763040238450077
osunaro01,2019,92.3646953405018,2392.0359712230215,1165,0.2918454935622318
osunaro01,2020,90.53333333333333,2326.432098765432,89,0.3146067415730337
oswalco01,2018,87.54729206963249,1939.0281007751937,1082,0.22735674676524953
oswalco01,2019,88.91151079136691,1950.2014388489208,177,0.2598870056497175
oswalco01,2020,89.32970027247957,2070.2861035422343,376,0.2765957446808511
oswalco01,2021,89.55392156862744,2035.2287581699347,306,0.27450980392156865
oteroda01,2017,88.44087256027555,1938.382558139535,932,0.21888412017167383
oteroda01,2018,88.34605405405406,1938.4684782608695,1010,0.25643564356435644
oteroda01,2019,86.24051522248243,1912.0188235294117,465,0.24731182795698925
ottavad01,2017,88.14509466437178,2519.6542137271936,1225,0.3004081632653061
ottavad01,2018,87.43333333333332,2553.9447236180904,1445,0.35986159169550175
ottavad01,2019,87.70501193317422,2646.803542673108,1335,0.3340823970037453
ottavad01,2020,86.97103825136612,2526.2868852459014,393,0.34096692111959287
ottavad01,2021,87.8502843216897,2536.6328188464663,1264,0.3212025316455696
ottavad01,2022,87.79356261022927,2459.643738977072,1150,0.3278260869565217
ottavad01,2023,87.54702549575072,2375.217267552182,1066,0.30393996247654786
ottogl01,2021,86.95632911392404,2297.3164556962024,479,0.2755741127348643
ottogl01,2022,87.1716913414087,2331.589950650516,2284,0.24649737302977234
ottogl01,2023,86.38230088495575,2433.8982300884954,303,0.27722772277227725
overtco01,2021,87.96824817518248,2176.1350364963505,274,0.26277372262773724
overtco01,2022,86.56119402985074,2169.7803837953093,508,0.25
overtco01,2023,86.9685,2088.15,315,0.2857142857142857
overtdi01,2017,84.62967914438502,2113.018766756032,677,0.24519940915805022
oviedjo01,2020,89.57104166666667,2348.4979166666667,505,0.2693069306930693
oviedjo01,2021,89.64327808471455,2298.861367837338,1101,0.26248864668483196
oviedjo01,2022,89.72624521072798,2392.099512195122,1044,0.2614942528735632
oviedjo01,2023,90.40815018315017,2348.5921855921856,3276,0.26434676434676435
oviedlu01,2021,86.82623509369677,2202.664395229983,599,0.25041736227045075
owingch01,2019,67.84883720930233,1709.139534883721,44,0.13636363636363635
owingch01,2022,56.36999999999999,1362.3,10,0.2
owingch01,2023,49.14444444444445,1495.2222222222222,9,0.0
paddach01,2019,89.34121940747102,2072.9514604810997,2430,0.29218106995884774
paddach01,2020,89.42329038652132,2045.4830677290836,1069,0.2909260991580917
paddach01,2021,90.32536115569823,2097.8394863563403,1968,0.26422764227642276
paddach01,2022,86.93348837209302,2111.820930232558,468,0.2905982905982906
paddach01,2023,89.5551181102362,2164.9291338582675,127,0.3464566929133858
padilni01,2022,90.52307692307694,2237.4102564102564,39,0.20512820512820512
padilni01,2023,87.16099999999999,2410.51,124,0.29838709677419356
paganem01,2017,90.73170391061453,2390.6489675516223,764,0.2801047120418848
paganem01,2018,90.96951219512195,2439.878612716763,1120,0.2669642857142857
paganem01,2019,92.33245614035087,2438.560632688928,1238,0.32390953150242324
paganem01,2020,91.62494481236203,2361.691796008869,485,0.2804123711340206
paganem01,2021,91.62859744990894,2444.526411657559,1168,0.2756849315068493
paganem01,2022,91.28238884045335,2241.4272013949435,1189,0.28259041211101765
paganem01,2023,91.85910714285713,2396.47363717605,1134,0.24250440917107582
palacje01,2022,74.9375,1761.125,8,0.25
palenda01,2023,95.27935222672065,2265.0405679513183,494,0.24493927125506074
pallaan01,2022,90.46041552761072,2338.0908090258667,1829,0.23947512301804263
pallaan01,2023,91.99983361064892,2347.9507640067914,1209,0.23159636062861869
palumjo01,2019,88.92972972972973,2330.828828828829,357,0.25770308123249297
palumjo01,2020,87.19491525423729,2547.762711864407,119,0.3025210084033613
pannoth01,2018,83.72402877697843,2113.1942446043167,732,0.2814207650273224
pannoth01,2019,85.06637450199203,2219.3043824701194,1379,0.2849891225525743
pannoth01,2023,86.57051282051282,2312.5897435897436,82,0.3048780487804878
pareded01,2017,89.84079320113314,2276.5029069767443,377,0.23076923076923078
pareded01,2018,89.29005847953216,2242.231003039514,371,0.23180592991913745
pareded02,2017,83.34171428571427,2154.2228571428573,197,0.3147208121827411
pareded02,2018,81.70263157894738,2174.5646258503402,198,0.3686868686868687
pareden01,2020,92.37623574144486,2536.304761904762,558,0.3207885304659498
pareden01,2021,91.23571428571428,2583.2078853046596,320,0.26875
pareden01,2022,92.06538461538462,2502.7820512820513,96,0.22916666666666666
parkebl01,2017,88.75309325946445,1855.8144329896907,1197,0.3216374269005848
parkebl01,2018,86.92008438818566,1809.176720475786,1250,0.2584
parkebl01,2019,85.07568627450982,1818.577620967742,1086,0.2983425414364641
parkebl01,2020,83.58491124260354,1564.1454005934718,381,0.30708661417322836
parkebl01,2021,85.41031207598371,1604.9674355495251,800,0.26
parrage01,2019,89.04,2262.72,25,0.24
parsowe01,2018,88.85487804878049,2182.2804878048782,88,0.25
parsowe01,2019,90.37894736842104,2335.7812971342382,742,0.27088948787061995
parsowe01,2023,89.38539325842697,2355.8977272727275,89,0.24719101123595505
patinlu01,2020,92.91167512690355,2392.0946291560103,419,0.27684964200477324
patinlu01,2021,91.88371266002845,2426.8709907341413,1413,0.2427459306440198
patinlu01,2022,90.18075117370893,2223.5918854415277,435,0.22298850574712645
patinlu01,2023,90.76632478632477,2226.8051282051283,590,0.23898305084745763
pattosp01,2021,89.33434482758622,1981.609958506224,790,0.29620253164556964
pattosp01,2022,87.18108108108109,1913.3333333333333,163,0.27607361963190186
pattosp01,2023,86.82341463414633,1986.4146341463415,205,0.22926829268292684
paulida01,2017,85.91534090909092,2314.043643263757,570,0.2807017543859649
paulida01,2018,86.05078125,2200.551181102362,199,0.32160804020100503
paulida01,2021,87.83483146067415,2324.921348314607,89,0.20224719101123595
paxtoja01,2017,91.36010430247718,2183.9991281604184,2454,0.28117359413202936
paxtoja01,2018,91.33633564280215,2184.62774566474,2738,0.2841490138787436
paxtoja01,2019,91.14927884615385,2178.2826685006876,3044,0.280880420499343
paxtoja01,2020,87.87865168539325,2178.744382022472,356,0.2640449438202247
paxtoja01,2021,91.1375,2190.2916666666665,105,0.4857142857142857
paxtoja01,2023,90.22005847953216,2102.7928613224108,1710,0.2614035087719298
payamjo01,2019,88.29774436090224,2427.9579831932774,148,0.25675675675675674
payamjo01,2020,89.5493670886076,2351.8101265822784,79,0.25316455696202533
payamjo01,2021,90.0094130675526,2400.4866666666667,910,0.2571428571428571
payamjo01,2022,89.35105042016806,2435.641728134879,990,0.25252525252525254
payamjo01,2023,89.75325131810193,2512.7577092511015,1197,0.29406850459482037
payanpe01,2019,87.76546762589928,2372.6724137931033,417,0.26139088729016785
pazosja01,2017,92.0753779697624,2045.8002257336343,1107,0.2800361336946703
pazosja01,2018,92.34507897934387,1996.953431372549,908,0.22797356828193832
pazosja01,2019,90.11677852348993,2085.132867132867,207,0.2463768115942029
pazosja01,2020,88.45582524271845,2062.097087378641,215,0.20465116279069767
peacobr01,2017,87.00659472422062,2411.923898531375,2638,0.3172858225928734
peacobr01,2018,87.74092465753425,2426.1922330097086,1236,0.3276699029126214
peacobr01,2019,87.60642768850431,2370.5810626702996,1727,0.2872032426172554
peacobr01,2020,84.75254237288136,2279.3389830508477,59,0.3050847457627119
peacobr01,2021,83.76631578947368,2129.9894736842107,95,0.2
peacoma01,2021,91.35930318754633,2171.667456556082,1349,0.23943661971830985
peacoma01,2022,90.6110552763819,2195.0904522613064,199,0.25125628140703515
pearsna01,2020,90.73951807228916,2386.522891566265,472,0.3326271186440678
pearsna01,2021,93.75227963525836,2340.1702127659573,329,0.2948328267477204
pearsna01,2023,92.90848214285714,2405.9944134078214,896,0.2767857142857143
pegueel01,2021,93.92500000000001,2131.84375,64,0.171875
pegueel01,2022,93.02305194805194,2325.328990228013,311,0.2508038585209003
pegueel01,2023,93.25101387406617,2180.930629669157,1019,0.2944062806673209
pelfrmi01,2017,86.09886264216973,1885.1347417840375,2420,0.24669421487603305
pelhacd01,2018,93.46624203821656,2136.22,172,0.25
penafe01,2017,90.06813008130082,2281.2,666,0.25825825825825827
penafe01,2018,88.26440084092503,2322.0147679324896,1520,0.28092105263157896
penafe01,2019,87.03969696969698,2206.6928223844284,1753,0.28465487735310896
penafe01,2020,89.7359437751004,2223.6579476861166,498,0.27710843373493976
penafe01,2021,88.0894117647059,2318.7176470588233,106,0.2641509433962264
pennicl01,2018,86.7344827586207,2106.7586206896553,29,0.27586206896551724
pepiory01,2022,90.7921302578019,2451.8548168249663,796,0.27386934673366836
pepiory01,2023,90.62891891891891,2379.8135135135135,851,0.2972972972972973
peralda01,2021,64.01785714285715,1625.4285714285713,28,0.21428571428571427
peralfr01,2018,87.87152777777777,2360.25,1458,0.27503429355281206
peralfr01,2019,90.17367149758455,2436.074275362319,1722,0.2961672473867596
peralfr01,2020,88.03905429071804,2394.276707530648,670,0.3194029850746269
peralfr01,2021,87.64314449917899,2255.6995244271507,2546,0.31814611154752553
peralfr01,2022,86.90460572226101,2196.6371249127706,1503,0.2940785096473719
peralfr01,2023,88.82338441039309,2266.106262491672,3069,0.28967090257412836
peralsa01,2023,83.61952506596306,2126.519788918206,404,0.28217821782178215
peralwa01,2017,91.78893129770991,2117.3692748091603,1148,0.27526132404181186
peralwa01,2018,91.16259887005648,2134.083615819209,961,0.2497398543184183
peralwa01,2019,90.3648888888889,2216.047477744807,732,0.28415300546448086
peralwa01,2020,90.07489959839359,2244.1271186440677,550,0.2818181818181818
peralwa01,2021,90.62023047375159,2191.7100515463917,881,0.2917139614074915
peralwa01,2022,91.24024738344434,2191.509505703422,1052,0.27281368821292773
peralwa01,2023,91.8897233201581,2212.042490118577,1012,0.26778656126482214
peralwi01,2017,90.981054512958,1945.7754733994589,1247,0.2566158781074579
peralwi01,2018,90.18818635607322,1970.1836393989984,713,0.26227208976157085
peralwi01,2019,89.16134328358207,1939.3930722891566,740,0.23783783783783785
peralwi01,2021,88.49034749034749,1732.1036036036037,1554,0.22844272844272845
peralwi01,2022,89.24538904899136,1860.7435158501441,694,0.2507204610951009
perazjo01,2019,77.94666666666667,1879.0,15,0.06666666666666667
perazjo01,2020,79.18571428571428,1706.5,14,0.14285714285714285
perdoan01,2020,90.77176470588236,2562.105882352941,126,0.40476190476190477
perdoan01,2021,91.03833333333333,2484.058495821727,417,0.34292565947242204
perdoan01,2023,90.46271999999999,2454.1568,639,0.3223787167449139
perdolu02,2017,90.56980392156862,2051.1529318542,2797,0.24705041115480872
perdolu02,2018,90.57336561743342,1970.0911300121506,961,0.26222684703433924
perdolu02,2019,90.97683823529411,1996.9898710865561,1146,0.2661431064572426
perdolu02,2020,90.02047781569966,2007.849315068493,354,0.3418079096045198
perdolu02,2022,90.38280701754385,2013.7649122807018,319,0.27586206896551724
perezca02,2023,63.72380952380953,1712.1190476190477,42,0.16666666666666666
perezci01,2018,91.41975308641975,2306.283950617284,264,0.24242424242424243
perezci01,2019,90.99570552147239,2187.128834355828,183,0.24043715846994534
perezci01,2020,90.84375,2276.1953125,165,0.23636363636363636
perezci01,2021,91.62048458149779,2223.7461024498884,536,0.2667910447761194
perezci01,2022,91.74613778705636,2365.1521276595745,970,0.27319587628865977
perezci01,2023,91.94852459016394,2336.7905701754385,974,0.2669404517453799
perezeu02,2023,91.3092857142857,2436.5929678188318,1702,0.28554641598119856
perezfr01,2021,88.91475409836066,2235.1721311475408,122,0.26229508196721313
perezfr01,2022,89.48390243902439,2185.0682926829268,255,0.2
perezfr01,2023,87.36801152737752,2136.769452449568,347,0.22478386167146974
perezhe01,2017,71.47058823529412,1647.8235294117646,17,0.17647058823529413
perezhe01,2018,67.54861111111111,1609.3623188405797,72,0.20833333333333334
perezhe01,2019,68.82439024390243,1647.974358974359,43,0.16279069767441862
perezhe01,2021,59.837500000000006,1450.5625,16,0.1875
perezhe02,2020,92.23636363636365,2168.5151515151515,64,0.265625
perezhe02,2023,89.6375,2216.375,70,0.3142857142857143
perezma02,2017,88.94594245069511,2074.421997389034,3223,0.2358051504809184
perezma02,2018,89.2703492516037,2057.985,1466,0.2305593451568895
perezma02,2019,89.6794733044733,2114.142753885074,2904,0.25860881542699726
perezma02,2020,87.49787028073573,2028.9583736689256,1098,0.2677595628415301
perezma02,2021,88.88379653906661,2049.075909330522,2057,0.26883811375789984
perezma02,2022,89.0932527693857,1985.523185483871,2995,0.2701168614357262
perezma02,2023,88.55853658536584,1961.568718381113,2414,0.25807787903893953
perezol01,2017,87.0955298013245,2129.1655172413793,644,0.32142857142857145
perezol01,2018,85.35203426124197,2227.2077922077924,538,0.34944237918215615
perezol01,2019,85.19204204204203,2222.248854961832,700,0.31142857142857144
perezol01,2020,83.76203389830508,2149.437288135593,334,0.32335329341317365
perezol01,2021,84.93387096774192,2107.0,127,0.30708661417322836
perezol01,2022,84.75681818181818,2169.8977272727275,92,0.25
perkigl01,2017,87.21707317073171,2205.366666666667,123,0.18699186991869918
peterda01,2020,87.21758499413835,2091.781690140845,879,0.27189988623435724
peterda01,2021,88.37712519319938,2086.7859350850076,1294,0.26584234930448225
peterda01,2022,88.8913214990138,2095.242603550296,2028,0.2667652859960552
peterda01,2023,88.34227378190255,2113.432558139535,2155,0.2737819025522042
peterdi01,2017,85.79826589595376,2283.135135135135,573,0.2425828970331588
peterdi01,2018,84.74549098196393,2408.4889779559117,587,0.25383304940374785
peterdi01,2019,85.70007849293563,2277.034727703236,1407,0.26297085998578534
peterdi01,2020,85.94722222222224,2158.5555555555557,83,0.27710843373493976
peterdi01,2021,85.99232505643342,2077.975169300226,484,0.2809917355371901
peterdi01,2022,87.40025125628141,2154.2264150943397,796,0.25125628140703515
peterja01,2018,83.9,2039.6333333333334,30,0.2
peterja01,2021,58.0375,1226.025,40,0.25
peterja01,2022,57.6875,1161.625,8,0.25
peterja01,2023,56.75581395348837,1134.4883720930231,43,0.2558139534883721
peterti01,2018,86.79579207920793,1992.2636815920398,408,0.2696078431372549
peterti01,2019,86.8612676056338,2005.692857142857,212,0.2783018867924528
petityu01,2017,85.1515350877193,2130.6640866873063,1483,0.2926500337154417
petityu01,2018,85.23278195488722,2136.5858352578907,1398,0.2761087267525036
petityu01,2019,85.04028716216216,2148.7896103896105,1245,0.26987951807228916
petityu01,2020,84.41424870466321,2051.0958549222796,408,0.27941176470588236
petityu01,2021,83.95147874306839,2051.8678373382627,1133,0.2444836716681377
petrija01,2017,92.2,2068.6311475409834,555,0.25585585585585585
petrija01,2018,91.90949367088608,2084.2759493670887,790,0.2468354430379747
petrija01,2019,90.72344827586207,2065.6275862068965,222,0.2972972972972973
petrija01,2021,90.08074074074074,1949.962962962963,135,0.26666666666666666
pfaadbr01,2023,89.42395209580839,2468.0778831752373,2059,0.28363283147158813
phelpda01,2017,90.93457172342622,2395.5118679050565,1008,0.2996031746031746
phelpda01,2019,88.22449297971917,2426.99375975039,641,0.26053042121684866
phelpda01,2020,89.67430939226519,2429.660220994475,415,0.3036144578313253
phelpda01,2021,89.17707641196013,2420.2633333333333,301,0.32558139534883723
phelpda01,2022,88.74724540901504,2390.7134502923977,1202,0.26455906821963393
phillbr02,2021,50.178260869565214,1135.5652173913043,23,0.17391304347826086
phillbr02,2022,51.75423728813559,1162.6206896551723,59,0.13559322033898305
phillbr02,2023,71.41428571428573,1700.0,7,0.0
phillco01,2023,91.83540669856458,2409.992822966507,433,0.26096997690531176
phillev01,2018,91.62602739726027,2188.009132420091,228,0.21929824561403508
phillev01,2019,90.98659611992947,2230.0566371681416,633,0.29067930489731436
phillev01,2020,90.99788732394367,2241.6619718309857,308,0.30194805194805197
phillev01,2021,89.21428571428571,2178.2115384615386,378,0.28835978835978837
phillev01,2022,90.64984646878197,2402.238485158649,1013,0.32379072063178677
phillev01,2023,90.51255060728744,2417.453141091658,1020,0.3176470588235294
pilkiko01,2022,88.49679487179488,2114.4958753437213,1127,0.2360248447204969
pilkiko01,2023,90.1725,2150.5,119,0.3277310924369748
pillake01,2021,77.08333333333333,1857.1666666666667,6,0.16666666666666666
pillty01,2017,85.19742930591258,2172.4601542416453,390,0.24871794871794872
pindech01,2022,65.76538461538462,1660.076923076923,26,0.15384615384615385
pinedmi01,2017,89.87890322580644,2066.163305139883,1703,0.2759835584263065
pinedmi01,2019,89.139010989011,1981.6294090700871,2423,0.26908790755262074
pinedmi01,2020,87.61252747252746,1946.720879120879,455,0.25934065934065936
pinedmi01,2021,87.07849462365591,1915.0953461975027,1801,0.2676290949472515
pinedmi01,2022,87.0265389876881,1891.1191780821919,731,0.23255813953488372
pintore02,2023,60.76153846153846,1569.5384615384614,26,0.23076923076923078
pintori01,2017,91.9575652173913,1922.48606271777,593,0.24283305227655985
pintori01,2019,91.93111111111111,1905.7333333333333,107,0.2803738317757009
pintri01,2023,93.22000000000001,2158.6,20,0.1
pivetni01,2017,90.15086136177194,2356.495346869712,2496,0.25400641025641024
pivetni01,2018,89.70227353463589,2410.3506681112317,2981,0.2878228782287823
pivetni01,2019,88.4035846724351,2515.8806064434616,1736,0.26555299539170507
pivetni01,2020,87.73827586206896,2367.2241379310344,361,0.2880886426592798
pivetni01,2021,88.8787362086259,2388.392307692308,3071,0.26506024096385544
pivetni01,2022,87.37420262664166,2394.0043804755946,3281,0.2672965559280707
pivetni01,2023,88.97637703646238,2457.1508921644686,2650,0.2860377358490566
plassmi01,2022,85.34141414141413,2152.6060606060605,99,0.31313131313131315
plassmi01,2023,86.3225806451613,2272.494623655914,292,0.2363013698630137
plaweke01,2017,78.88181818181819,1906.2954545454545,45,0.17777777777777778
plaweke01,2019,76.75263157894737,1945.0,19,0.2631578947368421
plaweke01,2020,74.78181818181818,1790.5454545454545,11,0.18181818181818182
plaweke01,2021,74.85555555555555,1837.5555555555557,18,0.1111111111111111
plaweke01,2022,70.58888888888889,1868.7777777777778,18,0.1111111111111111
plesaza01,2019,89.10565539112051,1974.066067653277,1892,0.2653276955602537
plesaza01,2020,88.11272727272727,1990.627986348123,923,0.2990249187432286
plesaza01,2021,88.32113378684808,1917.1954648526078,2393,0.2703719180944421
plesaza01,2022,87.64812586765386,2030.8829245719573,2228,0.24371633752244165
plesaza01,2023,86.77756756756756,1998.9918699186992,562,0.2491103202846975
plutkad01,2018,86.89621152328334,2318.9687242798354,1287,0.2198912198912199
plutkad01,2019,87.57658862876255,2307.1602456728083,1888,0.2505296610169492
plutkad01,2020,87.45939524838012,2393.436285097192,508,0.234251968503937
plutkad01,2021,88.43343079922028,2362.039961013645,1089,0.22773186409550045
pocheco01,2019,91.85532608695651,2295.665938864629,1005,0.3044776119402985
pocheco01,2022,90.02142131979696,2301.8730964467004,1017,0.2605703048180924
pocheco01,2023,89.63444553483808,2316.7409224730127,1040,0.28076923076923077
pomerdr01,2017,86.49231266149872,2287.9308785529715,3225,0.26666666666666666
pomerdr01,2018,84.51327800829877,2250.6784232365144,1450,0.23379310344827586
pomerdr01,2019,88.65159362549802,2368.5869456900846,2115,0.28699763593380617
pomerdr01,2020,92.12714285714284,2380.2100238663484,461,0.3123644251626898
pomerdr01,2021,91.51232558139536,2440.786046511628,468,0.3418803418803419
ponceco01,2020,88.07358490566038,2423.932075471698,304,0.27960526315789475
ponceco01,2021,88.28788282290282,2245.544607190413,751,0.26764314247669774
ponceda01,2018,90.39053356282272,2224.7779690189327,624,0.2419871794871795
ponceda01,2019,90.62021978021977,2383.989010989011,1055,0.25118483412322273
ponceda01,2020,88.96183431952662,2407.8571428571427,765,0.29411764705882354
ponceda01,2021,90.47960829493086,2246.780853517878,918,0.22657952069716775
poppese01,2019,90.24776119402986,2041.8345864661653,134,0.27611940298507465
poppese01,2020,88.97712418300654,1993.0065359477123,225,0.31555555555555553
poppese01,2021,89.43471400394478,2071.285996055227,553,0.3037974683544304
poppese01,2022,90.3263940520446,2157.8345724907063,550,0.2781818181818182
popza01,2021,92.26944444444443,2257.923383084577,1015,0.2660098522167488
popza01,2022,93.47668231611894,2146.0497592295346,639,0.2597809076682316
popza01,2023,91.88198529411765,2281.8880597014927,284,0.3345070422535211
porceri01,2017,86.76713003185634,2412.7888469358118,3571,0.2685522262671521
porceri01,2018,86.1146297411198,2417.5105358217943,3431,0.2795103468376567
porceri01,2019,86.16165540540541,2368.4307952622676,3030,0.25445544554455446
porceri01,2020,87.17357980162308,2194.1749773345423,1176,0.2457482993197279
poteeco01,2021,88.99714765100671,2500.75,611,0.2618657937806874
poteeco01,2022,89.76867704280156,2313.202729044834,557,0.2836624775583483
poundbr01,2017,89.4457264957265,2343.6652173913044,284,0.2007042253521127
poundbr01,2018,89.17542857142857,2179.217391304348,385,0.3038961038961039
poundbr01,2019,87.87880794701987,2250.2582781456954,191,0.2774869109947644
povsema01,2017,91.51666666666667,2066.28125,152,0.2631578947368421
poynebo01,2018,86.36550802139037,2263.1657754010694,427,0.28805620608899296
poynebo01,2019,86.98977777777777,2277.09375,297,0.2895622895622896
pressry01,2017,91.32842696629213,2677.65668202765,960,0.2791666666666667
pressry01,2018,90.41994970662196,2805.2391496899913,1296,0.3333333333333333
pressry01,2019,89.40650759219089,2879.036343612335,1000,0.339
pressry01,2020,89.87043121149898,2765.517598343685,506,0.3339920948616601
pressry01,2021,90.30679785330948,2774.5134408602153,1123,0.3205699020480855
pressry01,2022,88.60044742729306,2779.7278835386337,894,0.3143176733780761
pressry01,2023,88.85766816143499,2780.451319381256,1138,0.29964850615114236
priceda01,2017,91.05353159851302,2106.058122205663,1348,0.263353115727003
priceda01,2018,89.64559153574864,2080.872272143774,3210,0.27632398753894083
priceda01,2019,88.97889366272824,2093.358795051103,1919,0.28348097967691505
priceda01,2021,89.85778321108394,1926.5538336052202,1249,0.2642113690952762
priceda01,2022,89.84196141479099,1889.5418006430868,629,0.2655007949125596
priesqu01,2023,89.3081986143187,2274.625581395349,889,0.2508436445444319
pruitau01,2017,87.9374717832957,2430.273215656178,1458,0.28669410150891633
pruitau01,2018,88.42485265225933,2443.06528189911,1085,0.24516129032258063
pruitau01,2019,88.33027777777778,2437.15329512894,773,0.2846054333764554
pruitau01,2021,87.83181818181822,2446.2727272727275,110,0.2
pruitau01,2022,87.49245982694684,2476.058096415328,837,0.27001194743130225
pruitau01,2023,88.12932628797886,2466.3342281879195,789,0.23574144486692014
pujolal01,2022,59.6925925925926,1598.2962962962963,27,0.18518518518518517
pukaj01,2019,94.20742574257426,2199.7574257425745,202,0.3069306930693069
pukaj01,2021,92.60041152263375,2167.789256198347,303,0.2739273927392739
pukaj01,2022,92.8891791044776,2246.1979458450046,1155,0.2987012987012987
pukaj01,2023,90.75437079731029,2238.2084942084944,1059,0.35316336166194523
putnaza01,2017,87.17925925925927,1854.3111111111111,200,0.34
quackke01,2017,86.08308550185873,2028.009523809524,656,0.24390243902439024
quackke01,2018,87.25847457627118,1996.9915254237287,295,0.3254237288135593
quackke01,2021,82.51500000000001,2088.85,20,0.25
quallch01,2017,89.30036900369004,2098.851711026616,272,0.23529411764705882
quantca01,2019,90.37556179775281,2034.6380575945793,1874,0.2310565635005336
quantca01,2020,90.63932384341638,2189.6417112299464,617,0.29497568881685576
quantca01,2021,90.56640959725793,2048.209898365002,2478,0.2473769168684423
quantca01,2022,90.32224755700327,2104.4592036553527,3130,0.23865814696485624
quantca01,2023,89.5265229110512,2014.4055075593953,1916,0.23173277661795408
quezajo01,2020,93.26379310344826,2222.6724137931033,58,0.2413793103448276
quezajo01,2023,93.9186046511628,2323.3720930232557,43,0.13953488372093023
quijajo01,2019,90.46259659969088,2290.8992248062013,684,0.29385964912280704
quijajo01,2020,89.94606741573034,2264.5842696629215,116,0.3103448275862069
quijajo01,2021,90.79699398797595,2211.8557114228456,499,0.2965931863727455
quijajo01,2022,93.12336578581363,2162.9554317548746,751,0.29161118508655126
quijajo01,2023,92.66633663366336,2139.0456852791876,233,0.27896995708154504
quinnro01,2018,78.38780487804877,2005.3902439024391,42,0.19047619047619047
quinnro01,2019,79.0,2026.28125,64,0.171875
quintjo01,2017,87.43230904302018,2006.6814185228604,3465,0.25772005772005774
quintjo01,2018,87.33150069156294,2000.8123918310835,3025,0.2624793388429752
quintjo01,2019,86.95808903365906,1980.5242929659173,2947,0.2548354258568035
quintjo01,2020,86.63632075471699,1996.105527638191,234,0.25213675213675213
quintjo01,2021,87.32561797752808,1991.453313253012,1451,0.2653342522398346
quintjo01,2022,86.63246357167063,1985.1262763784887,2951,0.24330735343951204
quintjo01,2023,86.19905660377358,1993.5491738788355,1272,0.24764150943396226
raganco01,2022,87.2328611898017,2329.148725212465,737,0.23202170963364993
raganco01,2023,90.68909205548549,2394.4662034112444,1739,0.29384703852788957
raineta01,2018,95.38666666666667,2408.2156862745096,284,0.27816901408450706
raineta01,2019,94.88973607038123,2445.5290390707496,1077,0.2841225626740947
raineta01,2020,92.85794392523366,2440.3831775700933,355,0.3154929577464789
raineta01,2021,93.28030075187971,2376.7924812030074,695,0.27913669064748203
raineta01,2022,94.15203539823008,2399.4582593250443,580,0.27241379310344827
raineta01,2023,92.17222222222222,2402.3888888888887,18,0.2777777777777778
raleybr01,2020,85.93238866396763,2619.417515274949,521,0.2667946257197697
raleybr01,2021,85.5215,2610.081,1039,0.2925890279114533
raleybr01,2022,85.59130938586327,2520.542923433875,896,0.3091517857142857
raleybr01,2023,85.44857142857143,2603.128871128871,1015,0.28866995073891627
raleylu01,2023,53.11951219512194,1207.7317073170732,41,0.17073170731707318
ramirca01,2017,87.68504672897195,2189.559585492228,215,0.28837209302325584
ramirca01,2018,87.61455696202532,2204.448818897638,181,0.18232044198895028
ramirer02,2017,88.45756661639014,2221.953924050633,2079,0.2712842712842713
ramirer02,2018,86.18018617021276,2245.190082644628,753,0.25630810092961487
ramirer02,2019,87.1829268292683,2133.0,121,0.3884297520661157
ramirer02,2020,88.15589743589744,2177.897435897436,257,0.28793774319066145
ramirer02,2021,89.94253731343284,2179.535447761194,550,0.2636363636363636
ramirer02,2022,90.24459901800327,2292.190008190008,1255,0.2589641434262948
ramirer02,2023,88.14984709480122,2253.0102564102563,1010,0.24752475247524752
ramirjc01,2017,90.35546942291128,2172.861263736264,2509,0.27182144280589876
ramirjc01,2018,87.63478260869563,2132.291304347826,268,0.27238805970149255
ramirjc01,2019,86.02616822429904,2086.330188679245,107,0.24299065420560748
ramirjo02,2017,93.93658777120315,2341.325765054294,1133,0.2736098852603707
ramirjo02,2018,91.87894736842105,2299.812865497076,222,0.27927927927927926
ramirne01,2017,87.61225416036308,2316.0978260869565,755,0.31390728476821195
ramirne01,2018,91.30313725490196,2376.526530612245,830,0.29518072289156627
ramirne01,2019,89.39088937093275,2450.4791666666665,527,0.286527514231499
ramirni01,2019,84.71587301587302,1907.8993948562784,1324,0.256797583081571
ramirni01,2020,85.25751295336788,1854.7046632124352,235,0.2851063829787234
ramirni01,2021,84.53980891719745,1859.479233226837,384,0.2421875
ramirni01,2023,83.34507575757574,2024.1104060913706,804,0.30597014925373134
ramirno01,2017,84.57464788732395,2258.976525821596,313,0.36741214057507987
ramirno01,2018,84.7520907158044,2271.4836879432623,1497,0.3026052104208417
ramirno01,2019,83.30229787234043,2338.3480851063828,1249,0.33466773418734985
ramirno01,2020,83.27172619047619,2265.421686746988,374,0.31016042780748665
ramirno01,2021,83.57184801381692,2301.3823529411766,638,0.26489028213166144
ramirno01,2022,84.17968923418424,2252.4333333333334,901,0.2874583795782464
ramirro02,2020,88.93454545454547,2160.6666666666665,67,0.2835820895522388
ramirro02,2021,91.07037037037038,2375.1975308641977,86,0.2441860465116279
ramirye01,2018,89.63785772690107,2309.973017170891,1242,0.23832528180354268
ramirye01,2019,89.94612068965517,2289.890829694323,560,0.275
ramirye01,2021,88.74782608695654,2257.3478260869565,23,0.2608695652173913
ramiryo01,2020,90.11761904761903,2381.6722488038276,470,0.2702127659574468
ramiryo01,2021,89.5341743119266,2368.9815668202764,447,0.32662192393736017
ramiryo01,2022,91.28000000000002,2279.874193548387,667,0.2848575712143928
ramiryo01,2023,91.57379553466511,2237.2818396226417,851,0.2796709753231492
ramosaj01,2017,85.43299999999999,2286.9433789954337,1166,0.3130360205831904
ramosaj01,2018,86.25111731843575,2437.5251396648046,425,0.2917647058823529
ramosaj01,2020,87.04222222222222,2251.6222222222223,90,0.25555555555555554
ramosaj01,2021,85.87580645161289,2044.5967741935483,62,0.25806451612903225
ramosed02,2017,87.57457627118644,2585.494939271255,1072,0.28824626865671643
ramosed02,2018,87.04925975773891,2502.6694101508915,830,0.29759036144578316
ramosed02,2019,85.48105263157895,2439.4714285714285,335,0.2865671641791045
ramsema01,2019,85.65925925925927,2168.9615384615386,114,0.16666666666666666
rasmudr01,2020,93.77739938080495,2504.8792569659445,339,0.30678466076696165
rasmudr01,2021,93.23096000000001,2492.2744,1328,0.28463855421686746
rasmudr01,2022,90.49331905781585,2499.337901498929,2350,0.2548936170212766
rasmudr01,2023,90.25177914110431,2611.285180572852,815,0.2920245398773006
ravinjo01,2017,92.37978339350181,2471.0666666666666,336,0.3125
ravinjo01,2018,89.78490566037736,2443.566037735849,113,0.3805309734513274
rayro02,2017,89.74134185303515,2189.142949130715,3227,0.3030678648899907
rayro02,2018,89.01217162872153,2173.974100087796,2416,0.2984271523178808
rayro02,2019,88.08403740728797,2181.5967585089143,3250,0.3009230769230769
rayro02,2020,89.8288179465056,2363.2465397923875,1183,0.2865595942519019
rayro02,2021,91.9259724715739,2215.6081485919713,3342,0.29204069419509276
rayro02,2022,90.80674590427242,2223.3654527876247,3224,0.25992555831265507
rayro02,2023,89.38901098901098,2249.7912087912086,228,0.3333333333333333
reaco01,2020,88.73947368421051,2226.507575757576,327,0.2599388379204893
reaco01,2021,87.97252747252746,2080.3956043956046,91,0.24175824175824176
reaco01,2023,88.67093253968254,2130.9900398406376,2043,0.2809593734703867
reddijo01,2021,64.13529411764705,1258.8125,17,0.23529411764705882
reedad01,2017,89.9985927152318,2136.1194029850744,1292,0.28405572755417957
reedad01,2018,88.72511261261262,2156.4896788990827,962,0.27754677754677753
reedaj01,2019,83.18333333333334,1894.8333333333333,12,0.16666666666666666
reedco01,2017,90.73602305475505,2238.1294117647058,507,0.2938856015779093
reedco01,2018,89.45702364394992,2054.7789634146343,807,0.28004956629491945
reedco01,2019,91.752,2111.246376811594,174,0.3103448275862069
reedco01,2020,90.77033898305085,2324.4745762711864,291,0.27835051546391754
reedco01,2021,90.80231213872833,2296.3837209302324,197,0.28426395939086296
reedja02,2021,83.30058139534884,2284.3488372093025,194,0.3402061855670103
reedja02,2022,87.0915309446254,2274.607843137255,307,0.2931596091205212
reedja02,2023,83.88275862068967,2258.2413793103447,106,0.2830188679245283
reidfse01,2018,90.02594339622641,2088.549915397631,684,0.2675438596491228
reidfse01,2019,88.12091503267973,2073.295169946333,732,0.24863387978142076
reidfse01,2020,91.31014492753623,2130.0434782608695,174,0.23563218390804597
reidfse01,2021,90.39746835443037,2058.546835443038,395,0.28860759493670884
reidfse01,2022,90.74833333333333,2066.6644295302012,304,0.3125
reidfse01,2023,93.13841463414634,2097.9573170731705,164,0.36585365853658536
reiniza01,2017,90.65121951219514,2351.6139240506327,170,0.24705882352941178
reiniza01,2018,88.54455696202531,2402.590425531915,437,0.2929061784897025
reiniza01,2019,89.37354596622889,2331.3208661417325,582,0.23195876288659795
reyesal02,2018,90.12876712328767,2248.3521126760565,73,0.2054794520547945
reyesal02,2019,92.19718309859157,2259.1,142,0.2676056338028169
reyesal02,2020,92.74751773049647,2564.6832151300237,498,0.28112449799196787
reyesal02,2021,91.67424798239178,2368.758671586716,1376,0.28415697674418605
reyesde02,2022,85.92564102564101,2027.7863247863247,130,0.2
reyesde02,2023,86.77054455445544,2082.5190839694656,421,0.2209026128266033
reyesfr01,2022,83.04,2052.5,10,0.4
reyesge01,2019,94.45489361702127,2407.713665943601,547,0.3016453382084095
reyesge01,2022,93.28510638297871,2432.2978723404253,47,0.3191489361702128
reyesge01,2023,92.00231481481481,2328.0233644859813,242,0.2809917355371901
reyesje01,2018,92.48607594936708,2155.4210526315787,102,0.27450980392156865
reyesjo01,2018,75.93829787234043,2285.309523809524,48,0.16666666666666666
reyespa01,2022,43.92222222222222,1256.4444444444443,9,0.3333333333333333
reyespa01,2023,56.900000000000006,1623.7045454545455,44,0.18181818181818182
reynoma01,2018,76.39999999999999,2067.3333333333335,3,0.0
reynoma01,2019,78.15238095238095,2129.7619047619046,21,0.14285714285714285
reynoma03,2022,67.75714285714287,1910.904761904762,21,0.14285714285714285
rhameja01,2017,90.96693227091632,2290.984,254,0.23622047244094488
rhameja01,2018,93.24893203883495,2485.737769080235,589,0.298811544991511
rhameja01,2019,91.9099173553719,2451.710743801653,179,0.26256983240223464
richacl01,2017,87.89230258792303,2087.8425772168716,3266,0.2473974280465401
richacl01,2018,87.09580184718725,2164.086901763224,2468,0.24149108589951376
richacl01,2019,87.44409340659341,2198.013736263736,799,0.21777221526908636
richaga01,2017,92.15667276051188,2731.977229601518,589,0.2614601018675722
richaga01,2018,91.67494287890327,2774.4567712318285,1422,0.2848101265822785
richaga01,2019,91.54777070063695,2858.8039215686276,157,0.31210191082802546
richaga01,2020,91.30239912758996,2771.4471101417666,953,0.2728226652675761
richaga01,2021,90.39850042844901,2571.7650343642613,2462,0.24654752233956134
richaga01,2022,90.26963276836157,2218.1906779661017,719,0.26286509040333794
richaly01,2023,90.96168478260869,2154.1553133514985,404,0.22277227722772278
richatr01,2018,86.87589605734767,2131.788235294118,2318,0.26617773943054357
richatr01,2019,86.51101398601399,2231.079615048119,2424,0.2755775577557756
richatr01,2020,86.56493055555556,2209.253472222222,642,0.24454828660436137
richatr01,2021,89.12092365692742,2249.6347992351816,1117,0.2909579230080573
richatr01,2022,88.40008012820513,2312.2387571545382,1256,0.27945859872611467
richatr01,2023,86.99584145549058,2434.739921976593,1551,0.31721470019342357
ridinst01,2021,94.11216216216216,2300.2702702702704,74,0.36486486486486486
riosya01,2017,90.85000000000001,1971.0490566037736,277,0.22743682310469315
riosya01,2018,92.31961414790997,2042.3321554770318,679,0.2650957290132548
riosya01,2019,92.29451476793248,2059.0210970464136,299,0.2709030100334448
riosya01,2020,90.13548387096773,2118.1129032258063,126,0.30952380952380953
riosya01,2021,92.92751091703057,1867.5142231947484,527,0.25806451612903225
riosya01,2023,93.05675675675676,2103.135135135135,98,0.2653061224489796
riverfe01,2017,93.62489082969432,2413.1814977973568,1229,0.3270951993490643
riverfe01,2018,94.08792672772688,2471.7573715248527,1274,0.29591836734693877
riverfe01,2019,93.44344685242518,2608.909188034188,1010,0.3455445544554455
rizzoan01,2018,57.8,1419.5,2,0.0
rizzoan01,2021,66.27333333333334,1781.0666666666666,15,0.3333333333333333
roarkta01,2017,87.76491282689913,2163.617445482866,3286,0.2668898356664638
roarkta01,2018,87.25341909275559,2150.95326786319,3101,0.25153176394711385
roarkta01,2019,87.89498316498317,2185.0872053872054,3206,0.2454772301933874
roarkta01,2020,85.59289678135404,2116.4871794871797,944,0.2584745762711864
roarkta01,2021,84.72232704402515,2194.2169811320755,318,0.25471698113207547
roberda08,2017,87.30875202593192,2608.688065843621,1259,0.30818109610802225
roberda08,2018,87.76504,2653.9975470155355,1284,0.29595015576323985
roberda08,2019,88.39338235294117,2621.345864661654,166,0.3132530120481928
roberda08,2021,89.55531914893616,2580.131205673759,282,0.2978723404255319
roberda08,2022,88.50173553719009,2626.994233937397,1230,0.3032520325203252
roberda08,2023,89.26231244483671,2686.4040671971707,1143,0.30358705161854765
roberda10,2018,75.06363636363636,1689.6363636363637,11,0.09090909090909091
roberda10,2019,79.02857142857144,1785.7142857142858,7,0.14285714285714285
roberda10,2021,70.84,1680.2,10,0.3
roberet01,2022,89.75367231638418,2722.4819277108436,216,0.2361111111111111
robleha01,2017,92.1130939809926,2375.8582089552237,1005,0.2915422885572139
robleha01,2018,93.50051599587204,2420.9451913133403,1072,0.2751865671641791
robleha01,2019,93.63572037510657,2244.798109965636,1244,0.2805466237942122
robleha01,2020,91.76061452513967,2006.6704225352112,397,0.27455919395465994
robleha01,2021,93.33380084151473,2083.524450744153,1437,0.267223382045929
robleha01,2022,92.66449438202247,2184.550561797753,451,0.24390243902439024
rodgebr01,2019,86.33771929824562,2490.5438596491226,163,0.25766871165644173
rodnefe01,2017,90.08866080156402,1969.7399804496579,1045,0.30526315789473685
rodnefe01,2018,90.78760683760684,1972.391452991453,1250,0.2848
rodnefe01,2019,90.13065326633166,1980.416918429003,1072,0.2537313432835821
rodonca01,2017,89.87271186440678,2145.270120259019,1208,0.26655629139072845
rodonca01,2018,89.85762970498473,2227.7880549682877,1966,0.22533062054933875
rodonca01,2019,87.85750636132316,2202.70013568521,861,0.26480836236933797
rodonca01,2020,89.25420560747665,2236.645,214,0.2897196261682243
rodonca01,2021,91.13369191049914,2260.726528854436,2387,0.2999581064097193
rodonca01,2022,91.26462311557788,2373.569845533915,3026,0.29643093192333114
rodonca01,2023,91.01218005295675,2364.354924578527,1160,0.2396551724137931
rodrich01,2021,92.50513307984792,2168.751434034417,584,0.3030821917808219
rodride01,2018,86.610656167979,2122.114435695538,1940,0.2618556701030928
rodride01,2019,86.40383783783783,2131.7620335316387,1895,0.24379947229551452
rodride01,2020,87.30217391304348,2503.076923076923,132,0.25
rodride01,2022,86.53173076923078,2254.3365384615386,104,0.23076923076923078
rodride01,2023,85.40503597122301,1916.8394160583941,144,0.2361111111111111
rodried05,2017,90.63056006493507,2147.630800821355,2631,0.27936145952109465
rodried05,2018,90.49959742351047,2179.5690630048466,2484,0.26288244766505636
rodried05,2019,90.49293276108727,2162.7202757036184,3615,0.2827109266943292
rodried05,2021,89.39443886097153,2107.5145826349312,3052,0.27817824377457406
rodried05,2022,89.71996507566939,2133.362259755387,1718,0.24447031431897556
rodried05,2023,89.77808485792136,2111.2598671356,2718,0.2803532008830022
rodriel02,2022,88.51086206896552,2383.444827586207,580,0.23103448275862068
rodriel02,2023,88.871568627451,2445.4313725490197,117,0.2564102564102564
rodrifr03,2017,85.72436194895593,2005.3781902552205,467,0.3019271948608137
rodrigr01,2023,90.47900848593122,2224.074586869138,2332,0.27615780445969124
rodrije01,2018,91.37008733624454,2289.5366922234393,940,0.22340425531914893
rodrije01,2019,90.1892857142857,2272.7189119170985,837,0.2114695340501792
rodrije01,2021,91.42233009708738,2305.0922330097087,412,0.21601941747572814
rodrijo06,2020,92.66563706563707,1775.6370656370657,285,0.312280701754386
rodrijo06,2023,88.26198347107437,1598.888429752066,256,0.30859375
rodrima01,2021,94.36933333333333,2154.9666666666667,324,0.25308641975308643
rodrima01,2022,92.61477832512315,2206.9950738916255,220,0.21363636363636362
rodrini01,2020,89.32192513368985,2203.483870967742,224,0.28125
rodrini01,2021,88.47553956834531,1993.36690647482,201,0.27860696517412936
rodriri04,2017,91.8801652892562,2165.859728506787,242,0.23140495867768596
rodriri04,2018,89.75483870967743,2233.8809523809523,124,0.25
rodriri05,2017,89.265,2343.176470588235,150,0.26
rodriri05,2018,89.90442477876107,2318.8902654867256,1198,0.3030050083472454
rodriri05,2019,91.44178847807393,2488.37747205503,1221,0.2710892710892711
rodriri05,2021,91.18997188378631,2413.398313027179,1079,0.24096385542168675
rodrise01,2019,84.80909090909091,2114.4545454545455,11,0.45454545454545453
rodriye01,2022,91.22222222222223,2505.8888888888887,18,0.16666666666666666
rodriye01,2023,91.47553956834531,2413.2122302158273,306,0.2777777777777778
roech01,2017,86.67865853658537,2596.859756097561,254,0.3346456692913386
roech01,2018,86.71024643320364,2599.1738002594034,820,0.32926829268292684
roech01,2019,84.7106230847804,2790.054470709147,1009,0.33102081268582756
roech01,2020,84.05911949685536,2760.5072463768115,205,0.40487804878048783
roech01,2021,86.18260869565218,2758.3636363636365,65,0.4153846153846154
rogerja03,2021,74.04117647058824,1727.3529411764705,17,0.23529411764705882
rogerjo01,2018,85.46084905660378,2011.1940298507463,233,0.1888412017167382
rogerjo01,2019,85.58250950570341,2030.6356589147288,372,0.20430107526881722
rogerjo01,2021,86.38161350844277,2028.514071294559,541,0.24399260628465805
rogerjo01,2022,86.64088050314464,2073.490566037736,515,0.21359223300970873
rogerta01,2017,88.10846681922197,2311.6460481099657,947,0.2925026399155227
rogerta01,2018,87.05165975103735,2352.2767094017095,1102,0.32667876588021777
rogerta01,2019,88.34108818011258,2307.157464212679,1168,0.348458904109589
rogerta01,2020,88.41853785900784,2359.2872062663187,421,0.32066508313539194
rogerta01,2021,89.1455782312925,2324.938775510204,753,0.33200531208499334
rogerta01,2022,86.53394736842107,2469.2526315789473,1148,0.34494773519163763
rogerta01,2023,85.36266044340724,2466.291917973462,920,0.33152173913043476
rogertr01,2020,89.28125,2155.343499197432,639,0.28169014084507044
rogertr01,2021,90.07078118256366,2054.047948164147,2389,0.31184596065299286
rogertr01,2022,89.44015932521089,2049.8159624413147,2134,0.2549203373945642
rogertr01,2023,90.04728260869567,2088.6884057971015,565,0.2814159292035398
rogerty01,2019,79.05755395683454,2005.9856115107914,283,0.30742049469964666
rogerty01,2020,78.42037422037421,2067.433962264151,508,0.3346456692913386
rogerty01,2021,77.98934911242603,2023.297391304348,1227,0.26405867970660146
rogerty01,2022,78.13104631217838,2102.467937608319,1201,0.28975853455453787
rogerty01,2023,77.9552380952381,2125.846560846561,1227,0.28198859005704974
rojasjo01,2023,60.74722222222223,1532.75,36,0.2222222222222222
rojasmi02,2023,53.25135135135135,1434.4324324324325,37,0.13513513513513514
romanjo03,2019,90.98906752411575,2214.4754716981133,382,0.25392670157068065
romanjo03,2020,92.11404958677686,2269.6528925619837,273,0.3626373626373626
romanjo03,2021,94.13390854184642,2342.849007765315,1159,0.29594477998274377
romanjo03,2022,91.90280373831776,2180.2257751937987,1070,0.29439252336448596
romanjo03,2023,91.47272727272727,2239.880341880342,1056,0.3096590909090909
romansa01,2017,92.34913217623497,2128.1020547945204,1649,0.27895694360218315
romansa01,2018,91.60789144050104,2107.9729272419627,2512,0.2376592356687898
romansa01,2019,92.63432835820896,2277.93536121673,387,0.3023255813953488
romansa01,2020,92.73,2285.1666666666665,83,0.1566265060240964
romansa01,2021,91.12929061784897,2142.8310185185187,513,0.24366471734892786
romdr01,2023,86.6350223546945,2123.8746268656714,688,0.24563953488372092
romeren01,2017,95.73346693386773,2319.3947368421054,1078,0.2569573283858998
romeren01,2018,91.86971153846154,2272.8028846153848,282,0.2127659574468085
romerfe01,2018,92.60031249999999,2032.784501061571,1004,0.25796812749003983
romerfe01,2019,93.9564748201439,2274.904411764706,366,0.24863387978142076
romerjh01,2021,91.22820512820512,2011.4871794871794,78,0.24358974358974358
romerjh01,2022,89.26280991735538,1955.5785123966941,141,0.2907801418439716
romerjo01,2020,90.49823529411765,2218.0529411764705,194,0.25773195876288657
romerjo01,2021,90.89999999999999,2106.9287925696594,324,0.24382716049382716
romerjo01,2022,90.22361623616236,2095.0258302583024,271,0.2693726937269373
romerjo01,2023,89.90032840722496,2090.342105263158,609,0.33497536945812806
romerse01,2020,86.36818181818182,2097.8030303030305,66,0.2878787878787879
romerto01,2022,87.1434554973822,1806.0994764397906,202,0.2722772277227723
rominan01,2017,83.35384615384616,1951.8461538461538,26,0.11538461538461539
rominan01,2018,80.0453125,1894.296875,64,0.15625
rominan01,2021,66.27999999999999,1416.75,15,0.4
rominau01,2018,79.11666666666667,2111.9444444444443,18,0.2222222222222222
rominau01,2019,74.37619047619049,2009.047619047619,21,0.14285714285714285
romose01,2017,80.38885245901639,2584.2388571428573,955,0.32460732984293195
romose01,2018,80.14635004397537,2551.0009182736458,1157,0.30423509075194466
romose01,2019,80.02456813819579,2550.8885416666667,1097,0.31814038286235186
romose01,2020,78.7751937984496,2686.6046511627906,432,0.33564814814814814
romose01,2021,80.18643263757116,2518.1377018043686,1095,0.3141552511415525
romose01,2022,80.42179104477613,2472.731343283582,345,0.26666666666666666
rondoan01,2021,86.34461538461538,2028.2,77,0.24675324675324675
rondoan01,2022,87.95697674418605,1963.4767441860465,86,0.19767441860465115
rondobr01,2017,91.78623853211009,2165.237341772152,403,0.28287841191067
rondobr01,2018,91.94409836065574,2209.4415807560135,652,0.26380368098159507
rondohe01,2017,92.4748623853211,2194.917903066271,1109,0.2678088367899008
rondohe01,2018,93.3288367546432,2133.878504672897,1071,0.2950513538748833
rondohe01,2019,92.89575518262586,2146.1643690349947,1077,0.24326833797585887
rondohe01,2020,91.52362385321102,2125.9080459770116,452,0.2588495575221239
rondojo02,2019,55.50000000000001,1170.5,15,0.2
rosaad01,2019,87.021875,2327.7741935483873,43,0.20930232558139536
rosarra01,2017,91.534375,2081.609375,83,0.26506024096385544
rosarra01,2018,90.38743243243243,2037.0381895332391,815,0.24171779141104294
rosarra01,2019,91.75937499999999,2074.8173515981734,304,0.26973684210526316
rosarra01,2020,88.92673267326731,1961.0520833333333,121,0.256198347107438
rosenke01,2022,84.90880829015545,1954.740932642487,193,0.23316062176165803
rosenke01,2023,84.83360258481422,1970.6526655896607,717,0.26778242677824265
rosentr01,2017,95.58253968253969,2336.222222222222,965,0.32020725388601035
rosentr01,2019,95.15781990521329,2294.9628712871286,498,0.25100401606425704
rosentr01,2020,94.92922465208747,2363.1932270916336,534,0.34831460674157305
rosscza01,2017,89.82374100719424,2253.214814814815,152,0.3157894736842105
rosscza01,2018,88.71625,2225.1888412017165,273,0.32234432234432236
rosscza01,2019,88.6046511627907,2286.8347107438017,458,0.32532751091703055
rosscza01,2021,86.08260869565218,2304.31884057971,82,0.3048780487804878
rossjo01,2017,88.49627749576989,1899.9083969465648,1345,0.30111524163568776
rossjo01,2018,90.4588,1944.004,250,0.216
rossjo01,2019,91.22947368421052,2049.7928221859706,1355,0.24280442804428043
rossjo01,2021,90.41498868778281,2022.8771331058022,1811,0.3014908890115958
rossmbu01,2022,94.70555555555556,2088.8888888888887,18,0.3333333333333333
rossora01,2020,90.91913875598085,2526.846153846154,244,0.27049180327868855
rossora01,2021,90.7587234042553,2441.1191489361704,235,0.2553191489361702
rossro01,2017,86.77300613496932,2228.6481481481483,251,0.28286852589641437
rossty01,2017,88.87683557394001,2562.22268907563,968,0.2024793388429752
rossty01,2018,88.10957148578294,2568.064182194617,2603,0.2669996158278909
rossty01,2019,87.7117845117845,2512.5191570881225,755,0.25695364238410595
rowenbe01,2021,75.63233830845772,2273.636815920398,235,0.3021276595744681
rowlech01,2017,86.01100323624595,2325.058631921824,328,0.24085365853658536
rowlech01,2018,85.62666666666668,2270.9333333333334,87,0.3218390804597701
ruary01,2018,86.6,1959.125,8,0.375
rucindr01,2017,88.7784090909091,1943.5352112676057,158,0.26582278481012656
rucindr01,2018,90.85169340463459,1980.35477582846,606,0.24092409240924093
rucindr01,2023,86.59039408866997,1960.4975369458127,457,0.23194748358862144
ruckemi01,2021,89.62979591836736,2343.944897959184,528,0.2765151515151515
ruckemi01,2022,89.34232922732363,2329.002317497103,983,0.25839267548321465
ruckemi01,2023,90.13610354223432,2384.6643835616437,791,0.23640960809102401
rufda01,2021,75.21904761904763,1862.2380952380952,21,0.14285714285714285
rufda01,2022,60.15714285714286,1516.0,14,0.14285714285714285
ruizca01,2017,80.42,1818.4666666666667,30,0.2
ruizjo01,2017,93.27333333333333,2295.5333333333333,52,0.21153846153846154
ruizjo01,2018,91.76931818181819,2256.8023255813955,94,0.23404255319148937
ruizjo01,2019,92.99685452162517,2261.8658698539175,809,0.2546353522867738
ruizjo01,2020,93.32,2345.7166666666667,113,0.23008849557522124
ruizjo01,2021,92.53681214421252,2335.053130929791,1128,0.2765957446808511
ruizjo01,2022,92.13004405286344,2205.895154185022,1182,0.2571912013536379
ruizjo01,2023,91.73861144945188,2121.1144945188794,855,0.2596491228070175
ruizno01,2022,89.27459016393442,2292.773224043716,366,0.23497267759562843
rumbeni01,2018,89.0945205479452,1849.5951557093426,299,0.24749163879598662
rumbeni01,2019,88.94500000000001,1895.2,89,0.3258426966292135
runzlda01,2017,92.05555555555556,2199.6266666666666,118,0.2711864406779661
rusinch01,2017,88.37464342313788,2182.1681205392547,1275,0.2784313725490196
rusinch01,2018,87.87810894141829,2251.304526748971,1005,0.25472636815920396
rusinch01,2019,86.96756756756757,2167.027027027027,46,0.17391304347826086
rusinch01,2020,84.06103896103896,2324.038961038961,134,0.3880597014925373
rutleja01,2023,91.76424870466322,2204.7176165803107,386,0.23316062176165803
ryanjo04,2021,87.2492718446602,2184.9053398058254,430,0.30697674418604654
ryanjo04,2022,87.82976045473,2188.91311408851,2463,0.27202598457166055
ryanjo04,2023,88.12785164450665,2048.607581607582,2908,0.281636863823934
ryanky01,2017,88.86147540983606,2079.9745762711864,222,0.27927927927927926
ryanky01,2019,87.39171322160149,2127.807476635514,1154,0.2668977469670711
ryanky01,2020,85.92371134020618,2003.4707903780068,325,0.25846153846153846
ryanky01,2021,87.19244444444446,1899.0233644859813,225,0.2577777777777778
ryanry01,2023,88.76153846153846,2191.3846153846152,41,0.1951219512195122
ryuhy01,2017,83.82649289099527,1986.4124347413383,2213,0.2901039313149571
ryuhy01,2018,84.8999404761905,2058.6595238095238,1748,0.29576659038901604
ryuhy01,2019,84.73198992443324,1970.201516793066,2867,0.27973491454482036
ryuhy01,2020,83.53254035683942,1927.2344944774852,1216,0.26151315789473684
ryuhy01,2021,84.29369968498425,1920.6387232549982,2857,0.28106405320266015
ryuhy01,2022,83.02064220183486,1980.782110091743,436,0.2545871559633027
ryuhy01,2023,82.10289156626506,1980.5831325301206,830,0.27349397590361446
rzepcma01,2017,89.51740000000001,2169.6161616161617,625,0.2464
rzepcma01,2018,88.5018779342723,2140.737089201878,277,0.2924187725631769
saalfan01,2023,88.49547038327525,2119.452961672474,308,0.2305194805194805
sadleca02,2018,89.78837209302324,2271.1976744186045,144,0.2708333333333333
sadleca02,2019,88.99813218390804,2559.343930635838,805,0.2670807453416149
sadleca02,2020,87.1570652173913,2647.198879551821,425,0.31529411764705884
sadleca02,2021,86.8161858974359,2532.909967845659,688,0.30523255813953487
sadzeco01,2018,92.40421686746987,2385.909638554217,190,0.2631578947368421
sadzeco01,2019,92.69725400457665,2273.4851258581234,515,0.27184466019417475
sadzeco01,2022,90.85416666666667,2276.7708333333335,72,0.3472222222222222
salasfe01,2017,88.89111111111112,2115.999030067895,1062,0.2645951035781544
salasfe01,2018,87.88422425032594,2095.2650918635172,799,0.2665832290362954
salasfe01,2019,86.85081967213115,1984.655737704918,61,0.16393442622950818
salazda01,2017,91.31334017444843,2262.5417525773196,2153,0.3009753831862517
salazda01,2019,81.2969696969697,1742.142857142857,66,0.22727272727272727
salazed01,2023,90.60041841004184,2050.73640167364,239,0.2175732217573222
salech01,2017,88.26983333333334,2286.63507504169,3756,0.3250798722044728
salech01,2018,88.19121190644933,2338.8352232459247,2935,0.34582623509369675
salech01,2019,86.47200811359026,2350.720892494929,2526,0.334916864608076
salech01,2021,87.60415754923415,2239.978021978022,914,0.2899343544857768
salech01,2022,88.2,2227.872549019608,102,0.3235294117647059
salech01,2023,86.84770857814335,2182.048823529412,1782,0.2962962962962963
samarje01,2017,90.22920616113745,2377.7461447212336,3515,0.27852062588904697
samarje01,2018,88.52418952618454,2407.365336658354,915,0.2185792349726776
samarje01,2019,88.63177966101696,2461.630069238378,3208,0.24750623441396508
samarje01,2020,86.63529411764706,2485.026548672566,381,0.2230971128608924
sampsad01,2018,88.87463126843659,2062.23598820059,383,0.1618798955613577
sampsad01,2019,88.95656565656564,2187.506763285024,2170,0.2400921658986175
sampsad01,2021,88.96805054151625,1993.601083032491,554,0.22382671480144403
sampsad01,2022,89.42060212514758,2121.10765401369,1740,0.2293103448275862
sanabca01,2020,88.97551020408163,2297.6326530612246,72,0.3194444444444444
sanchaa01,2017,91.97152209492636,2387.7381342062195,723,0.23098201936376211
sanchaa01,2018,90.63368655883994,2272.3948689347462,1904,0.25787815126050423
sanchaa01,2019,89.00134490238612,2300.124078091106,2429,0.2577192260189378
sanchaa01,2021,83.7763025210084,2056.14551607445,643,0.24572317262830481
sanchaa01,2022,88.00357852882703,2230.1447105788425,1022,0.24853228962818003
sanchan01,2017,86.57960064759848,2084.013691128149,2022,0.27002967359050445
sanchan01,2018,86.13937471681014,2084.7294889826535,2304,0.2829861111111111
sanchan01,2019,86.32619359058208,2082.459,3135,0.2523125996810207
sanchan01,2020,84.6122428991185,1919.4632713026444,1060,0.2481132075471698
sanchan01,2022,85.25917207792207,1894.5665584415585,1315,0.22357414448669202
sanchan03,2017,92.12740384615384,2223.403846153846,208,0.24519230769230768
sanchca01,2020,58.17692307692308,1357.6153846153845,13,0.15384615384615385
sanchca01,2022,62.42666666666666,1411.6,15,0.0
sanchcr01,2021,90.20557768924303,2009.8844621513945,251,0.24701195219123506
sanchcr01,2022,89.83067567567569,2004.2556053811659,746,0.2640750670241287
sanchcr01,2023,86.84217948717948,1974.1742765273311,1560,0.2967948717948718
sanchmi01,2021,90.22079831932773,1920.109243697479,539,0.2597402597402597
sanchmi01,2022,90.40379146919432,1861.895238095238,253,0.2885375494071146
sanchri01,2020,87.2569536423841,2220.948717948718,151,0.2582781456953642
sanchsi01,2020,93.43925501432663,2106.304160688666,698,0.2636103151862464
sandeph01,2022,82.32232558139535,2137.26511627907,228,0.2236842105263158
sandlni01,2021,87.27562189054726,2435.453488372093,651,0.3317972350230415
sandlni01,2022,86.61343669250647,2344.0284974093265,784,0.2755102040816326
sandlni01,2023,85.40736137667305,2389.1445086705203,1064,0.30357142857142855
sandopa01,2018,78.97272727272725,2324.181818181818,11,0.36363636363636365
sandopa01,2019,78.86,2007.111111111111,10,0.1
sandopa02,2019,87.31968295904888,2015.9435483870968,757,0.2774108322324967
sandopa02,2020,87.71944869831547,2087.5941358024693,694,0.2737752161383285
sandopa02,2021,87.83938356164384,2066.439393939394,1577,0.3119847812301839
sandopa02,2022,87.49218241042345,2134.4166666666665,2524,0.2856576862123613
sandopa02,2023,87.10458015267176,2129.7437282902356,2650,0.2788679245283019
sandsco01,2022,86.82302839116718,2212.6319115323854,661,0.2617246596066566
sandsco01,2023,89.00934256055362,2169.9221453287196,624,0.25
sanmare01,2021,85.55027624309392,2209.303867403315,202,0.3118811881188119
sanmare01,2022,86.5800193986421,2205.3596837944665,1050,0.26857142857142857
sanmare01,2023,85.85202492211837,2178.96875,375,0.25333333333333335
santade01,2018,87.65,2429.714285714286,85,0.27058823529411763
santade01,2019,87.91826923076923,2588.201923076923,206,0.3300970873786408
santade01,2020,88.5155487804878,2475.2153846153847,362,0.3674033149171271
santade01,2021,90.14583333333333,2457.064308681672,981,0.27522935779816515
santade01,2022,91.40585317460318,2485.40376984127,1038,0.27842003853564545
santade01,2023,90.3108626198083,2408.145214521452,329,0.3161094224924012
santaed01,2017,91.7542372881356,2219.101694915254,349,0.3553008595988539
santaed01,2018,91.37233584499461,2300.120559741658,1001,0.2837162837162837
santaed01,2021,91.42094395280236,2211.8466076696163,702,0.2777777777777778
santaer01,2017,89.06669699727026,2181.3223407694795,3405,0.24904552129221733
santaer01,2018,85.30373831775701,2026.3714285714286,429,0.20512820512820512
santaer01,2019,86.16825396825396,2114.894389438944,355,0.18028169014084508
santaer01,2021,88.51495766698024,2234.309501411101,1153,0.25845620121422375
santihe01,2017,86.89375506893755,2128.7471169686987,1335,0.24344569288389514
santihe01,2018,87.45663316582915,2080.8719112455874,2101,0.26368396001903854
santihe01,2019,88.34011220196354,2088.550561797753,814,0.3034398034398034
santihe01,2021,87.7804480651731,2010.9042769857433,491,0.2729124236252546
santito01,2021,89.99802890932983,2181.8738501971093,828,0.2995169082125604
santito01,2022,91.25857843137256,2249.3186274509803,464,0.29094827586206895
santito01,2023,89.70508474576272,2064.537037037037,59,0.3050847457627119
santoan02,2020,89.67953216374268,1905.1988304093568,192,0.22916666666666666
santoan02,2021,90.75125628140704,2063.422110552764,199,0.24623115577889448
santogr01,2021,93.15849056603773,2397.9245283018868,67,0.22388059701492538
santogr01,2022,93.09104477611942,2416.7014925373132,67,0.23880597014925373
santogr01,2023,94.77741020793951,2456.5317535545023,1114,0.3096947935368043
santolu01,2017,88.31897810218977,2315.4765625,274,0.2956204379562044
santolu01,2018,89.00106100795756,2346.758333333333,462,0.31385281385281383
sardilu01,2017,77.53125,1862.8125,16,0.1875
sauceta01,2021,89.68171296296296,2363.7453703703704,432,0.2638888888888889
sauceta01,2022,87.89922480620154,2334.294573643411,129,0.32558139534883723
sauceta01,2023,87.25564005069708,2315.463786531131,839,0.3039332538736591
saupowa01,2017,89.7491260349586,2232.2163904235726,1144,0.229020979020979
saupowa01,2018,87.99046849757674,2228.8465266558965,712,0.1896067415730337
sawamhi01,2021,92.8299900695134,1845.2417910447762,1062,0.2617702448210923
sawamhi01,2022,93.06475972540046,1886.8633754305397,895,0.25027932960893856
sborzjo01,2019,91.02688679245283,2252.5285714285715,239,0.23430962343096234
sborzjo01,2020,92.67948717948717,2272.9859154929577,90,0.18888888888888888
sborzjo01,2021,91.99230769230769,2227.0834105653385,1138,0.281195079086116
sborzjo01,2022,91.9510739856802,2260.0310262529833,463,0.3390928725701944
sborzjo01,2023,90.70269461077845,2237.3016983016983,1086,0.3149171270718232
scahiro01,2017,91.9060941828255,2438.8146067415732,425,0.2188235294117647
scahiro01,2018,89.83636363636363,2464.5915492957747,149,0.2483221476510067
sceroma01,2021,87.75275590551182,2329.0984251968503,285,0.24561403508771928
schepta01,2017,88.43557692307692,2447.2912621359224,214,0.2336448598130841
scherma01,2017,89.03159689922481,2335.4219395866453,3347,0.3125186734389005
scherma01,2018,89.38839080459769,2302.4565727699533,3686,0.3347802495930548
scherma01,2019,89.71830085261877,2344.307001239157,3483,0.32472006890611543
scherma01,2020,89.38061538461538,2328.4815384615385,1359,0.30022075055187636
scherma01,2021,89.17404724409448,2286.2775677378704,3251,0.31621039680098434
scherma01,2022,88.39526774595268,2277.9075738125803,2409,0.3038605230386052
scherma01,2023,87.82724999999999,2262.6739285714284,2871,0.28700801114594215
schlibr01,2019,92.025748502994,2078.1676646706587,182,0.25274725274725274
schmicl01,2020,90.5579365079365,2589.2678571428573,183,0.29508196721311475
schmicl01,2021,88.51958041958044,2520.8591549295775,143,0.22377622377622378
schmicl01,2022,89.31783154121865,2678.929338103757,1118,0.3032200357781753
schmicl01,2023,88.93958545701665,2766.788972089857,2968,0.28369272237196763
scholje01,2023,86.72404975812024,2156.945404284727,1512,0.2526455026455027
schoojo01,2023,73.95294117647059,1847.7058823529412,17,0.35294117647058826
schrejo01,2019,87.36506024096386,2150.289156626506,254,0.3031496062992126
schrejo01,2020,84.90735785953179,2165.7046979865772,335,0.26865671641791045
schrejo01,2021,88.05714285714285,2256.2678571428573,70,0.2571428571428571
schrejo01,2022,89.0713725490196,2321.9872549019606,1075,0.3097674418604651
schrejo01,2023,88.15564159292035,2325.7047724750278,958,0.2985386221294363
schroma01,2020,70.1125,1847.125,8,0.25
schroma01,2021,62.85333333333334,1544.2666666666667,15,0.2
schroma01,2022,57.06538461538461,1508.1923076923076,26,0.038461538461538464
schugaj01,2017,86.94623430962343,2047.0292887029289,580,0.2482758620689655
schulja02,2018,92.69142367066895,2403.128644939966,608,0.2680921052631579
schulja02,2019,91.23666666666666,2483.060344827586,167,0.2155688622754491
schwifr01,2022,51.72380952380953,1290.404761904762,42,0.14285714285714285
scottro02,2017,83.41956155143339,2175.134907251265,698,0.2621776504297994
scottro02,2018,84.03939393939395,2154.2727272727275,224,0.23214285714285715
scottro02,2019,82.91282051282052,2188.271276595745,242,0.2727272727272727
scottta01,2017,95.1837837837838,2427.6857142857143,49,0.32653061224489793
scottta01,2018,93.31630094043888,2523.537960954447,1011,0.2799208704253215
scottta01,2019,92.93520518358531,2473.707656612529,537,0.25139664804469275
scottta01,2020,93.25819672131148,2681.163434903047,409,0.3105134474327628
scottta01,2021,92.56336448598131,2619.930776426567,1111,0.28982898289828984
scottta01,2022,92.09127413127413,2667.664335664336,1321,0.3080999242997729
scottta01,2023,92.84734375000001,2667.086854460094,1285,0.34552529182879377
scottta02,2019,92.04265536723163,2470.441926345609,382,0.23036649214659685
scottta02,2022,88.09372549019608,2524.643137254902,276,0.322463768115942
scottta02,2023,88.56774193548387,2408.6236559139784,440,0.25227272727272726
scribev01,2017,83.69328358208955,2317.1417910447763,200,0.32
scribtr01,2017,83.1261780104712,2048.6315789473683,383,0.27154046997389036
scribtr01,2018,81.9204081632653,1966.3469387755101,114,0.2631578947368421
scruban01,2020,86.7778409090909,2534.7485714285713,563,0.2753108348134991
scruban01,2021,87.86847826086957,2520.1304347826085,400,0.305
seaboco01,2021,86.78837209302324,2199.6744186046512,52,0.28846153846153844
seaboco01,2022,87.74621621621621,2171.42972972973,384,0.24739583333333334
seaboco01,2023,88.49306872037914,2168.248812351544,1726,0.26013904982618774
searsjp01,2022,88.02297520661158,2196.3540115798182,1210,0.2694214876033058
searsjp01,2023,87.66508370345063,2187.9041424169804,3028,0.25957727873183617
sedloco01,2022,86.28588235294117,2083.2823529411767,103,0.2815533980582524
selbyco01,2023,91.07495029821072,2447.3220675944335,503,0.2962226640159046
selmasa01,2019,84.13978494623657,2415.921787709497,187,0.27807486631016043
selmasa01,2020,84.61766233766234,2539.8828125,398,0.32663316582914576
selmasa01,2021,86.02054263565893,2393.2553606237816,586,0.23720136518771331
selmasa01,2022,84.61491525423729,2247.169491525424,341,0.2756598240469208
sengako01,2023,89.4495682210708,2105.0176715176717,2942,0.26308633582596874
senzaan01,2017,91.05960735171261,2155.917395104895,2555,0.25244618395303325
senzaan01,2018,89.6091533180778,2115.426180514047,1801,0.2670738478622987
senzaan01,2019,89.75824765310685,2116.3004115226336,2277,0.2178304787000439
senzaan01,2020,90.20435855263158,2163.9579554822753,1247,0.25100240577385724
senzaan01,2021,90.3531392931393,2091.1232819658476,2457,0.24582824582824583
senzaan01,2022,90.41156032849021,2123.2590246991767,1583,0.21288692356285535
senzaan01,2023,90.35416666666667,2082.741666666667,120,0.21666666666666667
servebr01,2022,73.2125,1762.25,8,0.125
severan01,2022,91.90751879699248,2009.172932330827,159,0.31446540880503143
severlu01,2017,92.99458977407849,2321.7099384914213,3509,0.29296095753776
severlu01,2018,92.86845130066546,2425.144904458599,3442,0.2925624636839047
severlu01,2019,91.86040100250628,2307.984455958549,399,0.2882205513784461
severlu01,2021,90.78253968253969,2183.6984126984125,126,0.25396825396825395
severlu01,2022,92.00670419651996,2211.953642384106,1971,0.27600202942668695
severlu01,2023,91.56034392912976,2227.8964976476736,1919,0.24804585721730069
sewalpa01,2017,88.3428697962799,2305.0019267822736,1234,0.2941653160453809
sewalpa01,2018,87.11229895931882,2205.7423312883434,1133,0.2736098852603707
sewalpa01,2019,88.2760606060606,2281.9310344827586,365,0.28493150684931506
sewalpa01,2020,87.87519379844962,2157.031007751938,161,0.2484472049689441
sewalpa01,2021,87.89393115942029,2331.470961887477,1176,0.342687074829932
sewalpa01,2022,87.8240671641791,2459.048552754435,1113,0.3252470799640611
sewalpa01,2023,88.84621149042465,2508.2361344537817,1252,0.3035143769968051
shackke01,2017,91.90386847195359,2539.3137254901962,550,0.2581818181818182
shackke01,2018,91.03011363636364,2537.6923076923076,252,0.3055555555555556
shafeju01,2018,90.60342465753425,2337.419117647059,176,0.19886363636363635
shafeju01,2019,90.99112021857924,2459.2507288629736,813,0.26691266912669126
shafeju01,2020,87.20357142857142,2504.7678571428573,119,0.23529411764705882
sharpst01,2020,87.07362637362637,1919.9226519337017,219,0.2648401826484018
shawami01,2019,87.02429501084599,2304.468271334792,511,0.299412915851272
shawbr01,2017,93.03566487317448,2464.5826287471177,1413,0.25548478414720455
shawbr01,2018,91.8728494623656,2490.6463195691204,1134,0.25308641975308643
shawbr01,2019,89.86009070294784,2379.778787878788,1347,0.23756495916852263
shawbr01,2020,88.3093023255814,2413.6372093023256,225,0.22666666666666666
shawbr01,2021,90.89630419331912,2384.725978647687,1489,0.25386165211551376
shawbr01,2022,91.13115423901942,2358.932307692308,1011,0.2324431256181998
shawbr01,2023,89.76270753512134,2373.7710997442455,844,0.2476303317535545
sheehem01,2023,91.0510889292196,2234.8944773175544,1102,0.26225045372050815
sheffjo01,2021,93.69895615866389,2558.9212765957445,536,0.26119402985074625
sheffjo01,2022,91.27931034482759,2431.448275862069,94,0.19148936170212766
sheffju01,2018,90.38421052631578,2136.7368421052633,121,0.23140495867768596
sheffju01,2019,88.95042492917847,1984.6905537459284,716,0.2849162011173184
sheffju01,2020,87.47249999999998,2087.9454545454546,934,0.28051391862955033
sheffju01,2021,87.54176870748299,2149.0439258750857,1584,0.24179292929292928
sheffju01,2022,87.3122905027933,2113.8659217877093,210,0.21904761904761905
shephch01,2019,88.25911949685535,2095.608832807571,318,0.25471698113207547
sherfji01,2017,86.27964601769914,2423.2589285714284,226,0.3053097345132743
sherfji01,2018,85.09017543859649,2328.6702508960575,296,0.28378378378378377
sherfji01,2019,83.63544303797468,2338.2944297082227,429,0.31002331002331
sherfji01,2021,85.64774436090225,2532.9887218045114,335,0.3582089552238806
sherrry01,2017,89.32339449541284,2107.385714285714,277,0.30685920577617326
sherrry01,2018,88.88252427184467,2150.1941747572814,143,0.2727272727272727
sherrry01,2020,88.23270440251572,2115.7169811320755,183,0.273224043715847
sherrry01,2021,87.30107913669065,2298.3718411552345,319,0.28213166144200624
sherrry01,2023,84.88941176470588,2318.176470588235,188,0.31382978723404253
shielja02,2017,84.83512170889219,2294.8906093906094,2168,0.25322878228782286
shielja02,2018,84.7468542044767,2216.5705186533214,3394,0.250736593989393
shiplbr01,2017,88.47428571428571,2069.956989247312,568,0.22887323943661972
shiplbr01,2018,87.40666666666668,2061.616666666667,133,0.2631578947368421
shoemma01,2017,87.64674603174603,1885.999202551834,1428,0.2696078431372549
shoemma01,2018,87.23344651952462,1854.6911262798635,683,0.2767203513909224
shoemma01,2019,86.56363636363638,1789.9903846153845,568,0.3028169014084507
shoemma01,2020,87.23679833679834,1862.3555093555094,525,0.3142857142857143
shoemma01,2021,86.99413309982486,1833.0035118525022,1179,0.2536047497879559
shortza01,2023,62.472,1482.49,100,0.14
shrevch01,2017,87.96568742655698,2003.767414403778,931,0.2738990332975295
shrevch01,2018,88.63200795228627,1999.7018943170488,1070,0.2672897196261682
shrevch01,2019,87.86904761904762,2010.7619047619048,129,0.17054263565891473
shrevch01,2020,87.29221967963386,1931.1009174311926,483,0.29606625258799174
shrevch01,2021,86.13025210084034,1838.4252336448599,1071,0.25023342670401494
shrevch01,2022,86.06022944550669,1831.0671785028792,523,0.27915869980879543
shrevch01,2023,85.31928994082841,1748.1848341232228,866,0.28752886836027713
shuckja01,2019,89.63076923076923,2250.769230769231,13,0.15384615384615385
shustja01,2023,87.17242841993638,2006.0148777895856,1055,0.2616113744075829
siegrke01,2017,86.97411764705882,2079.819526627219,734,0.30926430517711173
silsech01,2022,89.53493013972056,2117.6586826347307,501,0.27944111776447106
silsech01,2023,89.88198198198198,2274.775604142693,1012,0.2855731225296443
simmoan01,2022,49.08,1251.4,25,0.16
simmosh01,2017,91.04916666666666,2385.4789915966385,161,0.32919254658385094
simslu01,2017,87.24781725888326,2348.298067141404,1029,0.27696793002915454
simslu01,2018,88.07467948717947,2414.7524115755627,437,0.23569794050343248
simslu01,2019,88.23794940079895,2764.029282576867,814,0.3058968058968059
simslu01,2020,87.83295238095239,2923.7323943661972,564,0.34397163120567376
simslu01,2021,88.72553956834533,2834.834532374101,847,0.34238488783943327
simslu01,2022,87.23643410852713,2688.248062015504,129,0.24806201550387597
simslu01,2023,87.97294228949858,2844.118371212121,1116,0.2939068100358423
singebr01,2020,89.23529411764706,2291.7158878504674,1122,0.3163992869875223
singebr01,2021,90.3080891998251,2307.505032822757,2415,0.3047619047619048
singebr01,2022,90.08265993265994,2308.6624579124577,2451,0.29906160750713995
singebr01,2023,88.42278899082568,2294.2615101289134,2770,0.27978339350180503
sippto01,2017,86.08869309838472,2027.3595679012346,746,0.25335120643431636
sippto01,2018,86.95842026825633,1948.8169014084508,745,0.2912751677852349
sippto01,2019,85.61046831955923,1857.6790830945558,363,0.24517906336088155
sittibr01,2021,90.4375,2176.6125,80,0.175
skaggty01,2017,86.29597701149426,2342.4166666666665,1460,0.29178082191780824
skaggty01,2018,85.72297297297297,2272.9757688723207,2283,0.2724485326325011
skaggty01,2019,84.64444444444446,2254.616883116883,1468,0.2608991825613079
skogler01,2017,88.2046511627907,2208.309090909091,387,0.2144702842377261
skogler01,2018,87.82992633517495,2102.758389261745,1156,0.22750865051903113
skogler01,2019,86.2154430379747,2004.0659898477156,395,0.17721518987341772
skubata01,2020,89.85905245346869,2258.5583756345177,634,0.26025236593059936
skubata01,2021,89.4965322009908,2033.182784272051,2837,0.27106097990835387
skubata01,2022,90.03773937412424,2050.0313230481534,2141,0.28117702008407286
skubata01,2023,89.96658456486043,2007.113393590797,1218,0.3078817733990148
slanida01,2017,86.16875,1889.6666666666667,28,0.03571428571428571
slateau01,2021,71.31666666666668,1574.3333333333333,6,0.16666666666666666
slegeaa01,2017,88.19870129870131,1953.9434782608696,259,0.20463320463320464
slegeaa01,2018,88.14583333333333,1944.4537037037037,276,0.22826086956521738
slegeaa01,2019,87.8547619047619,1986.7857142857142,95,0.14736842105263157
slegeaa01,2020,88.9646186440678,1981.6525423728813,545,0.22752293577981653
slegeaa01,2021,89.35840266222961,1976.4916387959865,619,0.2665589660743134
smallet01,2022,85.23863636363636,1872.1136363636363,146,0.2808219178082192
smallet01,2023,87.67999999999999,1931.2166666666667,169,0.30177514792899407
smeltde01,2019,84.18839848675914,2349.3476611883693,793,0.25346784363177804
smeltde01,2020,81.92984126984126,2150.5585284280937,367,0.2888283378746594
smeltde01,2021,81.32222222222221,2140.314814814815,130,0.2846153846153846
smeltde01,2022,83.80834028356962,2150.769808173478,1238,0.2617124394184168
smeltde01,2023,83.48033240997229,2087.8836565096954,414,0.26811594202898553
smithaj01,2023,89.15660749506903,2055.189349112426,563,0.23268206039076378
smithbu03,2018,87.93046820405311,2062.5527603074775,1582,0.27939317319848295
smithbu03,2019,87.99011764705881,2233.484705882353,486,0.25102880658436216
smithbu03,2020,90.68888888888888,2384.529411764706,198,0.3434343434343434
smithbu03,2021,89.3604748603352,2251.266759776536,762,0.2572178477690289
smithca02,2017,88.61870503597122,2518.189781021898,139,0.28776978417266186
smithca02,2018,88.73079847908747,2424.383141762452,339,0.3480825958702065
smithca03,2017,88.51734104046243,2151.0648967551624,415,0.27228915662650605
smithca03,2018,88.48904899135448,2281.625278810409,1561,0.27418321588725175
smithca03,2019,87.71807591131154,2310.472631181578,2753,0.2811478387213948
smithca03,2020,86.73086419753086,2390.9547872340427,417,0.2973621103117506
smithca03,2021,86.96554024010672,2378.186387900356,2343,0.27955612462654716
smithca03,2022,87.69940029985007,2332.603759398496,1395,0.2716845878136201
smithdr01,2018,91.7406896551724,2405.6436781609195,495,0.23434343434343435
smithdr01,2020,90.16734693877551,2514.401360544218,147,0.2857142857142857
smithdr01,2021,90.90436817472698,2510.560062402496,649,0.2850539291217257
smithdr01,2022,90.36474201474202,2598.6765432098764,817,0.29498164014687883
smithdr01,2023,90.26614310645724,2519.0514834205933,1173,0.2549019607843137
smithjo05,2017,86.17717391304349,2112.3544303797466,889,0.3194600674915636
smithjo05,2018,84.54850213980029,2153.1461318051574,743,0.2812920592193809
smithjo05,2019,84.36810344827587,2179.941964285714,464,0.3232758620689655
smithjo05,2021,82.9561119293078,2019.2271386430677,697,0.28407460545193686
smithjo05,2022,82.50677618069815,2020.0143737166325,493,0.23529411764705882
smithjo07,2017,87.46638225255973,2416.0573913043477,618,0.25728155339805825
smithjo07,2019,86.19865092748736,2522.7457627118642,675,0.277037037037037
smithjo07,2020,85.4877755511022,2510.8800856531047,504,0.25396825396825395
smithjo08,2019,86.72364217252397,2748.887043189369,339,0.29793510324483774
smithjo08,2020,85.39166666666667,2702.0714285714284,102,0.2647058823529412
smithmu01,2018,88.77021276595747,1909.5744680851064,55,0.21818181818181817
smithri01,2020,88.88680555555555,2191.2673611111113,290,0.30344827586206896
smithri01,2021,88.95451358457494,2191.973707274321,1161,0.2540913006029285
smithwi04,2018,85.88567901234568,2206.7421777221525,813,0.3198031980319803
smithwi04,2019,86.43421300659756,2240.8163653663178,1094,0.31352833638025596
smithwi04,2020,86.59148351648352,2303.9395604395604,411,0.2871046228710462
smithwi04,2021,86.55209003215433,2256.090032154341,1293,0.29930394431554525
smithwi04,2022,85.64010152284264,2189.302538071066,1008,0.30257936507936506
smithwi04,2023,85.25182012847965,2251.036480686695,973,0.2918807810894142
smokejo01,2017,89.14815515610218,2131.386298763083,1145,0.2995633187772926
smokejo01,2018,88.81636363636365,2047.2926829268292,257,0.2840466926070039
smolija01,2018,82.3111111111111,1865.4444444444443,9,0.3333333333333333
smylydr01,2019,85.9578756241489,1999.231153496821,2276,0.26449912126537783
smylydr01,2020,87.96376518218624,2230.298780487805,532,0.3082706766917293
smylydr01,2021,85.83646799116998,2076.1536423841058,2366,0.2696534234995773
smylydr01,2022,85.80661636680209,2127.0174216027876,1873,0.25573945541911375
smylydr01,2023,85.03353758169935,2090.749795584628,2547,0.25952100510404397
sneadki01,2021,87.02208835341365,2451.5662650602408,249,0.2891566265060241
sneadki01,2022,88.72602564102564,2546.8652118100126,817,0.2729498164014688
sneadki01,2023,88.039896373057,2506.261780104712,204,0.25980392156862747
sneedcy01,2019,88.63913043478261,2214.756906077348,428,0.2827102803738318
sneedcy01,2020,89.45445026178012,2339.444736842105,436,0.2775229357798165
snellbl01,2017,89.92848351648351,2286.783355350066,2463,0.2553796183516037
snellbl01,2018,90.54503947820118,2285.7815299793247,3058,0.30706344015696535
snellbl01,2019,89.65943491422806,2276.5896012115095,2003,0.29955067398901647
snellbl01,2020,89.97770562770563,2277.6889050036257,1409,0.2782114975159688
snellbl01,2021,90.28687686408182,2318.691552901024,2439,0.27962279622796227
snellbl01,2022,91.589101841413,2382.8496240601503,2689,0.2655262179248791
snellbl01,2023,90.07872474747474,2295.6071428571427,3293,0.2790768296386274
sneltdj01,2018,84.38712121212122,1786.7846153846153,173,0.24277456647398843
snideco01,2022,91.09382504288165,2547.092943201377,623,0.24077046548956663
snideco01,2023,90.80462287104622,2574.5731707317073,445,0.27640449438202247
snydeni01,2021,95.80677966101695,2367.8813559322034,59,0.22033898305084745
snydeni01,2022,93.49574468085106,2472.31914893617,63,0.2857142857142857
sobotch01,2018,92.6904255319149,2532.985294117647,282,0.2730496453900709
sobotch01,2019,91.23941979522185,2690.364746945899,673,0.28826151560178304
sobotch01,2020,89.60312499999999,2697.7613636363635,141,0.2765957446808511
socolmi01,2017,86.7913846153846,1876.0833333333333,402,0.3208955223880597
socolmi01,2018,85.83232323232323,1830.5151515151515,145,0.23448275862068965
sogarer01,2021,66.5985294117647,1637.9117647058824,68,0.17647058823529413
solissa01,2017,88.92302771855013,2291.735607675906,561,0.3244206773618538
solissa01,2018,89.01892617449666,2180.684139784946,813,0.2890528905289053
solomja01,2022,90.79044585987262,2305.503184713376,169,0.2781065088757396
solompe01,2021,87.35531914893618,2171.586626139818,329,0.24924012158054712
solompe01,2023,89.24703389830508,2208.3008474576272,287,0.24041811846689895
soriage01,2023,89.15555555555555,2337.08953613808,945,0.2867724867724868
soriajo01,2017,87.88439024390244,2069.1614481409,1102,0.2894736842105263
soriajo01,2018,88.27904347826086,2208.023560209424,1170,0.27008547008547007
soriajo01,2019,88.437106918239,2343.7833638025595,1177,0.3058623619371283
soriajo01,2020,88.00746268656717,2328.1158798283263,504,0.25
soriajo01,2021,87.92211690363348,2344.2484177215188,655,0.2748091603053435
soriajo02,2023,92.79402985074627,2091.2822822822823,709,0.31734837799717913
sorokmi01,2018,89.96148148148148,2426.8385416666665,436,0.2775229357798165
sorokmi01,2019,88.84933837429112,2348.3292212798765,2647,0.26596146581035135
sorokmi01,2020,87.53266331658291,2290.9396984924624,265,0.25660377358490566
sorokmi01,2023,88.32425828970332,2422.3856893542757,573,0.25654450261780104
sotogr01,2019,92.470990990991,2320.0415129151293,1136,0.23327464788732394
sotogr01,2020,95.27802469135804,2414.945273631841,443,0.3047404063205418
sotogr01,2021,94.59903303787267,2375.6077481840193,1241,0.30620467365028203
sotogr01,2022,96.26986417657045,2367.6760204081634,1178,0.2597623089983022
sotogr01,2023,94.27330960854093,2367.8023255813955,1124,0.32295373665480426
sousabe01,2022,90.17460317460318,2103.314814814815,421,0.28028503562945367
sousabe01,2023,90.68035714285713,2149.8988095238096,201,0.263681592039801
spangco01,2018,76.82000000000001,1896.75,40,0.1
sparkgl01,2017,90.28363636363638,2257.3454545454547,68,0.2647058823529412
sparkgl01,2018,89.95641791044777,2264.4194029850746,714,0.25210084033613445
sparkgl01,2019,88.94522657281126,2275.4074402125775,2337,0.22849807445442877
sparkgl01,2020,88.91439393939395,2215.787878787879,187,0.32085561497326204
speasal01,2023,92.32461538461537,2645.7846153846153,65,0.27692307692307694
speiega01,2019,89.87647058823529,2404.029411764706,159,0.2893081761006289
speiega01,2020,87.16241610738255,2170.0067567567567,172,0.29069767441860467
speiega01,2021,89.85428571428572,1987.8285714285714,115,0.3130434782608696
speiega01,2022,88.63087248322148,2036.234899328859,341,0.21994134897360704
speiega01,2023,91.25869565217394,2084.5089514066494,853,0.3141852286049238
spierca01,2023,88.75017182130586,2263.2233676975943,291,0.23711340206185566
spitzsh01,2021,86.96153846153847,1773.6263736263736,118,0.2288135593220339
sprinje01,2018,87.11247771836007,1977.018691588785,582,0.2869415807560137
sprinje01,2019,87.48164739884393,1971.578635014837,774,0.28552971576227393
sprinje01,2020,86.85111111111111,2011.3407407407408,455,0.35604395604395606
sprinje01,2021,87.61464052287582,2063.5942408376964,845,0.3349112426035503
sprinje01,2022,86.35519630484988,1948.5991678224689,2204,0.2958257713248639
sprinje01,2023,85.6448548812665,1981.208443271768,402,0.4079601990049751
stallja01,2019,77.61428571428573,2050.0,7,0.14285714285714285
stallja01,2023,61.00760869565217,1730.641304347826,92,0.20652173913043478
stammcr01,2017,88.670431372549,2150.5501183898973,1432,0.2807262569832402
stammcr01,2018,89.42044642857142,2137.4205357142855,1220,0.32131147540983607
stammcr01,2019,90.52816,2218.9208,1284,0.2749221183800623
stammcr01,2020,89.73368644067797,2171.1075268817203,498,0.2931726907630522
stammcr01,2021,88.00630220197418,2264.2915717539863,1383,0.27187274041937814
stammcr01,2022,88.30171184022825,2250.4255014326645,732,0.2718579234972678
stanery01,2017,95.2303317535545,2227.292857142857,464,0.2801724137931034
stanery01,2018,94.23496762257169,2196.0225776105362,1142,0.2670753064798599
stanery01,2019,93.75385790679908,2094.1771159874606,1386,0.284992784992785
stanery01,2020,91.93612167300381,2137.391634980989,281,0.26334519572953735
stanery01,2021,93.26011560693641,2010.5717391304347,1399,0.27305218012866334
stanery01,2022,94.05222457627117,2056.731707317073,957,0.2894461859979101
stanery01,2023,94.73474945533769,2132.470911086718,981,0.2579001019367992
stashco01,2019,87.54748743718594,2176.337386018237,400,0.32
stashco01,2020,87.41532258064517,2208.5524193548385,289,0.3494809688581315
stashco01,2021,86.44752475247523,2186.3242574257424,421,0.2755344418052256
stashco01,2022,86.26170212765958,2141.553191489362,247,0.3076923076923077
stassma01,2019,75.97999999999999,1888.8,5,0.2
staumjo01,2019,91.5101226993865,2388.5828220858893,382,0.2643979057591623
staumjo01,2020,93.70469667318982,2524.401960784314,554,0.33754512635379064
staumjo01,2021,91.2940693430657,2413.184306569343,1141,0.2743207712532866
staumjo01,2022,91.41313269493844,2399.4473324213404,784,0.2461734693877551
staumjo01,2023,90.59427792915533,2414.27868852459,434,0.2695852534562212
steckdr01,2017,92.93395415472779,2261.459499263623,745,0.28187919463087246
steckdr01,2018,92.87105492589365,2267.0411198600177,1203,0.28595178719867
steckdr01,2019,90.12742616033755,2265.1495726495727,305,0.2459016393442623
steckdr01,2021,90.51992225461613,2215.4309338521402,1082,0.2643253234750462
steckdr01,2022,91.04615384615384,2149.1293706293704,311,0.21221864951768488
steelju01,2021,89.13288381742737,2532.1295715778474,986,0.27586206896551724
steelju01,2022,88.53641732283465,2531.5108481262328,2095,0.24725536992840094
steelju01,2023,88.77953696788649,2484.385210994967,2789,0.25385442811043385
stephja01,2017,88.7072463768116,2307.021951219512,467,0.24839400428265523
stephja01,2018,90.0617994100295,2301.1066066066064,762,0.2283464566929134
stephja01,2022,88.07919670442841,2253.0298969072164,985,0.2609137055837564
stephja01,2023,87.86238938053098,2273.8141592920356,245,0.2653061224489796
stephro01,2017,89.26463748290014,2273.969199178645,1617,0.2560296846011132
stephro01,2018,87.95349544072948,2299.9756838905773,417,0.26139088729016785
stephro01,2019,88.47172011661807,2577.304174950298,1067,0.31302717900656046
stephro01,2020,86.95744680851064,2678.308510638298,234,0.34615384615384615
stephro01,2021,89.2330873308733,2754.1960542540073,876,0.295662100456621
stephro01,2022,90.04837696335079,2650.3078534031415,958,0.26931106471816285
stephro01,2023,89.54086956521738,2650.14875,805,0.37267080745341613
stephtr01,2021,91.49944134078213,2347.829073482428,1319,0.287338893100834
stephtr01,2022,91.51338028169015,2186.8670212765956,1154,0.3076256499133449
stephtr01,2023,90.26137566137565,2198.867608120035,1194,0.25963149078726966
stewabr01,2017,89.79145299145299,2275.7008547008545,612,0.2434640522875817
stewabr01,2018,87.430625,2143.2088607594937,366,0.226775956284153
stewabr01,2019,87.74803921568628,2290.796370967742,552,0.24818840579710144
stewabr01,2023,92.85302013422819,2420.2888513513512,633,0.34281200631911535
stewako01,2018,90.02245222929936,2119.9744,628,0.2197452229299363
stewako01,2019,87.84973958333335,2269.415143603133,439,0.23690205011389523
stewako01,2021,88.4113924050633,2201.030303030303,270,0.21481481481481482
stievjo01,2020,86.5970802919708,2224.109489051095,137,0.20437956204379562
stievjo01,2021,88.49333333333334,2191.266666666667,50,0.22
stjohlo01,2019,85.05570469798658,2148.0,157,0.21656050955414013
stjohlo01,2022,84.63793103448276,2262.206896551724,54,0.3148148148148148
stockro01,2018,91.45090311986864,2349.495854063018,674,0.30415430267062316
stockro01,2019,91.00496183206107,2415.5078125,334,0.2844311377245509
stockro01,2020,92.0455223880597,2235.6490566037737,268,0.23507462686567165
stockro01,2021,91.45439560439561,2146.1153846153848,200,0.25
stonega01,2023,90.11371115173674,1965.998171846435,609,0.30049261083743845
storedr01,2017,85.13421342134214,2290.1563192904655,967,0.2688728024819028
stoudle01,2023,88.26964285714287,2128.2760180995474,266,0.2894736842105263
stouter01,2018,87.78627450980393,2112.5625,97,0.29896907216494845
stouter01,2022,85.02755555555557,2279.8777777777777,493,0.2961460446247465
strahma01,2017,90.07579710144928,2385.8050595238096,790,0.2759493670886076
strahma01,2018,89.47154308617235,2442.525731584258,1039,0.30317613089509143
strahma01,2019,86.86304347826086,2353.0895953757226,1962,0.3022426095820591
strahma01,2020,88.71234567901234,2400.5944584382873,428,0.25934579439252337
strahma01,2021,90.10735294117647,2366.7867647058824,136,0.25
strahma01,2022,90.49083769633508,2362.761780104712,792,0.2916666666666667
strahma01,2023,90.13910543130989,2505.531370038412,1593,0.288135593220339
straida01,2017,86.75297367565811,2139.687376074025,3205,0.2670826833073323
straida01,2018,86.90065543071161,2255.9512548262546,2219,0.2568724650743578
straida01,2019,86.9154244306418,2255.336518046709,1098,0.24043715846994534
strasst01,2017,90.97775052557813,2235.418776371308,3044,0.29894875164257556
strasst01,2018,90.09921150278294,2161.482726423903,2303,0.2935301780286583
strasst01,2019,88.70981735159816,2248.0424226935856,4120,0.3099514563106796
strasst01,2020,86.91144578313254,2237.5272727272727,207,0.2995169082125604
strasst01,2021,87.21906077348066,2187.8011049723755,479,0.2839248434237996
strasst01,2022,85.76867469879518,2012.6385542168675,83,0.3132530120481928
stratch01,2017,87.47536092396534,2567.3086913086913,1108,0.26624548736462095
stratch01,2018,87.31119491861851,2527.300121506683,2694,0.2676317743132888
stratch01,2019,87.92618473895583,2636.158620689655,1480,0.25405405405405407
stratch01,2020,88.48125,2738.614864864865,668,0.3008982035928144
stratch01,2021,87.93707077785564,2728.248948106592,1445,0.27197231833910035
stratch01,2022,87.60563025210084,2802.9453781512607,1190,0.2672268907563025
stratch01,2023,89.04851547694251,2705.178255372946,1583,0.2653190145293746
strathu01,2023,91.8603092783505,2642.201030927835,194,0.25773195876288657
streehu01,2017,84.97719298245613,2112.8070175438597,62,0.2903225806451613
strichu01,2017,91.97430278884461,2503.285123966942,1091,0.27864344637946836
strichu01,2018,91.14181141439207,2346.145181476846,850,0.26588235294117646
strichu01,2019,91.82698412698412,2471.7609195402297,481,0.25571725571725573
strichu01,2020,91.0136842105263,2511.691489361702,146,0.2945205479452055
strichu01,2021,90.25419921874999,2514.3303921568627,1092,0.2692307692307692
strichu01,2022,90.80063926940639,2506.830241187384,1136,0.2623239436619718
stridsp01,2021,95.2578947368421,2304.0263157894738,38,0.15789473684210525
stridsp01,2022,94.35801242236025,2345.1010770505386,2436,0.3045977011494253
stridsp01,2023,92.63910965043321,2351.7288490284004,3445,0.3332365747460087
stripro01,2017,88.42412955465588,2328.9334975369457,1378,0.2895500725689405
stripro01,2018,87.25320677270395,2313.4746023601847,2082,0.28338136407300674
stripro01,2019,85.60086092715233,2291.8786666666665,1600,0.28875
stripro01,2020,86.52099056603774,2295.857311320755,886,0.2832957110609481
stripro01,2021,87.3853304674906,2184.0666666666666,1874,0.2662753468516542
stripro01,2022,86.59740384615384,2058.7800769971127,2080,0.2725961538461538
stripro01,2023,86.7799092676604,2084.945358788677,1656,0.2832125603864734
stromma01,2017,90.47234110507826,2362.501622323167,3194,0.2742642454602379
stromma01,2018,89.31921499707089,2422.709274673008,1761,0.26973310618966495
stromma01,2019,89.59149704530532,2543.2457711442785,3128,0.2695012787723785
stromma01,2021,89.01133576400399,2329.2475905616484,3017,0.2857142857142857
stromma01,2022,89.19935809261806,2359.515359926639,2248,0.2744661921708185
stromma01,2023,89.1036768043577,2422.1742816768724,2275,0.25934065934065936
stroppe01,2017,91.67520071364852,2354.1656108597285,1157,0.2938634399308557
stroppe01,2018,89.6981941309255,2297.4731428571426,901,0.293007769145394
stroppe01,2019,88.18551724137932,2354.8923512747874,762,0.2572178477690289
stroppe01,2020,87.35952380952381,2222.9880952380954,106,0.25471698113207547
stroppe01,2021,86.85555555555555,2344.9545454545455,81,0.3950617283950617
strzepe01,2022,88.59917355371901,2510.305785123967,605,0.30578512396694213
strzepe01,2023,87.3865237366003,2404.4098613251153,732,0.2827868852459016
stubbga01,2022,73.91333333333336,1833.1833333333334,60,0.2
stumpda01,2017,90.19499217527387,2338.1324921135647,726,0.24242424242424243
stumpda01,2018,89.3847142857143,2288.844285714286,775,0.2761290322580645
stumpda01,2019,87.44291187739465,2257.269155206287,605,0.29421487603305785
suareal01,2017,86.46457242582896,2288.0163636363636,650,0.29846153846153844
suarean01,2018,88.51213456147376,2070.1282669883394,2613,0.25602755453501724
suarean01,2019,89.07379182156133,2051.149606299213,648,0.23919753086419754
suarean01,2020,87.82287234042553,2097.7012987012986,259,0.22007722007722008
suarean01,2023,87.30438311688312,2059.3235772357725,647,0.2472952086553323
suarejo01,2019,85.34440723375754,2154.294552790854,1494,0.26104417670682734
suarejo01,2020,86.82846153846153,2078.8527131782944,167,0.32335329341317365
suarejo01,2021,86.28815309842041,2142.556119213697,1714,0.27537922987164526
suarejo01,2022,85.92931305715784,2172.5414915966385,1926,0.26947040498442365
suarejo01,2023,86.51195476575121,2183.5065359477126,684,0.26900584795321636
suarera01,2018,88.35199999999999,1917.0462962962963,237,0.270042194092827
suarera01,2019,88.8259501965924,1905.5826446280992,802,0.2518703241895262
suarera01,2020,88.40851063829787,1913.287234042553,148,0.27702702702702703
suarera01,2021,90.52106567534076,1794.8451053283768,1614,0.27633209417596033
suarera01,2022,89.16775438596491,1868.3475026567482,2873,0.25026105116602854
suarera01,2023,87.1005242463958,1915.5483729111697,2289,0.2595019659239843
suarero01,2022,94.99277108433735,2178.2006578947367,942,0.28662420382165604
suarero01,2023,94.37580299785867,2152.6895074946465,487,0.26283367556468173
sucreje01,2017,79.9709677419355,1784.0,31,0.25806451612903225
sucreje01,2018,76.84545454545456,1642.2272727272727,23,0.08695652173913043
sucreje01,2019,63.21111111111111,1589.888888888889,9,0.2222222222222222
suerowa01,2018,89.65507614213197,2468.181472081218,822,0.27007299270072993
suerowa01,2019,90.8323648103309,2482.2518159806295,1292,0.28405572755417957
suerowa01,2020,89.6284237726098,2424.3558441558444,427,0.2693208430913349
suerowa01,2021,90.01628468033776,2469.786231884058,863,0.2734646581691773
suerowa01,2023,87.75176470588235,2277.8117647058825,215,0.29767441860465116
sulsebe01,2022,87.80408719346049,2077.2779291553134,374,0.22459893048128343
sulseco01,2019,90.64076923076922,2302.1769230769232,178,0.3707865168539326
sulseco01,2020,90.63255813953488,2216.248837209302,475,0.28421052631578947
sulseco01,2021,88.86028037383177,2054.823199251637,1113,0.29110512129380056
sulseco01,2022,87.495,1959.5714285714287,659,0.27617602427921095
sulseco01,2023,87.52792792792793,2104.7927927927926,172,0.27906976744186046
suterbr01,2017,83.11503416856492,2109.4503058103974,1385,0.28231046931407944
suterbr01,2018,83.70312138728323,2111.9469387755103,1845,0.2845528455284553
suterbr01,2019,85.78961538461539,2043.323076923077,260,0.27692307692307694
suterbr01,2020,84.01093474426807,2080.9478417266187,613,0.28711256117455136
suterbr01,2021,85.85495495495495,2144.593569661995,1279,0.2501954652071931
suterbr01,2022,83.84651810584958,1983.4503249767874,1104,0.27807971014492755
suterbr01,2023,82.84414937759337,2021.4505588993982,1240,0.267741935483871
swanser01,2019,90.40384615384616,2173.0998970133883,1026,0.2651072124756335
swanser01,2020,93.25704697986576,2199.0,176,0.35795454545454547
swanser01,2021,90.71213675213674,2055.9143835616437,617,0.26418152350081037
swanser01,2022,89.34814814814814,2002.5005636978578,933,0.30010718113612006
swanser01,2023,88.25602006688963,1752.5871021775545,1196,0.29515050167224083
swarmma01,2022,85.4365296803653,2100.8432267884323,668,0.2694610778443114
swarzan01,2017,90.85042868277475,2400.513343799058,1383,0.3109182935647144
swarzan01,2018,89.92663934426228,2357.7286012526097,515,0.2912621359223301
swarzan01,2019,89.0499468650372,2372.3518518518517,941,0.2635494155154091
swarzan01,2021,89.0864406779661,2344.9533898305085,261,0.28735632183908044
sweetde01,2023,87.43795180722891,2170.090361445783,194,0.23711340206185566
syndeno01,2017,94.10612691466083,2058.68903803132,555,0.3081081081081081
syndeno01,2018,93.73695562007465,2071.924071756362,2557,0.2937035588580368
syndeno01,2019,93.63978668390433,2090.645214521452,3219,0.296986641814228
syndeno01,2021,91.99999999999999,1842.6153846153845,26,0.2692307692307692
syndeno01,2022,88.76848319709356,2021.756252842201,2228,0.2661579892280072
syndeno01,2023,88.33750837240456,2027.617292225201,1628,0.25184275184275184
szaputh01,2021,88.88526315789474,2006.578947368421,95,0.25263157894736843
szaputh01,2022,89.58144329896908,2312.3391003460206,291,0.25773195876288657
taillja01,2017,90.87086750107898,2272.490932642487,2430,0.24609053497942388
taillja01,2018,91.29545300305394,2360.063032367973,3042,0.27284681130834976
taillja01,2019,90.48072072072073,2408.2735507246375,633,0.30173775671406006
taillja01,2021,89.62993277975485,2464.160537761961,2529,0.2653222617635429
taillja01,2022,89.75985155195681,2426.011816340311,2968,0.2557277628032345
taillja01,2023,88.43691275167785,2473.723538704581,2660,0.2646616541353383
tanakma01,2017,87.50417340666452,2069.893373696603,3250,0.3
tanakma01,2018,86.69292643492321,2027.7460050462573,2595,0.2998073217726397
tanakma01,2019,86.58369169698975,2069.9209270620313,3154,0.28154724159797084
tanakma01,2020,86.69597388465725,2100.759825327511,973,0.28776978417266186
tapiado01,2020,96.26624999999999,2247.05,129,0.29457364341085274
tapiado01,2021,94.86596153846153,2173.218568665377,530,0.2490566037735849
tapiado01,2022,94.70192837465565,2157.6740331491715,415,0.21927710843373494
tapiado01,2023,95.3003039513678,2185.067073170732,375,0.288
tarnofr01,2022,90.41,2085.7,19,0.631578947368421
tarnofr01,2023,90.16898954703832,2331.076655052265,319,0.219435736677116
tarplst01,2018,89.34076086956522,2194.96174863388,184,0.27717391304347827
tarplst01,2019,86.97527272727272,2199.3651115618663,609,0.3054187192118227
tarplst01,2020,87.90413223140496,2208.2738589211617,268,0.2835820895522388
tarplst01,2021,86.92435897435897,2064.153846153846,94,0.32978723404255317
tatedi01,2019,89.70171428571429,2120.065868263473,394,0.29441624365482233
tatedi01,2020,90.36421052631579,2040.5035211267605,324,0.2808641975308642
tatedi01,2021,91.60111214087118,2009.4050046339203,1107,0.2836495031616983
tatedi01,2022,88.18787878787879,2010.4669117647059,1101,0.298819255222525
tauchmi01,2021,71.128,1973.24,25,0.2
taylobl01,2020,91.3961123110151,2276.9761904761904,514,0.2704280155642023
taylobl01,2021,90.29735258724429,2307.8808664259927,858,0.25757575757575757
taylobl01,2022,90.41795665634675,2321.674922600619,338,0.20118343195266272
taylojo02,2019,91.7706937799043,2307.195599022005,891,0.27946127946127947
taylojo02,2020,90.1431506849315,2284.8561643835615,184,0.32608695652173914
taylojo02,2021,90.48928987194412,2252.9404900816803,889,0.2677165354330709
taylojo02,2023,88.40197183098591,2219.154929577465,405,0.28888888888888886
taylomi02,2022,74.99189189189188,1477.1351351351352,37,0.2972972972972973
tazawju01,2017,88.47941787941788,2176.376826722338,1016,0.2263779527559055
tazawju01,2018,86.46506986027944,2243.018,541,0.2365988909426987
teherju01,2017,87.34605091383811,2260.580482897384,3184,0.2757537688442211
teherju01,2018,85.80237926136364,2288.862354268522,2980,0.28624161073825505
teherju01,2019,86.5991150442478,2372.4153536708013,3180,0.26761006289308176
teherju01,2020,85.06486013986014,2296.20701754386,612,0.238562091503268
teherju01,2021,87.99842767295597,2232.1238095238095,318,0.29245283018867924
teherju01,2023,86.6587037037037,2180.517592592593,1190,0.28319327731092436
tellero01,2023,57.84615384615385,1507.8461538461538,13,0.3076923076923077
teperry01,2017,92.28915946582876,2356.685082872928,1345,0.2631970260223048
teperry01,2018,92.4131021194605,2344.09796314258,1114,0.27289048473967686
teperry01,2019,90.78323529411765,2245.745508982036,404,0.23514851485148514
teperry01,2020,90.08045685279187,2275.3553299492387,434,0.3087557603686636
teperry01,2021,89.41044776119405,2199.3094527363182,1048,0.3015267175572519
teperry01,2022,88.84907103825135,2168.988913525499,923,0.2513542795232936
teperry01,2023,87.22059925093633,2297.6162790697676,301,0.24584717607973422
tepesni01,2017,85.94033333333334,2141.360544217687,422,0.22748815165876776
tetreja01,2022,90.82520547945205,2004.0876712328768,365,0.2136986301369863
thenju01,2023,91.4188775510204,2222.8704663212434,205,0.2682926829268293
thielca01,2020,82.16947890818858,2471.42039800995,443,0.3047404063205418
thielca01,2021,84.1724525043178,2347.0242214532873,1178,0.2775891341256367
thielca01,2022,84.92275795564127,2327.2700096432013,1053,0.2981956315289649
thielca01,2023,86.22479740680713,2357.137763371151,617,0.26742301458670986
thomala02,2023,76.15714285714284,1694.4285714285713,21,0.3333333333333333
thompja03,2017,88.36151930261518,2060.582183186951,838,0.2458233890214797
thompja03,2018,87.48776223776224,1999.6572438162543,409,0.2665036674816626
thompke02,2021,89.93706004140788,2433.379274611399,1011,0.2532146389713155
thompke02,2022,89.80181043663471,2445.590354767184,1917,0.26604068857589985
thompke02,2023,89.72473794549266,2578.251572327044,524,0.2786259541984733
thompma02,2021,94.30134228187919,2210.800894854586,500,0.232
thompma02,2022,93.09704433497535,2233.448275862069,452,0.24557522123893805
thompma02,2023,90.53049568965517,2262.8967032967034,980,0.26224489795918365
thompry02,2020,86.02172351885099,2025.1690647482014,608,0.30756578947368424
thompry02,2021,85.47328094302554,2069.414201183432,527,0.32637571157495254
thompry02,2022,85.90187050359712,2043.8299711815562,708,0.307909604519774
thompry02,2023,86.7296803652968,2088.955792682927,657,0.2876712328767123
thompza01,2021,87.10636942675158,2342.139331210191,1272,0.27044025157232704
thompza01,2022,86.64262443438915,2345.197737556561,2252,0.2602131438721137
thompza02,2022,87.63388429752067,2223.472081218274,606,0.25742574257425743
thompza02,2023,87.1530303030303,2116.5741626794256,1297,0.28527370855821127
thorntr01,2019,87.60112359550561,2542.9325309992705,2872,0.2646239554317549
thorntr01,2020,87.20916030534352,2438.109243697479,213,0.2112676056338028
thorntr01,2021,88.13962450592884,2533.4839679358715,1012,0.25691699604743085
thorntr01,2022,87.03296244784423,2697.8789986091792,728,0.2774725274725275
thorntr01,2023,86.5551912568306,2702.1569343065694,564,0.28900709219858156
thornty01,2018,87.26953488372092,2377.1,430,0.25813953488372093
thornty01,2019,88.10942408376964,2413.782722513089,451,0.24390243902439024
thornty01,2020,87.85027322404373,2411.1685393258426,214,0.308411214953271
thornty01,2022,87.89033149171271,2308.465373961219,382,0.24345549738219896
thorple01,2019,86.01178861788618,2033.7560975609756,535,0.29345794392523367
thorple01,2020,84.86213235294117,1982.5350553505534,272,0.25735294117647056
thorple01,2021,85.07754385964911,1939.5894736842106,348,0.27586206896551724
ticety01,2021,89.64160000000001,2377.592,250,0.236
tillmch01,2017,86.92909698996655,2152.285714285714,1795,0.18551532033426185
tillmch01,2018,84.74538461538462,2124.5598455598456,614,0.18241042345276873
tinocje01,2019,91.19213649851632,2289.3746223564954,694,0.22910662824207492
tinocje01,2020,91.1175879396985,2247.8061224489797,208,0.23557692307692307
tinocje01,2021,91.24719101123597,2259.9101123595506,103,0.22330097087378642
tinocje01,2022,91.61184573002754,2354.093663911846,372,0.27956989247311825
toccica01,2018,82.28888888888888,1891.5555555555557,9,0.2222222222222222
tollias01,2017,87.56823529411766,1961.1411764705883,130,0.34615384615384615
tomka01,2021,69.52499999999999,1826.15,20,0.25
tomlijo01,2017,83.5032196969697,2459.3664772727275,2240,0.2736607142857143
tomlijo01,2018,83.91943711521547,2454.583113456464,1319,0.2630780894617134
tomlijo01,2019,85.61692307692307,2439.4944396920446,1286,0.25660964230171074
tomlijo01,2020,83.62269938650307,2525.48686244204,691,0.276410998552822
tomlijo01,2021,83.84059405940596,2526.2642679900746,838,0.2553699284009546
tonkimi01,2017,90.65642317380352,2329.939086294416,498,0.24497991967871485
tonkimi01,2023,89.46614285714286,2293.16452074392,1429,0.27641707487753675
topaju01,2020,93.31438356164384,2268.301369863014,170,0.3
topaju01,2021,90.79886363636363,2242.767441860465,146,0.2808219178082192
topaju01,2022,91.36240000000001,2295.728,125,0.248
topaju01,2023,90.33288718929255,2267.943378119002,1106,0.30560578661844484
torreca01,2017,91.17792615868028,2365.226237234878,1342,0.23248882265275708
torreca01,2018,90.02567567567567,2365.2094594594596,236,0.2627118644067797
torreca01,2019,88.18602941176471,2317.9333333333334,185,0.2918918918918919
torrejo02,2017,92.15668246445496,2094.3811787072245,1192,0.2609060402684564
torrelu01,2022,80.19411764705882,1903.0294117647059,34,0.14705882352941177
torrero01,2021,63.51176470588236,1670.9411764705883,34,0.35294117647058826
toussto01,2018,86.77947761194031,2078.07476635514,538,0.3048327137546468
toussto01,2019,87.44195624195623,2110.44,900,0.29333333333333333
toussto01,2020,86.06558044806516,2192.3571428571427,547,0.2979890310786106
toussto01,2021,87.15824682814304,2053.9515570934254,911,0.27991218441273324
toussto01,2022,85.53735498839907,2147.2273781902554,447,0.2483221476510067
toussto01,2023,87.06369905956113,2170.259911894273,1642,0.27040194884287455
treinbl01,2017,94.5464824120603,2311.141886151232,1246,0.2752808988764045
treinbl01,2018,95.12644897959183,2495.9295774647885,1271,0.3139260424862313
treinbl01,2019,94.86145526057031,2383.0285714285715,1074,0.25884543761638734
treinbl01,2020,94.41433506044906,2391.3667820069204,586,0.24914675767918087
treinbl01,2021,92.44121457489878,2387.26851098454,1286,0.29237947122861585
treinbl01,2022,92.35904761904763,2400.0285714285715,129,0.3178294573643411
trejoal01,2023,59.592,1464.4,25,0.2
triggan01,2017,83.65386643233742,2468.456338028169,1323,0.2849584278155707
triggan01,2018,84.57826086956521,2465.164524421594,930,0.2709677419354839
triggan01,2020,83.46894736842104,2354.190476190476,220,0.24545454545454545
trivilo01,2018,94.30540772532188,2313.7405498281787,1197,0.2756892230576441
trivilo01,2019,93.21,2246.5176348547716,1043,0.2799616490891659
trivilo01,2020,91.83221957040573,2151.384248210024,483,0.2525879917184265
trivilo01,2021,92.19124893797792,2049.2508620689655,1228,0.26058631921824105
trivilo01,2022,90.53880597014926,2158.9592039800996,1050,0.2752380952380952
tropeni01,2018,85.47684478371502,2035.734589041096,1245,0.28353413654618476
tropeni01,2019,85.303663003663,2142.0783582089553,273,0.23443223443223443
tropeni01,2020,83.25330578512398,2020.2323651452282,307,0.28013029315960913
tropeni01,2021,84.05,1996.65,210,0.2857142857142857
tsengje01,2017,87.23584905660377,2020.2735849056603,106,0.27358490566037735
tsengje01,2018,87.23076923076923,1929.5128205128206,84,0.25
tuivasa01,2017,90.8505016722408,2278.006779661017,727,0.30949105914718017
tuivasa01,2018,91.08377952755905,2233.337007874016,699,0.27896995708154504
tuivasa01,2019,89.45769230769231,2146.351282051282,390,0.2743589743589744
tullyta01,2022,87.19568965517242,2020.698275862069,149,0.2483221476510067
turleni01,2017,88.16904024767801,2620.656346749226,323,0.2043343653250774
turleni01,2020,86.33994638069704,2641.124645892351,403,0.3027295285359802
turnbsp01,2018,90.74113475177305,2331.936170212766,315,0.28888888888888886
turnbsp01,2019,90.44372180451127,2365.4935772674194,2757,0.2506347479143997
turnbsp01,2020,91.02689511941848,2411.002085505735,1046,0.27820267686424477
turnbsp01,2021,90.60334051724138,2404.145788336933,928,0.25969827586206895
turnbsp01,2023,89.63876177658142,2374.240915208614,743,0.26648721399730824
turneja01,2017,91.39746031746031,2082.4133545310015,755,0.21589403973509932
turneja01,2018,89.57530864197531,2042.3836477987422,296,0.1891891891891892
turneju01,2021,72.99,1780.9,10,0.3
tylerky01,2021,88.06263157894733,2153.671957671958,190,0.21052631578947367
tylerky01,2022,86.38499999999999,2184.525,40,0.2
ucetaed01,2021,88.79224376731302,2228.690807799443,390,0.28974358974358977
ucetaed01,2022,89.8818493150685,2323.5704467353953,292,0.2465753424657534
ucetaed01,2023,89.54875621890547,2308.025125628141,217,0.2857142857142857
ueharko01,2017,84.19846153846154,2140.86013986014,766,0.2963446475195822
uelmeer01,2022,89.91295896328293,2169.7477272727274,473,0.2748414376321353
uelmeer01,2023,88.88181818181819,2151.4375,187,0.2620320855614973
underdu01,2018,86.8051948051948,2075.935064935065,103,0.2524271844660194
underdu01,2019,91.20285714285714,2096.8952380952383,250,0.276
underdu01,2020,89.27451523545706,2030.0916666666667,400,0.3325
underdu01,2021,88.75708534621577,2056.135265700483,1242,0.26972624798711753
underdu01,2022,91.6063829787234,2031.2195357833655,1045,0.2660287081339713
underdu01,2023,89.90074257425741,1989.9205955334987,414,0.27053140096618356
urenajo01,2017,91.60055632823364,2120.7926106657374,3005,0.23560732113144758
urenajo01,2018,92.45815884476535,2093.404124457308,2870,0.23763066202090594
urenajo01,2019,92.52113702623906,2151.376375641966,1471,0.23861318830727396
urenajo01,2020,92.07241379310344,2183.540650406504,573,0.24956369982547993
urenajo01,2021,91.34594028287063,2106.825630252101,1909,0.2283918281822944
urenajo01,2022,92.61609124537608,2141.360049321825,1637,0.22785583384239463
urenajo01,2023,91.16640471512771,2090.1196222455405,1052,0.23479087452471484
urenari01,2019,82.92857142857144,2001.9642857142858,28,0.14285714285714285
uriasju01,2017,87.85399061032865,2359.1425120772947,504,0.23809523809523808
uriasju01,2018,88.56066666666666,2358.197278911565,150,0.32666666666666666
uriasju01,2019,90.12733469665984,2428.9054340155258,1531,0.26583932070542127
uriasju01,2020,89.14212927756654,2500.194676806084,1346,0.2852897473997028
uriasju01,2021,88.34917502426401,2531.739805825243,3161,0.2932616260677001
uriasju01,2022,87.80351194786387,2555.9927588703836,2802,0.2815845824411135
uriasju01,2023,87.09605191995675,2491.7067750677506,1934,0.2838676318510858
uribeab01,2023,96.23079710144928,2337.324275362319,594,0.2996632996632997
urquijo01,2019,87.79593967517403,2347.7849588719155,913,0.29901423877327493
urquijo01,2020,87.87678062678062,2292.454415954416,791,0.28192161820480405
urquijo01,2021,87.3920065252855,2244.3572593800977,1883,0.28040361125862984
urquijo01,2022,88.16844036697248,2302.8198165137615,2747,0.2551874772479068
urquijo01,2023,87.70382775119617,2337.546762589928,1311,0.2463768115942029
valaipa01,2021,66.71428571428572,1593.8333333333333,7,0.0
valdece01,2017,84.69295499021527,2051.1163708086783,591,0.26057529610829105
valdece01,2020,78.98362831858408,1832.450892857143,261,0.3524904214559387
valdece01,2021,79.26803170409511,1859.5733157199472,806,0.3064516129032258
valdece01,2022,79.52564102564102,1813.7179487179487,71,0.23943661971830985
valdefr01,2018,88.18135860979463,2411.522906793049,680,0.25588235294117645
valdefr01,2019,88.0186622625929,2430.248554913295,1313,0.25742574257425743
valdefr01,2020,88.1502828854314,2474.0956090651557,1491,0.2964453386988598
valdefr01,2021,87.52722427224272,2320.5572895277205,2439,0.2747027470274703
valdefr01,2022,88.09284467713788,2395.353711790393,3438,0.2812681791739383
valdefr01,2023,89.41968360206876,2314.745242480049,3427,0.263787569302597
valdejo03,2017,91.63192771084337,2531.418006430868,437,0.2951945080091533
valdejo03,2018,91.13956043956044,2434.5844155844156,144,0.20833333333333334
valdeph01,2019,89.14914675767918,2339.4570446735397,332,0.2921686746987952
valdeph01,2020,88.04577603143419,2185.4479371316306,548,0.29744525547445255
valdeph01,2021,88.04739069111426,2117.70197740113,787,0.26937738246505716
valdeph01,2022,89.9409677419355,2224.309677419355,345,0.2956521739130435
valenda01,2018,85.10000000000001,2182.714285714286,7,0.2857142857142857
valenje01,2018,77.81111111111112,1631.2962962962963,27,0.18518518518518517
vallich01,2023,85.87272727272727,2472.0,26,0.3076923076923077
vanmejo01,2022,72.04324324324325,1570.1486486486488,74,0.14864864864864866
vargaca01,2023,96.26333333333335,2279.690476190476,228,0.30701754385964913
vargail01,2022,47.43333333333334,1154.0,6,0.0
vargail01,2023,50.19642857142857,1167.6666666666667,28,0.14285714285714285
vargaja01,2017,80.99559355475172,2283.6861842105263,3227,0.2909823365354819
vargaja01,2018,82.61655844155844,2297.0935064935065,1626,0.2958179581795818
vargaja01,2019,80.227624750499,2248.1349301397204,2635,0.2698292220113852
varlagu01,2023,92.31116625310172,2156.6699751861042,478,0.3284518828451883
varlalo01,2022,89.44160583941606,2140.2311435523116,411,0.26034063260340634
varlalo01,2023,90.92189189189187,2219.52516010979,1147,0.2746294681778553
vasquan02,2018,84.92970297029704,2234.732673267327,101,0.31683168316831684
vasquan02,2019,81.5,2208.4615384615386,59,0.3559322033898305
vasquan02,2021,83.25116279069769,2379.139534883721,44,0.3181818181818182
vasquan02,2022,82.22338308457711,2423.387755102041,201,0.39303482587064675
vasquan02,2023,81.27502487562188,2565.1635094715853,1024,0.3095703125
vasqura02,2023,89.18454882571076,2517.297898640297,809,0.2546353522867738
vastoje01,2018,87.54437086092716,2292.582781456954,178,0.29775280898876405
velasvi01,2017,90.61406003159557,2281.6275303643724,1439,0.2710215427380125
velasvi01,2018,90.24010522055848,2276.1539108494535,2577,0.29142413659293753
velasvi01,2019,91.15861255309109,2399.9349083895854,2218,0.2556357078449053
velasvi01,2020,90.16721763085401,2301.376551724138,791,0.26801517067003794
velasvi01,2021,89.53259219088936,2261.6968546637745,1844,0.26572668112798264
velasvi01,2022,88.84141337386018,2336.793445121951,1386,0.2756132756132756
velasvi01,2023,88.16466575716234,2359.9707520891366,833,0.2845138055222089
velazhe01,2017,87.18324607329843,1910.01312335958,473,0.2536997885835095
velazhe01,2018,88.10144196106705,1882.2756132756133,1514,0.22523117569352707
velazhe01,2019,88.08265306122449,1920.4498448810755,1082,0.24861367837338263
vendipa01,2018,78.58550185873607,2726.8513011152418,336,0.3541666666666667
vendipa01,2019,79.32698412698412,2667.15873015873,130,0.2692307692307692
vendipa01,2020,77.55681818181819,2506.8275862068967,143,0.3706293706293706
venezan01,2023,90.29454545454546,1964.509090909091,60,0.21666666666666667
ventejo01,2018,91.1391459074733,2132.318425760286,602,0.2591362126245847
ventejo01,2019,91.44647887323943,2164.580188679245,251,0.23904382470119523
verhadr01,2017,89.09492481203007,2224.375245579568,581,0.2512908777969019
verhadr01,2018,89.30131578947369,2292.9743290548427,993,0.28197381671701915
verhadr01,2019,88.18296296296296,2289.3259668508285,1000,0.283
verhadr01,2022,88.76609848484848,2222.5094696969695,546,0.26373626373626374
verhadr01,2023,88.45805340223944,2227.8185022026432,1161,0.29112833763996554
verlaju01,2017,91.20934809348094,2560.983251231527,4249,0.26806307366439164
verlaju01,2018,90.85175107758621,2665.455036456927,3868,0.3138572905894519
verlaju01,2019,89.62232352175045,2598.323084940073,4181,0.3185840707964602
verlaju01,2020,91.24657534246575,2494.4520547945203,138,0.2971014492753623
verlaju01,2022,89.74500998003992,2461.469044414536,3122,0.26681614349775784
verlaju01,2023,88.83373840741925,2475.414593698176,3173,0.25496375669713206
verrelo01,2017,87.69299363057324,2145.292993630573,265,0.28679245283018867
vesiaal01,2020,89.80954545454544,2307.638095238095,226,0.26991150442477874
vesiaal01,2021,91.52210386151799,2332.1944074567245,797,0.3224592220828105
vesiaal01,2022,90.78571428571429,2343.2750242954326,1061,0.2997172478793591
vesiaal01,2023,91.62269272529859,2379.5217864923748,961,0.2809573361082206
vespini01,2022,85.48026905829596,2394.629213483146,458,0.30131004366812225
vespini01,2023,85.67029702970297,2364.480198019802,228,0.2675438596491228
vestwi01,2021,89.85875,1998.74213836478,703,0.26600284495021337
vestwi01,2022,91.46907391673747,2125.5638389031706,1177,0.26338147833474934
vestwi01,2023,91.07888631090488,2114.066125290023,871,0.2973593570608496
vieauca01,2022,86.78858267716534,2237.8818897637793,254,0.25984251968503935
vieirth01,2017,94.78,2049.1,72,0.2777777777777778
vieirth01,2018,94.27241379310345,2163.9736842105262,343,0.2536443148688047
vieirth01,2019,93.95739644970413,2295.891719745223,221,0.23076923076923078
vieirth01,2023,92.13333333333333,2230.1944444444443,76,0.2631578947368421
villada01,2023,67.075,1702.5,8,0.25
vinceni01,2017,88.28719576719575,2415.553191489362,1063,0.24176857949200375
vinceni01,2018,88.2126811594203,2359.192028985507,859,0.28870779976717115
vinceni01,2019,88.05224867724868,2347.0982735723774,801,0.2759051186017478
vinceni01,2020,87.70681818181819,2300.497159090909,391,0.24296675191815856
vinceni01,2021,87.2235,2366.695,247,0.25101214574898784
vinesda01,2023,85.3530864197531,2054.141975308642,334,0.2844311377245509
vizcaar01,2017,93.201536643026,2367.97034400949,955,0.29842931937172773
vizcaar01,2018,93.57248908296944,2414.737609329446,751,0.2836218375499334
vizcaar01,2019,89.92941176470589,2520.720588235294,114,0.37719298245614036
vizcaar01,2022,92.0042253521127,2283.288732394366,172,0.22674418604651161
vodnivi01,2023,94.48526785714286,2068.0133928571427,263,0.2737642585551331
volqued01,2017,88.69071476285905,2102.221399730821,1623,0.25385089340727046
volqued01,2019,87.75407608695652,2007.551912568306,429,0.2703962703962704
volqued01,2020,88.74545454545455,2069.2348484848485,165,0.2787878787878788
volstch01,2017,88.9092936802974,2157.066914498141,338,0.2455621301775148
volstch01,2018,88.35126353790614,2195.6919374247896,896,0.2578125
vosleja01,2023,59.46799999999999,1557.64,25,0.12
vothau01,2018,87.83888888888887,2340.0186046511626,242,0.3181818181818182
vothau01,2019,88.81535087719298,2342.714285714286,770,0.3
vothau01,2020,88.0659663865546,2386.5682773109243,996,0.2520080321285141
vothau01,2021,89.36999999999999,2526.140667267809,1176,0.24744897959183673
vothau01,2022,87.05068104426788,2584.6825667234525,1787,0.259653049804141
vothau01,2023,86.6140668523677,2578.1776223776224,780,0.2717948717948718
wachami01,2017,90.87183308494784,2080.6881760537112,2869,0.26838619728128266
wachami01,2018,88.3485491861288,1998.4055201698513,1541,0.25502920181700195
wachami01,2019,88.8581628012733,1943.6505914467698,2291,0.23701440419030992
wachami01,2020,90.12040498442369,1946.170046801872,683,0.2518301610541728
wachami01,2021,89.57306444135374,1934.1035764050162,2200,0.24863636363636363
wachami01,2022,88.30507952796306,1944.4161108260646,2057,0.25085075352455033
wachami01,2023,85.77361535106847,1858.0855521606286,2342,0.27198975234842016
waddebr01,2020,89.3795918367347,2285.183673469388,65,0.24615384615384617
waddebr01,2021,89.14,2441.2433333333333,337,0.3056379821958457
wadeko01,2021,86.4274193548387,2070.967741935484,248,0.27419354838709675
wagueja01,2019,88.16331582895725,1986.859410430839,1376,0.24055232558139536
wagueja01,2020,87.89546599496222,1865.4458438287154,452,0.2676991150442478
wahlbo01,2017,93.28028169014085,2181.094890510949,199,0.3165829145728643
wahlbo01,2018,93.17142857142858,2188.0,160,0.275
wahlbo01,2020,87.86842105263158,2292.842105263158,76,0.3026315789473684
wainwad01,2017,83.5570224719101,2332.9089201877932,2304,0.2504340277777778
wainwad01,2018,81.8801912568306,2369.98087431694,819,0.2869352869352869
wainwad01,2019,83.02599337748345,2426.340969455511,3200,0.27375
wainwad01,2020,82.1550710900474,2434.1014218009477,1179,0.29940627650551316
wainwad01,2021,82.4667944559127,2433.702902843602,3422,0.2913500876680304
wainwad01,2022,82.06036566470405,2406.178090766823,3271,0.27269948028125957
wainwad01,2023,80.76791243993593,2318.189894503054,1873,0.2402562733582488
waiteco01,2022,92.3596153846154,2256.0,104,0.21153846153846154
waiteco01,2023,91.98153846153845,2300.109375,73,0.2876712328767123
waldema01,2018,91.19859154929577,2201.274881516588,307,0.34527687296416937
waldema01,2019,90.323738170347,2273.9808306709265,1362,0.26725403817914833
waldema01,2020,89.78771929824562,2140.975438596491,318,0.1792452830188679
waldike01,2022,88.13088737201365,2203.505119453925,630,0.24761904761904763
waldike01,2023,88.10508925180403,2125.390345876093,2731,0.2486268766019773
waldrma01,2023,84.9147102526003,1631.8632986627042,682,0.24780058651026393
walkeje02,2019,88.22926829268292,2329.1951219512193,170,0.20588235294117646
walkejo03,2023,89.57535714285714,2141.9857142857145,280,0.25357142857142856
walkene01,2020,77.15714285714284,1953.857142857143,14,0.14285714285714285
walkery01,2023,88.9537962962963,2387.7066541705717,1081,0.32377428307123035
walketa01,2017,89.5965172413793,2077.4262920568854,3084,0.26491569390402075
walketa01,2018,90.73978723404255,2167.087234042553,481,0.3097713097713098
walketa01,2019,91.64666666666668,2066.8,15,0.13333333333333333
walketa01,2020,88.78911564625851,2138.5204545454544,910,0.2725274725274725
walketa01,2021,90.33538518245486,2084.046545991873,2713,0.27976409878363434
walketa01,2022,88.81780023319084,2002.9026100506428,2585,0.25957446808510637
walketa01,2023,88.697724991636,1924.176747311828,2989,0.24389427902308464
walshja01,2019,86.84016393442623,2087.8852459016393,170,0.23529411764705882
walshja02,2022,91.0877551020408,2280.1020408163267,131,0.24427480916030533
waltebr01,2023,86.06628175519631,2255.7205542725173,440,0.25227272727272726
waltena01,2022,90.53125,2490.5,34,0.17647058823529413
waltodo01,2022,46.538095238095245,1141.4285714285713,21,0.23809523809523808
wangwe01,2017,89.11249999999998,2273.0625,32,0.3125
wangwe01,2019,87.05317919075144,2199.6627906976746,540,0.2574074074074074
wantzan01,2021,89.56107660455487,2311.0560165975103,483,0.30434782608695654
wantzan01,2022,88.86919374247893,2376.783393501805,851,0.28554641598119856
wantzan01,2023,89.69050445103856,2457.496960486322,717,0.25662482566248257
wardth01,2023,87.46567357512953,2300.6809338521402,846,0.2907801418439716
warread01,2017,88.1610891089109,2192.9519519519517,1128,0.25443262411347517
warread01,2018,87.49544534412955,2198.2556468172484,1065,0.26291079812206575
warread01,2019,86.89133448873484,2113.6121739130435,606,0.28052805280528054
warrear01,2019,89.5961038961039,2417.1323529411766,90,0.18888888888888888
warrear01,2021,89.72485207100591,2431.0029585798816,429,0.3076923076923077
warrear01,2022,88.81068702290077,2403.374045801527,690,0.2985507246376812
warreau01,2021,90.75980392156863,2366.612676056338,306,0.29411764705882354
warreau01,2022,90.36874999999999,2431.15625,324,0.23148148148148148
warreau01,2023,86.58695652173913,2487.75,78,0.46153846153846156
watkisp01,2021,87.2825,2250.0583333333334,971,0.22451081359423275
watkisp01,2022,86.23045066991473,2373.140404659718,1688,0.2523696682464455
watkisp01,2023,86.808547008547,2311.8675213675215,268,0.27611940298507465
watsoto01,2017,90.83194829178208,2273.675900277008,1150,0.271304347826087
watsoto01,2018,88.72415902140672,2329.955056179775,1030,0.28252427184466017
watsoto01,2019,89.47874396135265,2351.1038647342993,858,0.28321678321678323
watsoto01,2020,85.76712802768165,2279.9217081850534,289,0.30103806228373703
watsoto01,2021,87.89036511156186,2332.51646090535,986,0.2718052738336714
weathry01,2020,92.79333333333332,2091.9666666666667,30,0.2
weathry01,2021,91.14700181708056,2086.0175651120535,1749,0.2538593481989708
weathry01,2022,88.09550561797752,2095.696629213483,133,0.2631578947368421
weathry01,2023,90.25414725069899,2116.444029850746,1218,0.2676518883415435
weaveje02,2017,79.69533834586466,2183.571209800919,774,0.26098191214470284
weavelu01,2017,89.18315688161692,2043.7649325626205,1105,0.2687782805429864
weavelu01,2018,89.64071278825996,2153.238255033557,2501,0.27189124350259897
weavelu01,2019,89.30230061349693,2097.338212634823,1306,0.2771822358346095
weavelu01,2020,89.78440082644629,2222.784090909091,1004,0.26195219123505975
weavelu01,2021,90.33063864187551,2229.991909385113,1295,0.27104247104247103
weavelu01,2022,91.0185049019608,2174.516938519448,816,0.22426470588235295
weavelu01,2023,89.43352524357839,2228.6897630755475,2304,0.2526041666666667
webbja01,2019,89.43526119402986,2447.179104477612,572,0.26048951048951047
webbja01,2020,87.98103448275862,2318.0086206896553,246,0.3089430894308943
webbja01,2021,88.09708737864078,2363.92071197411,662,0.30060422960725075
webbja01,2023,89.74621594349142,2396.6206896551726,1051,0.2882968601332065
webblo01,2019,88.70147928994082,2185.7056145675265,698,0.2707736389684814
webblo01,2020,88.37264529058116,2042.5731182795698,1035,0.2782608695652174
webblo01,2021,88.27118573797678,2047.5165202843998,2527,0.31420656905421446
webblo01,2022,87.09397870924818,2011.0882352941176,3097,0.2941556344849855
webblo01,2023,88.59719568567027,1858.8018074166407,3405,0.2936857562408223
webbty01,2017,87.918,2142.3055555555557,233,0.3133047210300429
webbty01,2018,85.50282485875707,2074.376506024096,368,0.266304347826087
webbty01,2019,85.8194297782471,2114.9471458773783,1038,0.2610789980732177
webbty01,2020,84.94700239808154,2068.5252525252527,441,0.2562358276643991
webbty01,2021,86.09406779661016,2046.5586353944564,492,0.2540650406504065
weberry01,2017,85.6509090909091,2051.890909090909,151,0.271523178807947
weberry01,2018,85.67972972972971,2044.337837837838,123,0.2682926829268293
weberry01,2019,84.54362017804155,2144.1587537091987,745,0.28187919463087246
weberry01,2020,84.42120383036936,2059.8465753424657,790,0.29240506329113924
weberry01,2021,85.141875,2056.056603773585,177,0.3446327683615819
weberry01,2022,84.48038277511962,2191.9425837320573,209,0.3349282296650718
weberry01,2023,83.13035019455253,2110.0622568093386,257,0.26459143968871596
webstal01,2018,90.99090909090911,2205.6923076923076,55,0.3090909090909091
webstal01,2019,90.76813186813186,2241.8963414634145,253,0.30039525691699603
weemsjo01,2020,91.81218487394958,2056.9495798319326,281,0.298932384341637
weemsjo01,2021,91.36883116883118,2115.2418300653594,188,0.20212765957446807
weemsjo01,2022,93.2061038961039,2043.6688311688313,793,0.25220680958385877
weemsjo01,2023,91.85568181818181,2115.1334022750775,1006,0.26938369781312127
weigepa01,2021,86.5247311827957,2571.2043010752686,122,0.30327868852459017
weissgr01,2022,89.16681614349774,2354.7892376681616,223,0.2914798206278027
weissgr01,2023,89.26989010989011,2352.5538461538463,461,0.30585683297180044
weissza01,2018,89.38679245283019,2398.705882352941,114,0.20175438596491227
weissza01,2022,89.46937799043063,2496.755980861244,246,0.3252032520325203
weissza01,2023,87.1283185840708,2504.125,264,0.29924242424242425
wellsal01,2021,83.52453580901857,2157.6352785145887,754,0.26525198938992045
wellsal01,2022,82.65631067961165,2161.9126213592235,103,0.33980582524271846
wellsty01,2021,91.92466460268318,2408.4581178903827,1000,0.273
wellsty01,2022,88.71421232876713,2437.122716894977,1788,0.2684563758389262
wellsty01,2023,87.67635288767622,2423.022405121171,2214,0.27461607949412825
wendejb01,2018,89.64131274131273,2368.776061776062,266,0.2744360902255639
wendejb01,2019,90.28305400372439,2279.0579439252338,602,0.24750830564784054
wendejb01,2020,90.09310986964618,2398.0467289719627,574,0.2857142857142857
wendejb01,2021,90.38407894736841,2345.088157894737,805,0.25093167701863356
wendejb01,2022,91.13901098901098,2331.4981684981685,553,0.23869801084990958
wentzjo01,2022,87.8615652173913,2254.2594594594593,575,0.2382608695652174
wentzjo01,2023,87.59831204379562,2289.5351919561244,2192,0.2677919708029197
wesneha01,2022,88.15801104972375,2237.6955719557195,543,0.26887661141804786
wesneha01,2023,88.49790398918188,2294.3062629043357,1612,0.28287841191067
whalero01,2017,85.39196428571428,2354.776785714286,161,0.21739130434782608
whalero01,2018,86.00661157024793,2376.1525423728813,215,0.3116279069767442
wheelja01,2017,85.50178571428572,1937.625,56,0.08928571428571429
wheelza01,2017,90.84820512820514,2343.6350224502885,1660,0.2536144578313253
wheelza01,2018,92.29458709229702,2243.869097222222,2976,0.27385752688172044
wheelza01,2019,93.10842305256492,2287.7073557387444,3266,0.26638089406001225
wheelza01,2020,93.231728288908,2286.467700258398,1231,0.2388302193338749
wheelza01,2021,93.70172314761632,2347.3267241379313,3506,0.2755276668568169
wheelza01,2022,92.72814919071078,2410.0158339197746,2842,0.2719915552427868
wheelza01,2023,91.883043594544,2515.9343163538874,3739,0.2760096282428457
whitebr01,2023,88.6254957507082,2603.3385269121814,747,0.31459170013386883
whitemi03,2020,89.40612244897959,2438.387755102041,131,0.25190839694656486
whitemi03,2021,89.41059431524548,2334.045219638243,783,0.27330779054916987
whitemi03,2022,88.89994169096208,2312.529171528588,1723,0.23157283807312826
whitemi03,2023,89.31185770750989,2259.4664031620555,253,0.26877470355731226
whiteow01,2023,88.8220588235294,2352.294117647059,83,0.2289156626506024
whitety01,2017,73.78421052631579,1624.578947368421,19,0.3157894736842105
whitety01,2019,74.56363636363636,1732.929411764706,88,0.18181818181818182
whitlch01,2017,85.61183574879227,2030.4441747572816,919,0.279651795429815
whitlch01,2018,84.63,2010.15,42,0.23809523809523808
whitlga01,2021,91.28101960784313,2041.0845849802372,1322,0.30786686838124055
whitlga01,2022,91.02176422093982,2088.4388429752066,1236,0.29449838187702265
whitlga01,2023,87.94887029288702,2096.4798994974876,1236,0.2977346278317152
whitlko01,2020,89.11214285714286,2185.5214285714287,160,0.3
whitlko01,2021,89.356875,2088.335416666667,500,0.264
whitlko01,2022,88.27070707070708,2064.6484641638226,309,0.28802588996763756
wickro01,2018,91.24962406015038,2332.9772727272725,160,0.275
wickro01,2019,90.02742759795571,2415.0820512820515,658,0.270516717325228
wickro01,2020,88.3869696969697,2471.1181818181817,370,0.2864864864864865
wickro01,2021,89.36474999999999,2348.63,400,0.3025
wickro01,2022,90.01802120141343,2319.9690812720846,1190,0.26974789915966385
wicksjo01,2023,86.85197255574614,2089.509433962264,583,0.24871355060034306
widenta01,2020,91.26748878923767,2307.3878923766815,490,0.3040816326530612
widenta01,2021,90.01058475203553,2106.9192592592594,1393,0.2663316582914573
wieckbr01,2018,88.04193548387096,2135.5443037974683,147,0.3673469387755102
wieckbr01,2019,90.43429003021149,2219.7565084226644,662,0.2930513595166163
wieckbr01,2020,85.88157894736841,2343.657894736842,38,0.3157894736842105
wieckbr01,2021,90.00511945392492,2300.140410958904,341,0.3225806451612903
wilesco01,2022,86.15064935064935,2188.8376623376626,194,0.30412371134020616
wilheto01,2017,89.83935969868173,2241.623300970874,574,0.2229965156794425
wilkad01,2017,85.26986754966887,2055.51,365,0.2410958904109589
wilkeaa01,2017,85.22408759124087,2255.810218978102,184,0.30434782608695654
wilkeaa01,2018,84.71968085106383,2192.2139037433153,236,0.2966101694915254
wilkeaa01,2019,84.97057057057056,2205.3024691358023,390,0.27692307692307694
wilkest01,2019,57.78888888888889,1524.5111111111112,62,0.2903225806451613
wilkest01,2021,44.78333333333334,1169.75,12,0.25
william01,2023,92.04013015184381,2153.763557483731,461,0.25813449023861174
williau01,2018,88.18275862068964,2113.1609195402298,175,0.2571428571428571
williau01,2019,85.0137931034483,2088.0689655172414,68,0.36764705882352944
willibr02,2023,87.9212480660134,2211.860681114551,2070,0.2618357487922705
willide03,2019,92.2503937007874,2457.1732283464567,270,0.24814814814814815
willide03,2020,89.58723897911833,2633.433874709977,494,0.3724696356275304
willide03,2021,87.75351833498513,2610.4717741935483,1041,0.34390009606147937
willide03,2022,87.52902621722846,2546.198501872659,1121,0.33630686886708294
willide03,2023,88.16241062308478,2532.870143149284,1015,0.316256157635468
williga01,2023,89.57049062049062,2217.962481962482,1386,0.27200577200577203
willilu01,2023,52.63333333333333,1331.1666666666667,6,0.0
willita01,2017,93.93333333333334,2328.883116883117,78,0.24358974358974358
willita01,2018,92.1311794871795,2403.1803962460895,1038,0.2996146435452794
willita01,2019,92.17906137184114,2434.3018181818184,362,0.287292817679558
willita01,2020,89.98823529411764,2395.9338235294117,299,0.3110367892976589
willita01,2021,89.23561643835616,2440.2602739726026,288,0.2569444444444444
willitr01,2017,89.66087675765095,2022.0938552188552,2534,0.250197316495659
willitr01,2018,87.94032317297099,2042.702079395085,2859,0.24728926197971318
willitr01,2019,88.52629995702623,2114.1766784452298,2405,0.2548856548856549
willitr01,2020,87.07173507462686,2185.644257703081,1157,0.23076923076923078
willitr01,2021,87.54619388418996,2148.849609375,1619,0.2680667078443484
willitr01,2022,87.85026315789473,2133.417654808959,1520,0.24802631578947368
willitr01,2023,85.90886169818317,2063.8429844097996,2869,0.22481700941094457
wilsoal01,2017,90.47502645502645,2332.720806794055,1022,0.2299412915851272
wilsoal01,2018,88.75377258235918,2286.1995731056563,1056,0.2471590909090909
wilsoal01,2019,88.35445544554455,2356.009900990099,266,0.2819548872180451
wilsobr02,2018,91.92,2157.312977099237,135,0.2518518518518518
wilsobr02,2019,91.59438202247192,2166.28045325779,452,0.3053097345132743
wilsobr02,2020,91.17131782945737,2120.5529715762273,424,0.25471698113207547
wilsobr02,2021,89.53298969072165,1978.643470790378,1242,0.2391304347826087
wilsobr02,2022,87.96053562405257,1982.0793329964629,2018,0.2487611496531219
wilsobr02,2023,89.98382099827883,2163.414655172414,1277,0.24823805794831635
wilsoju10,2017,93.83233743409488,2436.069809610154,1238,0.27463651050080773
wilsoju10,2018,93.07579556412729,2379.5226377952754,1093,0.2616651418115279
wilsoju10,2019,92.13806078147613,2417.8603603603606,745,0.2644295302013423
wilsoju10,2020,92.82442528735632,2329.801724137931,362,0.30386740331491713
wilsoju10,2021,91.31302460202605,2317.9536903039075,691,0.24312590448625182
wilsoju10,2022,91.03333333333332,2434.0555555555557,81,0.3950617283950617
wilsost02,2022,88.89440928270042,2491.2280887011616,990,0.28383838383838383
wilsost02,2023,86.15562500000001,2510.7614583333334,1006,0.27236580516898606
wilsoty01,2017,88.21969696969697,2263.346153846154,375,0.25066666666666665
wimmeal01,2017,87.44102564102563,2048.2051282051284,224,0.2857142857142857
winanal01,2023,85.23153988868275,2172.4452690166977,550,0.3145454545454546
winckjo01,2022,90.36373534338358,2107.7981574539363,1203,0.25519534497090607
winckjo01,2023,91.52459999999999,2131.303941215765,1561,0.29019859064702114
windejo01,2022,88.52376836646499,1997.8582541054452,1194,0.2529313232830821
windejo01,2023,88.43685152057245,1921.709156193896,559,0.22898032200357782
wingetr01,2018,93.92670807453416,2193.365930599369,379,0.2770448548812665
wingetr01,2019,91.3412017167382,2162.3636363636365,997,0.316950852557673
wingetr01,2023,90.05783132530121,2017.3855421686746,415,0.26024096385542167
winklda01,2017,90.31111111111109,2412.6929824561403,234,0.2564102564102564
winklda01,2018,90.05819592628517,2546.774675972084,1119,0.2806076854334227
winklda01,2019,89.35840455840456,2518.0426829268295,396,0.2777777777777778
winklda01,2020,88.9788990825688,2481.853211009174,369,0.2601626016260163
winklda01,2021,91.22147395171538,2545.761118170267,838,0.21837708830548927
winnke01,2023,91.53569023569023,1851.034188034188,626,0.28753993610223644
wiselbr01,2023,66.88181818181819,1578.8181818181818,11,0.18181818181818182
wislema01,2017,87.4363309352518,2317.758878504673,667,0.23238380809595202
wislema01,2018,86.85775577557756,2191.6280701754386,701,0.2653352353780314
wislema01,2019,86.19657754010696,2384.754464285714,1024,0.3134765625
wislema01,2021,82.4247218788628,2485.640644361834,885,0.35480225988700564
wislema01,2022,80.58420382165605,2429.0548469387754,808,0.2747524752475248
wittgni01,2017,90.19495351925632,2154.5042613636365,849,0.2956419316843345
wittgni01,2018,89.73061564059901,2097.182456140351,604,0.25165562913907286
wittgni01,2019,89.63353783231085,2183.0703624733474,1031,0.2793404461687682
wittgni01,2020,89.83805309734514,2145.179203539823,495,0.28484848484848485
wittgni01,2021,89.55962671905698,2043.6194690265486,1076,0.28903345724907065
wittgni01,2022,87.85255198487712,2033.0472589792062,550,0.24
wittgni01,2023,87.24501992031873,2190.323353293413,552,0.2391304347826087
wojcias01,2017,88.57599637681159,2069.4424297370806,1106,0.2585895117540687
wojcias01,2019,87.61065407956845,2295.4709851551956,1535,0.25276872964169383
wojcias01,2020,86.0072700296736,2224.126112759644,703,0.26458036984352773
wojcias01,2021,87.08030303030301,2233.1414141414143,198,0.2474747474747475
wolfja01,2023,83.17073170731709,2103.6341463414633,82,0.18292682926829268
wongja01,2023,87.1842105263158,1940.982456140351,57,0.19298245614035087
woobr01,2023,92.70048342541438,2169.9300554016622,1461,0.2785763175906913
woodal02,2017,88.06448290070045,1962.129178704086,2590,0.29305019305019303
woodal02,2018,86.03403673309886,1896.2724421795374,2693,0.2781284812476792
woodal02,2019,86.21484641638224,2008.3737201365188,596,0.24496644295302014
woodal02,2020,88.13299748110832,2126.505076142132,447,0.29082774049217003
woodal02,2021,87.92098331870062,2011.81152300134,2300,0.31217391304347825
woodal02,2022,88.30370701205895,1981.3010849909583,2328,0.2852233676975945
woodal02,2023,87.21809369951535,1910.2592391304347,1930,0.27253886010362693
woodbl01,2017,92.77428350116189,2237.290648694187,1371,0.28811086797957697
woodbl01,2018,91.42264957264958,2294.3258928571427,296,0.23648648648648649
woodfja01,2020,86.9208762886598,2322.0670103092784,414,0.2584541062801932
woodfja01,2021,87.27873888439774,2199.5975708502024,1274,0.25588697017268447
woodfja01,2022,87.47990012484394,2219.037908496732,801,0.2421972534332085
woodfja01,2023,87.76879432624115,2180.1532779316713,1165,0.25407725321888414
woodhu01,2017,86.6,2488.2,47,0.44680851063829785
woodhu01,2018,88.84906474820144,2383.9841726618706,721,0.26490984743411927
woodhu01,2019,89.93071808510638,2410.5900537634407,839,0.2824791418355185
woodhu01,2021,85.3372340425532,2481.3297872340427,168,0.36904761904761907
woodrbr01,2017,90.806843575419,2056.2853146853145,729,0.2345679012345679
woodrbr01,2018,92.11673684210527,2108.5475935828877,1043,0.2943432406519655
woodrbr01,2019,93.11940886699507,2184.7926768926272,2177,0.2857142857142857
woodrbr01,2020,92.9077101002313,2339.842105263158,1369,0.30094959824689554
woodrbr01,2021,92.06659800892551,2337.4932966655206,3020,0.2980132450331126
woodrbr01,2022,92.04909377462567,2305.784670090873,2643,0.31101021566401815
woodrbr01,2023,91.79530201342281,2331.152444870566,1152,0.3064236111111111
woodssi01,2022,85.975,2203.6666666666665,120,0.20833333333333334
woodssi01,2023,86.11649484536082,2153.9278350515465,140,0.22142857142857142
woodtr01,2017,85.92550561797752,2045.8652849740934,1933,0.2172788411795137
workmbr01,2017,88.52019704433498,2122.5402298850577,662,0.27341389728096677
workmbr01,2018,86.08185714285715,2255.7925608011446,772,0.2966321243523316
workmbr01,2019,85.95940514469453,2367.3446601941746,1330,0.324812030075188
workmbr01,2020,85.57712895377128,2315.284671532847,442,0.2647058823529412
workmbr01,2021,84.23351851851852,2289.511111111111,613,0.27569331158238175
worleva01,2017,88.19175424413906,2176.05020242915,1341,0.2296793437733035
wothema01,2019,87.89514563106796,2085.1553398058254,139,0.2949640287769784
wrighda04,2017,84.88853503184713,2285.6480263157896,378,0.24867724867724866
wrighky01,2018,88.31328125,2457.6825396825398,146,0.2465753424657534
wrighky01,2019,90.31789215686275,2388.2606516290725,522,0.2950191570881226
wrighky01,2020,90.03907766990291,2325.7939024390244,915,0.2786885245901639
wrighky01,2021,89.18566666666666,2389.3933333333334,387,0.2971576227390181
wrighky01,2022,89.95179856115108,2365.4181096681095,2826,0.2961783439490446
wrighky01,2023,88.50363924050632,2348.118858954041,656,0.2576219512195122
wrighmi01,2017,90.64868105515588,2174.6262376237623,486,0.28600823045267487
wrighmi01,2018,90.48846153846154,2154.874031007752,1693,0.245126993502658
wrighmi01,2019,90.82859618717504,2200.177700348432,728,0.25686813186813184
wrighmi01,2021,88.30861538461538,2131.7384615384617,365,0.20821917808219179
wrighst01,2017,73.75718015665797,1794.5686274509803,461,0.24511930585683298
wrighst01,2018,76.0629854368932,1845.6081081081081,824,0.2961165048543689
wrighst01,2019,74.80229007633586,1945.875,132,0.2727272727272727
wynnera01,2023,83.14318181818182,2062.818181818182,69,0.2898550724637681
wynnsau01,2021,59.64444444444444,1420.111111111111,9,0.2222222222222222
wynnsau01,2022,52.28846153846154,1298.36,26,0.11538461538461539
yacabji01,2017,92.40652818991099,2283.1795665634677,379,0.2532981530343008
yacabji01,2018,89.82496285289747,2285.692426584235,740,0.27297297297297296
yacabji01,2019,89.91350649350649,2322.917539267016,873,0.25773195876288657
yacabji01,2020,90.15,2160.984375,101,0.25742574257425743
yacabji01,2022,89.64103896103897,2410.948275862069,385,0.34805194805194806
yacabji01,2023,89.04632152588556,2368.4632152588556,370,0.3081081081081081
yajurmi01,2020,88.21451612903225,2277.0725806451615,151,0.25165562913907286
yajurmi01,2021,86.2178947368421,2269.2385964912282,301,0.2823920265780731
yajurmi01,2022,87.95838641188962,2228.3248407643314,479,0.24008350730688935
yamagsh01,2020,86.37544910179642,1821.516,588,0.24829931972789115
yamamjo01,2019,86.03081395348836,2417.7072104879826,1408,0.2549715909090909
yamamjo01,2020,83.96228956228954,2573.1160409556314,346,0.2630057803468208
yamamjo01,2021,85.53235294117648,2518.6444444444446,173,0.2543352601156069
yanghy01,2021,84.68966074313408,2090.681744749596,679,0.24005891016200295
yarbrry01,2018,85.15553235908142,2111.6757779646764,2510,0.2625498007968127
yarbrry01,2019,82.3773506252895,2147.636237256719,2193,0.2818057455540356
yarbrry01,2020,81.28664799253035,2090.1012183692596,1115,0.28161434977578476
yarbrry01,2021,79.59972044728435,2082.2380952380954,2589,0.2734646581691773
yarbrry01,2022,79.28231925554759,2017.6028776978417,1447,0.2619212163096061
yarbrry01,2023,80.8640083217753,1982.7282835302294,1478,0.2692828146143437
yardler01,2019,81.38904761904762,2274.1428571428573,267,0.30711610486891383
yardler01,2020,82.7802752293578,2271.439903846154,475,0.27157894736842103
yardler01,2021,83.4987951807229,2186.322188449848,395,0.23037974683544304
yateski01,2017,90.9477186311787,2185.7468958930276,1142,0.31523642732049034
yateski01,2018,91.14737363726464,1968.8137450199204,1113,0.29290206648697215
yateski01,2019,90.3614423076923,1924.0943214629451,1102,0.3221415607985481
yateski01,2020,90.66173913043478,1989.359649122807,139,0.37410071942446044
yateski01,2022,89.96496350364964,1832.5109489051094,137,0.27007299270072993
yateski01,2023,90.04737318840581,1888.0996376811595,1162,0.2857142857142857
ynoaga01,2017,89.9274074074074,2145.088679245283,621,0.26247987117552335
ynoaga01,2019,89.49955922865014,2104.7842253521126,1891,0.2459016393442623
ynoahu01,2019,93.4151515151515,2375.1875,76,0.23684210526315788
ynoahu01,2020,89.90604838709677,2183.9193548387098,531,0.2617702448210923
ynoahu01,2021,90.45003203074953,2260.391415759129,1696,0.30660377358490565
ynoahu01,2022,91.67197802197802,2135.021978021978,215,0.2372093023255814
youngal01,2019,85.7403261675315,2193.436050860135,1361,0.27920646583394565
youngal01,2020,86.43799784714746,2243.0086486486484,941,0.26567481402763016
youngal01,2021,86.77148288973385,2167.423076923077,1072,0.2593283582089552
youngal01,2022,86.01096774193547,2036.5639913232103,525,0.2876190476190476
youngal01,2023,86.63591790193843,2044.2324510932106,954,0.29559748427672955
youngch03,2017,83.94048780487805,2299.0130505709626,795,0.26163522012578616
youngda02,2022,82.29206349206349,2437.6428571428573,146,0.4178082191780822
youngda02,2023,82.41833333333334,2564.4777777777776,211,0.3175355450236967
zabalan01,2022,93.57611940298509,2069.6119402985073,84,0.23809523809523808
zagurmi01,2018,90.53999999999999,2254.175,75,0.29333333333333333
zamorda01,2018,80.66962025316455,2551.8227848101264,158,0.3227848101265823
zamorda01,2019,81.08092105263158,2554.1447368421054,239,0.30962343096234307
zamorda01,2021,80.59734513274336,2546.7522123893805,128,0.296875
zastrro01,2017,86.52793522267206,2174.241666666667,306,0.24183006535947713
zastrro01,2018,85.58558558558559,2284.990566037736,208,0.2692307692307692
zastrro01,2022,85.28452380952382,2230.2023809523807,95,0.28421052631578947
zastrro01,2023,87.16234309623431,2350.714285714286,483,0.2919254658385093
zavalse01,2023,60.00000000000001,1418.3333333333333,6,0.16666666666666666
zerpaan01,2021,90.74852941176471,2256.970588235294,84,0.21428571428571427
zerpaan01,2022,90.26100628930817,2128.2327044025155,186,0.20967741935483872
zerpaan01,2023,91.05233380480905,2023.4922206506365,707,0.2333804809052334
zeuchtj01,2019,87.07747524752476,2072.266169154229,404,0.24257425742574257
zeuchtj01,2020,88.60162162162163,2049.5459459459457,228,0.22807017543859648
zeuchtj01,2021,89.59527027027028,2101.334085778781,444,0.20945945945945946
zeuchtj01,2022,87.12720000000002,2041.988,250,0.228
zieglbr01,2017,79.46925287356322,1942.6062874251497,727,0.23796423658872076
zieglbr01,2018,81.74564198687911,1924.3805899143672,1100,0.25727272727272726
zimmebr02,2020,87.79626168224299,2303.457943925234,165,0.3393939393939394
zimmebr02,2021,87.57117794486217,2303.0571909167365,1245,0.27068273092369477
zimmebr02,2022,86.57626217891941,2243.1272241992883,1201,0.2514571190674438
zimmebr02,2023,85.77236842105265,2287.006600660066,331,0.30513595166163143
zimmejo02,2017,88.82021961378267,2352.737323675181,2755,0.24065335753176043
zimmejo02,2018,87.71658630665381,2306.3632352941177,2200,0.2736363636363636
zimmejo02,2019,86.9075026795284,2278.018660812294,1996,0.2635270541082164
zimmejo02,2020,86.90092592592592,2270.453703703704,176,0.23295454545454544
zimmejo02,2021,86.23798449612404,2262.7596899224804,163,0.18404907975460122
zimmeky01,2019,91.64044444444444,2193.180138568129,518,0.23166023166023167
zimmeky01,2020,87.56947368421054,2074.371052631579,423,0.28368794326241137
zimmeky01,2021,88.3264453961456,2155.6021505376343,1010,0.2524752475247525
zobribe01,2019,76.10526315789475,2039.4736842105262,19,0.05263157894736842
zuberty01,2020,88.45955056179776,2358.5215419501133,477,0.27882599580712786
zuberty01,2021,90.1086956521739,2324.5469061876247,538,0.25092936802973975
zuniggu01,2023,94.30000000000001,2456.4883720930234,43,0.23255813953488372
zychto01,2017,88.98824451410658,2232.6373626373625,649,0.29121725731895226
